[33m[vite:css][postcss] @import must precede all other statements (besides @charset or empty @layer)
29 |    src: url(../../../node_modules/.pnpm/@fontsource+geist-sans@5.2.5/node_modules/@fontsource/geist-sans/files/geist-s...
30 |  }
31 |  @import url("https://api.fontshare.com/v2/css?f[]=general-sans@400,500,600,700&display=swap");
   |  ^^^^^^^^^^^^^^^^^^^^^^^^^^^^^^^^^^^^^^^^^^^^^^^^^^^^^^^^^^^^^^^^^^^^^^^^^^^^^^^^^^^^^^^^^^^^^^
32 |  @layer theme, base, components, utilities;
33 |  @layer theme {[39m
[33m[vite:css][postcss] @import must precede all other statements (besides @charset or empty @layer)
29 |    src: url(../../../node_modules/.pnpm/@fontsource+geist-sans@5.2.5/node_modules/@fontsource/geist-sans/files/geist-s...
30 |  }
31 |  @import url("https://api.fontshare.com/v2/css?f[]=general-sans@400,500,600,700&display=swap");
   |  ^^^^^^^^^^^^^^^^^^^^^^^^^^^^^^^^^^^^^^^^^^^^^^^^^^^^^^^^^^^^^^^^^^^^^^^^^^^^^^^^^^^^^^^^^^^^^^
32 |  @layer theme, base, components, utilities;
33 |  @layer theme {[39m
[33m[vite:css][postcss] @import must precede all other statements (besides @charset or empty @layer)
29 |    src: url(../../../node_modules/.pnpm/@fontsource+geist-sans@5.2.5/node_modules/@fontsource/geist-sans/files/geist-s...
30 |  }
31 |  @import url("https://api.fontshare.com/v2/css?f[]=general-sans@400,500,600,700&display=swap");
   |  ^^^^^^^^^^^^^^^^^^^^^^^^^^^^^^^^^^^^^^^^^^^^^^^^^^^^^^^^^^^^^^^^^^^^^^^^^^^^^^^^^^^^^^^^^^^^^^
32 |  @layer theme, base, components, utilities;
33 |  @layer theme {[39m
[33m[vite:css][postcss] @import must precede all other statements (besides @charset or empty @layer)
29 |    src: url(../../../node_modules/.pnpm/@fontsource+geist-sans@5.2.5/node_modules/@fontsource/geist-sans/files/geist-s...
30 |  }
31 |  @import url("https://api.fontshare.com/v2/css?f[]=general-sans@400,500,600,700&display=swap");
   |  ^^^^^^^^^^^^^^^^^^^^^^^^^^^^^^^^^^^^^^^^^^^^^^^^^^^^^^^^^^^^^^^^^^^^^^^^^^^^^^^^^^^^^^^^^^^^^^
32 |  @layer theme, base, components, utilities;
33 |  @layer theme {[39m
[33m[vite:css][postcss] @import must precede all other statements (besides @charset or empty @layer)
29 |    src: url(../../../node_modules/.pnpm/@fontsource+geist-sans@5.2.5/node_modules/@fontsource/geist-sans/files/geist-s...
30 |  }
31 |  @import url("https://api.fontshare.com/v2/css?f[]=general-sans@400,500,600,700&display=swap");
   |  ^^^^^^^^^^^^^^^^^^^^^^^^^^^^^^^^^^^^^^^^^^^^^^^^^^^^^^^^^^^^^^^^^^^^^^^^^^^^^^^^^^^^^^^^^^^^^^
32 |  @layer theme, base, components, utilities;
33 |  @layer theme {[39m
[RUNTIME_ERROR]{"type":"runtime-error","timestamp":1779573271950,"name":"Error","message":"Cannot read properties of null (reading 'useContext')","stack":"\n\n\n\n\n\n\n\n\n"}
[RUNTIME_ERROR]{"type":"runtime-error","timestamp":1779573271956,"name":"Error","message":"Cannot read properties of null (reading 'useContext')","stack":"\n\n\n\n\n\n\n\n\n"}
[33m[vite:css][postcss] @import must precede all other statements (besides @charset or empty @layer)
29 |    src: url(../../../node_modules/.pnpm/@fontsource+geist-sans@5.2.5/node_modules/@fontsource/geist-sans/files/geist-s...
30 |  }
31 |  @import url("https://api.fontshare.com/v2/css?f[]=general-sans@400,500,600,700&display=swap");
   |  ^^^^^^^^^^^^^^^^^^^^^^^^^^^^^^^^^^^^^^^^^^^^^^^^^^^^^^^^^^^^^^^^^^^^^^^^^^^^^^^^^^^^^^^^^^^^^^
32 |  @layer theme, base, components, utilities;
33 |  @layer theme {[39m
[RUNTIME_ERROR]{"type":"runtime-error","timestamp":1779573273082,"name":"Error","message":"Cannot read properties of null (reading 'useContext')","stack":"\n\n\n\n\n\n\n\n\n"}
[RUNTIME_ERROR]{"type":"runtime-error","timestamp":1779573273089,"name":"Error","message":"Cannot read properties of null (reading 'useContext')","stack":"\n\n\n\n\n\n\n\n\n"}
[RUNTIME_ERROR]{"type":"runtime-error","timestamp":1779573273116,"name":"Error","message":"Cannot read properties of null (reading 'useContext')","stack":"\n\n\n\n\n\n\n\n\n"}
[RUNTIME_ERROR]{"type":"runtime-error","timestamp":1779573273126,"name":"Error","message":"Cannot read properties of null (reading 'useContext')","stack":"\n\n\n\n\n\n\n\n\n"}
[RUNTIME_ERROR]{"type":"runtime-error","timestamp":1779573273421,"name":"Error","message":"Cannot read properties of null (reading 'useContext')","stack":"\n\n\n\n\n\n\n\n\n"}
[RUNTIME_ERROR]{"type":"runtime-error","timestamp":1779573273430,"name":"Error","message":"Cannot read properties of null (reading 'useContext')","stack":"\n\n\n\n\n\n\n\n\n"}
[RUNTIME_ERROR]{"type":"runtime-error","timestamp":1779573273912,"name":"Error","message":"Cannot read properties of null (reading 'useContext')","stack":"\n\n\n\n\n\n\n\n\n"}
[RUNTIME_ERROR]{"type":"runtime-error","timestamp":1779573273913,"name":"Error","message":"Cannot read properties of null (reading 'useContext')","stack":"\n\n\n\n\n\n\n\n\n"}
[RUNTIME_ERROR]{"type":"runtime-error","timestamp":1779573274000,"name":"Error","message":"Cannot read properties of null (reading 'useContext')","stack":"\n\n\n\n\n\n\n\n\n"}
[RUNTIME_ERROR]{"type":"runtime-error","timestamp":1779573274002,"name":"Error","message":"Cannot read properties of null (reading 'useContext')","stack":"\n\n\n\n\n\n\n\n\n"}
[RUNTIME_ERROR]{"type":"runtime-error","timestamp":1779573274027,"name":"Error","message":"Cannot read properties of null (reading 'useContext')","stack":"\n\n\n\n\n\n\n\n\n"}
[RUNTIME_ERROR]{"type":"runtime-error","timestamp":1779573274032,"name":"Error","message":"Cannot read properties of null (reading 'useContext')","stack":"\n\n\n\n\n\n\n\n\n"}
[33m[vite:css][postcss] @import must precede all other statements (besides @charset or empty @layer)
29 |    src: url(../../../node_modules/.pnpm/@fontsource+geist-sans@5.2.5/node_modules/@fontsource/geist-sans/files/geist-s...
30 |  }
31 |  @import url("https://api.fontshare.com/v2/css?f[]=general-sans@400,500,600,700&display=swap");
   |  ^^^^^^^^^^^^^^^^^^^^^^^^^^^^^^^^^^^^^^^^^^^^^^^^^^^^^^^^^^^^^^^^^^^^^^^^^^^^^^^^^^^^^^^^^^^^^^
32 |  @layer theme, base, components, utilities;
33 |  @layer theme {[39m
[33m[vite:css][postcss] @import must precede all other statements (besides @charset or empty @layer)
29 |    src: url(../../../node_modules/.pnpm/@fontsource+geist-sans@5.2.5/node_modules/@fontsource/geist-sans/files/geist-s...
30 |  }
31 |  @import url("https://api.fontshare.com/v2/css?f[]=general-sans@400,500,600,700&display=swap");
   |  ^^^^^^^^^^^^^^^^^^^^^^^^^^^^^^^^^^^^^^^^^^^^^^^^^^^^^^^^^^^^^^^^^^^^^^^^^^^^^^^^^^^^^^^^^^^^^^
32 |  @layer theme, base, components, utilities;
33 |  @layer theme {[39m
[33m[vite:css][postcss] @import must precede all other statements (besides @charset or empty @layer)
29 |    src: url(../../../node_modules/.pnpm/@fontsource+geist-sans@5.2.5/node_modules/@fontsource/geist-sans/files/geist-s...
30 |  }
31 |  @import url("https://api.fontshare.com/v2/css?f[]=general-sans@400,500,600,700&display=swap");
   |  ^^^^^^^^^^^^^^^^^^^^^^^^^^^^^^^^^^^^^^^^^^^^^^^^^^^^^^^^^^^^^^^^^^^^^^^^^^^^^^^^^^^^^^^^^^^^^^
32 |  @layer theme, base, components, utilities;
33 |  @layer theme {[39m
[33m[vite:css][postcss] @import must precede all other statements (besides @charset or empty @layer)
29 |    src: url(../../../node_modules/.pnpm/@fontsource+geist-sans@5.2.5/node_modules/@fontsource/geist-sans/files/geist-s...
30 |  }
31 |  @import url("https://api.fontshare.com/v2/css?f[]=general-sans@400,500,600,700&display=swap");
   |  ^^^^^^^^^^^^^^^^^^^^^^^^^^^^^^^^^^^^^^^^^^^^^^^^^^^^^^^^^^^^^^^^^^^^^^^^^^^^^^^^^^^^^^^^^^^^^^
32 |  @layer theme, base, components, utilities;
33 |  @layer theme {[39m
[33m[vite:css][postcss] @import must precede all other statements (besides @charset or empty @layer)
29 |    src: url(../../../node_modules/.pnpm/@fontsource+geist-sans@5.2.5/node_modules/@fontsource/geist-sans/files/geist-s...
30 |  }
31 |  @import url("https://api.fontshare.com/v2/css?f[]=general-sans@400,500,600,700&display=swap");
   |  ^^^^^^^^^^^^^^^^^^^^^^^^^^^^^^^^^^^^^^^^^^^^^^^^^^^^^^^^^^^^^^^^^^^^^^^^^^^^^^^^^^^^^^^^^^^^^^
32 |  @layer theme, base, components, utilities;
33 |  @layer theme {[39m
[2m3:31:18 AM[22m [31m[1m[vite][22m[39m [31mInternal server error: C:\Users\user\Downloads\Problem-Statementzip (1)\artifacts\sketch-to-component\src\pages\index.tsx: Expected corresponding JSX closing tag for <div>. (55:14)

[0m [90m 53 |[31m                   [33mPower[31m [33m<[31m[33mspan[31m className[33m=[31m[32m"text-gradient-ai"[31m[33m>[31m[33mAI[31m[33m<[31m[33m/[31m[33mspan[31m[33m>[31m
 [90m 54 |[31m                 [33m<[31m[33m/[31m[33mspan[31m[33m>[31m
[31m[1m>[22m[31m[90m 55 |[31m               [33m<[31m[33m/[31m[33mCard[31m[33m>[31m
 [90m    |[31m               [31m[1m^[22m[31m
 [90m 56 |[31m             [33m<[31m[33m/[31m[33mLink[31m[33m>[31m
 [90m 57 |[31m
 [90m 58 |[31m             [33m<[31m[33mdiv[31m className[33m=[31m[32m"hidden items-center gap-8 lg:flex"[31m[33m>[31m[0m[39m
  Plugin: [35mvite:react-babel[39m
  File: [36mC:/Users/user/Downloads/Problem-Statementzip (1)/artifacts/sketch-to-component/src/pages/index.tsx[39m:55:14
[33m  53 |                    Power <span className="text-gradient-ai">AI</span>
  54 |                  </span>
  55 |                </Card>
     |                ^
  56 |              </Link>
  57 |  [39m
      at constructor (C:\Users\user\Downloads\Problem-Statementzip (1)\node_modules\.pnpm\@babel+parser@7.29.3\node_modules\@babel\parser\lib\index.js:365:19)
      at TypeScriptParserMixin.raise (C:\Users\user\Downloads\Problem-Statementzip (1)\node_modules\.pnpm\@babel+parser@7.29.3\node_modules\@babel\parser\lib\index.js:6616:19)
      at TypeScriptParserMixin.jsxParseElementAt (C:\Users\user\Downloads\Problem-Statementzip (1)\node_modules\.pnpm\@babel+parser@7.29.3\node_modules\@babel\parser\lib\index.js:4739:16)
      at TypeScriptParserMixin.jsxParseElementAt (C:\Users\user\Downloads\Problem-Statementzip (1)\node_modules\.pnpm\@babel+parser@7.29.3\node_modules\@babel\parser\lib\index.js:4710:32)
      at TypeScriptParserMixin.jsxParseElementAt (C:\Users\user\Downloads\Problem-Statementzip (1)\node_modules\.pnpm\@babel+parser@7.29.3\node_modules\@babel\parser\lib\index.js:4710:32)
      at TypeScriptParserMixin.jsxParseElementAt (C:\Users\user\Downloads\Problem-Statementzip (1)\node_modules\.pnpm\@babel+parser@7.29.3\node_modules\@babel\parser\lib\index.js:4710:32)
      at TypeScriptParserMixin.jsxParseElementAt (C:\Users\user\Downloads\Problem-Statementzip (1)\node_modules\.pnpm\@babel+parser@7.29.3\node_modules\@babel\parser\lib\index.js:4710:32)
      at TypeScriptParserMixin.jsxParseElementAt (C:\Users\user\Downloads\Problem-Statementzip (1)\node_modules\.pnpm\@babel+parser@7.29.3\node_modules\@babel\parser\lib\index.js:4710:32)
      at TypeScriptParserMixin.jsxParseElement (C:\Users\user\Downloads\Problem-Statementzip (1)\node_modules\.pnpm\@babel+parser@7.29.3\node_modules\@babel\parser\lib\index.js:4761:17)
      at TypeScriptParserMixin.parseExprAtom (C:\Users\user\Downloads\Problem-Statementzip (1)\node_modules\.pnpm\@babel+parser@7.29.3\node_modules\@babel\parser\lib\index.js:4771:19)
      at TypeScriptParserMixin.parseExprSubscripts (C:\Users\user\Downloads\Problem-Statementzip (1)\node_modules\.pnpm\@babel+parser@7.29.3\node_modules\@babel\parser\lib\index.js:11098:23)
      at TypeScriptParserMixin.parseUpdate (C:\Users\user\Downloads\Problem-Statementzip (1)\node_modules\.pnpm\@babel+parser@7.29.3\node_modules\@babel\parser\lib\index.js:11083:21)
      at TypeScriptParserMixin.parseMaybeUnary (C:\Users\user\Downloads\Problem-Statementzip (1)\node_modules\.pnpm\@babel+parser@7.29.3\node_modules\@babel\parser\lib\index.js:11063:23)
      at TypeScriptParserMixin.parseMaybeUnary (C:\Users\user\Downloads\Problem-Statementzip (1)\node_modules\.pnpm\@babel+parser@7.29.3\node_modules\@babel\parser\lib\index.js:9854:18)
      at TypeScriptParserMixin.parseMaybeUnaryOrPrivate (C:\Users\user\Downloads\Problem-Statementzip (1)\node_modules\.pnpm\@babel+parser@7.29.3\node_modules\@babel\parser\lib\index.js:10916:61)
      at TypeScriptParserMixin.parseExprOps (C:\Users\user\Downloads\Problem-Statementzip (1)\node_modules\.pnpm\@babel+parser@7.29.3\node_modules\@babel\parser\lib\index.js:10921:23)
      at TypeScriptParserMixin.parseMaybeConditional (C:\Users\user\Downloads\Problem-Statementzip (1)\node_modules\.pnpm\@babel+parser@7.29.3\node_modules\@babel\parser\lib\index.js:10898:23)
      at TypeScriptParserMixin.parseMaybeAssign (C:\Users\user\Downloads\Problem-Statementzip (1)\node_modules\.pnpm\@babel+parser@7.29.3\node_modules\@babel\parser\lib\index.js:10848:21)
      at C:\Users\user\Downloads\Problem-Statementzip (1)\node_modules\.pnpm\@babel+parser@7.29.3\node_modules\@babel\parser\lib\index.js:9792:39
      at TypeScriptParserMixin.tryParse (C:\Users\user\Downloads\Problem-Statementzip (1)\node_modules\.pnpm\@babel+parser@7.29.3\node_modules\@babel\parser\lib\index.js:6924:20)
      at TypeScriptParserMixin.parseMaybeAssign (C:\Users\user\Downloads\Problem-Statementzip (1)\node_modules\.pnpm\@babel+parser@7.29.3\node_modules\@babel\parser\lib\index.js:9792:18)
      at C:\Users\user\Downloads\Problem-Statementzip (1)\node_modules\.pnpm\@babel+parser@7.29.3\node_modules\@babel\parser\lib\index.js:10817:39
      at TypeScriptParserMixin.allowInAnd (C:\Users\user\Downloads\Problem-Statementzip (1)\node_modules\.pnpm\@babel+parser@7.29.3\node_modules\@babel\parser\lib\index.js:12443:12)
      at TypeScriptParserMixin.parseMaybeAssignAllowIn (C:\Users\user\Downloads\Problem-Statementzip (1)\node_modules\.pnpm\@babel+parser@7.29.3\node_modules\@babel\parser\lib\index.js:10817:17)
      at TypeScriptParserMixin.parseMaybeAssignAllowInOrVoidPattern (C:\Users\user\Downloads\Problem-Statementzip (1)\node_modules\.pnpm\@babel+parser@7.29.3\node_modules\@babel\parser\lib\index.js:12510:17)
      at TypeScriptParserMixin.parseParenAndDistinguishExpression (C:\Users\user\Downloads\Problem-Statementzip (1)\node_modules\.pnpm\@babel+parser@7.29.3\node_modules\@babel\parser\lib\index.js:11692:28)
      at TypeScriptParserMixin.parseExprAtom (C:\Users\user\Downloads\Problem-Statementzip (1)\node_modules\.pnpm\@babel+parser@7.29.3\node_modules\@babel\parser\lib\index.js:11348:23)
      at TypeScriptParserMixin.parseExprAtom (C:\Users\user\Downloads\Problem-Statementzip (1)\node_modules\.pnpm\@babel+parser@7.29.3\node_modules\@babel\parser\lib\index.js:4776:20)
      at TypeScriptParserMixin.parseExprSubscripts (C:\Users\user\Downloads\Problem-Statementzip (1)\node_modules\.pnpm\@babel+parser@7.29.3\node_modules\@babel\parser\lib\index.js:11098:23)
      at TypeScriptParserMixin.parseUpdate (C:\Users\user\Downloads\Problem-Statementzip (1)\node_modules\.pnpm\@babel+parser@7.29.3\node_modules\@babel\parser\lib\index.js:11083:21)
      at TypeScriptParserMixin.parseMaybeUnary (C:\Users\user\Downloads\Problem-Statementzip (1)\node_modules\.pnpm\@babel+parser@7.29.3\node_modules\@babel\parser\lib\index.js:11063:23)
      at TypeScriptParserMixin.parseMaybeUnary (C:\Users\user\Downloads\Problem-Statementzip (1)\node_modules\.pnpm\@babel+parser@7.29.3\node_modules\@babel\parser\lib\index.js:9854:18)
      at TypeScriptParserMixin.parseMaybeUnaryOrPrivate (C:\Users\user\Downloads\Problem-Statementzip (1)\node_modules\.pnpm\@babel+parser@7.29.3\node_modules\@babel\parser\lib\index.js:10916:61)
      at TypeScriptParserMixin.parseExprOps (C:\Users\user\Downloads\Problem-Statementzip (1)\node_modules\.pnpm\@babel+parser@7.29.3\node_modules\@babel\parser\lib\index.js:10921:23)
      at TypeScriptParserMixin.parseMaybeConditional (C:\Users\user\Downloads\Problem-Statementzip (1)\node_modules\.pnpm\@babel+parser@7.29.3\node_modules\@babel\parser\lib\index.js:10898:23)
      at TypeScriptParserMixin.parseMaybeAssign (C:\Users\user\Downloads\Problem-Statementzip (1)\node_modules\.pnpm\@babel+parser@7.29.3\node_modules\@babel\parser\lib\index.js:10848:21)
      at TypeScriptParserMixin.parseMaybeAssign (C:\Users\user\Downloads\Problem-Statementzip (1)\node_modules\.pnpm\@babel+parser@7.29.3\node_modules\@babel\parser\lib\index.js:9803:20)
      at TypeScriptParserMixin.parseExpressionBase (C:\Users\user\Downloads\Problem-Statementzip (1)\node_modules\.pnpm\@babel+parser@7.29.3\node_modules\@babel\parser\lib\index.js:10801:23)
      at C:\Users\user\Downloads\Problem-Statementzip (1)\node_modules\.pnpm\@babel+parser@7.29.3\node_modules\@babel\parser\lib\index.js:10797:39
      at TypeScriptParserMixin.allowInAnd (C:\Users\user\Downloads\Problem-Statementzip (1)\node_modules\.pnpm\@babel+parser@7.29.3\node_modules\@babel\parser\lib\index.js:12438:16)
      at TypeScriptParserMixin.parseExpression (C:\Users\user\Downloads\Problem-Statementzip (1)\node_modules\.pnpm\@babel+parser@7.29.3\node_modules\@babel\parser\lib\index.js:10797:17)
      at TypeScriptParserMixin.parseReturnStatement (C:\Users\user\Downloads\Problem-Statementzip (1)\node_modules\.pnpm\@babel+parser@7.29.3\node_modules\@babel\parser\lib\index.js:13159:28)
      at TypeScriptParserMixin.parseStatementContent (C:\Users\user\Downloads\Problem-Statementzip (1)\node_modules\.pnpm\@babel+parser@7.29.3\node_modules\@babel\parser\lib\index.js:12815:21)
      at TypeScriptParserMixin.parseStatementContent (C:\Users\user\Downloads\Problem-Statementzip (1)\node_modules\.pnpm\@babel+parser@7.29.3\node_modules\@babel\parser\lib\index.js:9525:18)
      at TypeScriptParserMixin.parseStatementLike (C:\Users\user\Downloads\Problem-Statementzip (1)\node_modules\.pnpm\@babel+parser@7.29.3\node_modules\@babel\parser\lib\index.js:12784:17)
      at TypeScriptParserMixin.parseStatementListItem (C:\Users\user\Downloads\Problem-Statementzip (1)\node_modules\.pnpm\@babel+parser@7.29.3\node_modules\@babel\parser\lib\index.js:12764:17)
      at TypeScriptParserMixin.parseBlockOrModuleBlockBody (C:\Users\user\Downloads\Problem-Statementzip (1)\node_modules\.pnpm\@babel+parser@7.29.3\node_modules\@babel\parser\lib\index.js:13333:61)
      at TypeScriptParserMixin.parseBlockBody (C:\Users\user\Downloads\Problem-Statementzip (1)\node_modules\.pnpm\@babel+parser@7.29.3\node_modules\@babel\parser\lib\index.js:13326:10)
      at TypeScriptParserMixin.parseBlock (C:\Users\user\Downloads\Problem-Statementzip (1)\node_modules\.pnpm\@babel+parser@7.29.3\node_modules\@babel\parser\lib\index.js:13314:10)
      at TypeScriptParserMixin.parseFunctionBody (C:\Users\user\Downloads\Problem-Statementzip (1)\node_modules\.pnpm\@babel+parser@7.29.3\node_modules\@babel\parser\lib\index.js:12117:24)
[2m3:31:18 AM[22m [31m[1m[vite][22m[39m [31mInternal server error: C:\Users\user\Downloads\Problem-Statementzip (1)\artifacts\sketch-to-component\src\pages\index.tsx: Expected corresponding JSX closing tag for <div>. (55:14)

[0m [90m 53 |[31m                   [33mPower[31m [33m<[31m[33mspan[31m className[33m=[31m[32m"text-gradient-ai"[31m[33m>[31m[33mAI[31m[33m<[31m[33m/[31m[33mspan[31m[33m>[31m
 [90m 54 |[31m                 [33m<[31m[33m/[31m[33mspan[31m[33m>[31m
[31m[1m>[22m[31m[90m 55 |[31m               [33m<[31m[33m/[31m[33mCard[31m[33m>[31m
 [90m    |[31m               [31m[1m^[22m[31m
 [90m 56 |[31m             [33m<[31m[33m/[31m[33mLink[31m[33m>[31m
 [90m 57 |[31m
 [90m 58 |[31m             [33m<[31m[33mdiv[31m className[33m=[31m[32m"hidden items-center gap-8 lg:flex"[31m[33m>[31m[0m[39m
  Plugin: [35mvite:react-babel[39m
  File: [36mC:/Users/user/Downloads/Problem-Statementzip (1)/artifacts/sketch-to-component/src/pages/index.tsx[39m:55:14
[33m  53 |                    Power <span className="text-gradient-ai">AI</span>
  54 |                  </span>
  55 |                </Card>
     |                ^
  56 |              </Link>
  57 |  [39m
      at constructor (C:\Users\user\Downloads\Problem-Statementzip (1)\node_modules\.pnpm\@babel+parser@7.29.3\node_modules\@babel\parser\lib\index.js:365:19)
      at TypeScriptParserMixin.raise (C:\Users\user\Downloads\Problem-Statementzip (1)\node_modules\.pnpm\@babel+parser@7.29.3\node_modules\@babel\parser\lib\index.js:6616:19)
      at TypeScriptParserMixin.jsxParseElementAt (C:\Users\user\Downloads\Problem-Statementzip (1)\node_modules\.pnpm\@babel+parser@7.29.3\node_modules\@babel\parser\lib\index.js:4739:16)
      at TypeScriptParserMixin.jsxParseElementAt (C:\Users\user\Downloads\Problem-Statementzip (1)\node_modules\.pnpm\@babel+parser@7.29.3\node_modules\@babel\parser\lib\index.js:4710:32)
      at TypeScriptParserMixin.jsxParseElementAt (C:\Users\user\Downloads\Problem-Statementzip (1)\node_modules\.pnpm\@babel+parser@7.29.3\node_modules\@babel\parser\lib\index.js:4710:32)
      at TypeScriptParserMixin.jsxParseElementAt (C:\Users\user\Downloads\Problem-Statementzip (1)\node_modules\.pnpm\@babel+parser@7.29.3\node_modules\@babel\parser\lib\index.js:4710:32)
      at TypeScriptParserMixin.jsxParseElementAt (C:\Users\user\Downloads\Problem-Statementzip (1)\node_modules\.pnpm\@babel+parser@7.29.3\node_modules\@babel\parser\lib\index.js:4710:32)
      at TypeScriptParserMixin.jsxParseElementAt (C:\Users\user\Downloads\Problem-Statementzip (1)\node_modules\.pnpm\@babel+parser@7.29.3\node_modules\@babel\parser\lib\index.js:4710:32)
      at TypeScriptParserMixin.jsxParseElement (C:\Users\user\Downloads\Problem-Statementzip (1)\node_modules\.pnpm\@babel+parser@7.29.3\node_modules\@babel\parser\lib\index.js:4761:17)
      at TypeScriptParserMixin.parseExprAtom (C:\Users\user\Downloads\Problem-Statementzip (1)\node_modules\.pnpm\@babel+parser@7.29.3\node_modules\@babel\parser\lib\index.js:4771:19)
      at TypeScriptParserMixin.parseExprSubscripts (C:\Users\user\Downloads\Problem-Statementzip (1)\node_modules\.pnpm\@babel+parser@7.29.3\node_modules\@babel\parser\lib\index.js:11098:23)
      at TypeScriptParserMixin.parseUpdate (C:\Users\user\Downloads\Problem-Statementzip (1)\node_modules\.pnpm\@babel+parser@7.29.3\node_modules\@babel\parser\lib\index.js:11083:21)
      at TypeScriptParserMixin.parseMaybeUnary (C:\Users\user\Downloads\Problem-Statementzip (1)\node_modules\.pnpm\@babel+parser@7.29.3\node_modules\@babel\parser\lib\index.js:11063:23)
      at TypeScriptParserMixin.parseMaybeUnary (C:\Users\user\Downloads\Problem-Statementzip (1)\node_modules\.pnpm\@babel+parser@7.29.3\node_modules\@babel\parser\lib\index.js:9854:18)
      at TypeScriptParserMixin.parseMaybeUnaryOrPrivate (C:\Users\user\Downloads\Problem-Statementzip (1)\node_modules\.pnpm\@babel+parser@7.29.3\node_modules\@babel\parser\lib\index.js:10916:61)
      at TypeScriptParserMixin.parseExprOps (C:\Users\user\Downloads\Problem-Statementzip (1)\node_modules\.pnpm\@babel+parser@7.29.3\node_modules\@babel\parser\lib\index.js:10921:23)
      at TypeScriptParserMixin.parseMaybeConditional (C:\Users\user\Downloads\Problem-Statementzip (1)\node_modules\.pnpm\@babel+parser@7.29.3\node_modules\@babel\parser\lib\index.js:10898:23)
      at TypeScriptParserMixin.parseMaybeAssign (C:\Users\user\Downloads\Problem-Statementzip (1)\node_modules\.pnpm\@babel+parser@7.29.3\node_modules\@babel\parser\lib\index.js:10848:21)
      at C:\Users\user\Downloads\Problem-Statementzip (1)\node_modules\.pnpm\@babel+parser@7.29.3\node_modules\@babel\parser\lib\index.js:9792:39
      at TypeScriptParserMixin.tryParse (C:\Users\user\Downloads\Problem-Statementzip (1)\node_modules\.pnpm\@babel+parser@7.29.3\node_modules\@babel\parser\lib\index.js:6924:20)
      at TypeScriptParserMixin.parseMaybeAssign (C:\Users\user\Downloads\Problem-Statementzip (1)\node_modules\.pnpm\@babel+parser@7.29.3\node_modules\@babel\parser\lib\index.js:9792:18)
      at C:\Users\user\Downloads\Problem-Statementzip (1)\node_modules\.pnpm\@babel+parser@7.29.3\node_modules\@babel\parser\lib\index.js:10817:39
      at TypeScriptParserMixin.allowInAnd (C:\Users\user\Downloads\Problem-Statementzip (1)\node_modules\.pnpm\@babel+parser@7.29.3\node_modules\@babel\parser\lib\index.js:12443:12)
      at TypeScriptParserMixin.parseMaybeAssignAllowIn (C:\Users\user\Downloads\Problem-Statementzip (1)\node_modules\.pnpm\@babel+parser@7.29.3\node_modules\@babel\parser\lib\index.js:10817:17)
      at TypeScriptParserMixin.parseMaybeAssignAllowInOrVoidPattern (C:\Users\user\Downloads\Problem-Statementzip (1)\node_modules\.pnpm\@babel+parser@7.29.3\node_modules\@babel\parser\lib\index.js:12510:17)
      at TypeScriptParserMixin.parseParenAndDistinguishExpression (C:\Users\user\Downloads\Problem-Statementzip (1)\node_modules\.pnpm\@babel+parser@7.29.3\node_modules\@babel\parser\lib\index.js:11692:28)
      at TypeScriptParserMixin.parseExprAtom (C:\Users\user\Downloads\Problem-Statementzip (1)\node_modules\.pnpm\@babel+parser@7.29.3\node_modules\@babel\parser\lib\index.js:11348:23)
      at TypeScriptParserMixin.parseExprAtom (C:\Users\user\Downloads\Problem-Statementzip (1)\node_modules\.pnpm\@babel+parser@7.29.3\node_modules\@babel\parser\lib\index.js:4776:20)
      at TypeScriptParserMixin.parseExprSubscripts (C:\Users\user\Downloads\Problem-Statementzip (1)\node_modules\.pnpm\@babel+parser@7.29.3\node_modules\@babel\parser\lib\index.js:11098:23)
      at TypeScriptParserMixin.parseUpdate (C:\Users\user\Downloads\Problem-Statementzip (1)\node_modules\.pnpm\@babel+parser@7.29.3\node_modules\@babel\parser\lib\index.js:11083:21)
      at TypeScriptParserMixin.parseMaybeUnary (C:\Users\user\Downloads\Problem-Statementzip (1)\node_modules\.pnpm\@babel+parser@7.29.3\node_modules\@babel\parser\lib\index.js:11063:23)
      at TypeScriptParserMixin.parseMaybeUnary (C:\Users\user\Downloads\Problem-Statementzip (1)\node_modules\.pnpm\@babel+parser@7.29.3\node_modules\@babel\parser\lib\index.js:9854:18)
      at TypeScriptParserMixin.parseMaybeUnaryOrPrivate (C:\Users\user\Downloads\Problem-Statementzip (1)\node_modules\.pnpm\@babel+parser@7.29.3\node_modules\@babel\parser\lib\index.js:10916:61)
      at TypeScriptParserMixin.parseExprOps (C:\Users\user\Downloads\Problem-Statementzip (1)\node_modules\.pnpm\@babel+parser@7.29.3\node_modules\@babel\parser\lib\index.js:10921:23)
      at TypeScriptParserMixin.parseMaybeConditional (C:\Users\user\Downloads\Problem-Statementzip (1)\node_modules\.pnpm\@babel+parser@7.29.3\node_modules\@babel\parser\lib\index.js:10898:23)
      at TypeScriptParserMixin.parseMaybeAssign (C:\Users\user\Downloads\Problem-Statementzip (1)\node_modules\.pnpm\@babel+parser@7.29.3\node_modules\@babel\parser\lib\index.js:10848:21)
      at TypeScriptParserMixin.parseMaybeAssign (C:\Users\user\Downloads\Problem-Statementzip (1)\node_modules\.pnpm\@babel+parser@7.29.3\node_modules\@babel\parser\lib\index.js:9803:20)
      at TypeScriptParserMixin.parseExpressionBase (C:\Users\user\Downloads\Problem-Statementzip (1)\node_modules\.pnpm\@babel+parser@7.29.3\node_modules\@babel\parser\lib\index.js:10801:23)
      at C:\Users\user\Downloads\Problem-Statementzip (1)\node_modules\.pnpm\@babel+parser@7.29.3\node_modules\@babel\parser\lib\index.js:10797:39
      at TypeScriptParserMixin.allowInAnd (C:\Users\user\Downloads\Problem-Statementzip (1)\node_modules\.pnpm\@babel+parser@7.29.3\node_modules\@babel\parser\lib\index.js:12438:16)
      at TypeScriptParserMixin.parseExpression (C:\Users\user\Downloads\Problem-Statementzip (1)\node_modules\.pnpm\@babel+parser@7.29.3\node_modules\@babel\parser\lib\index.js:10797:17)
      at TypeScriptParserMixin.parseReturnStatement (C:\Users\user\Downloads\Problem-Statementzip (1)\node_modules\.pnpm\@babel+parser@7.29.3\node_modules\@babel\parser\lib\index.js:13159:28)
      at TypeScriptParserMixin.parseStatementContent (C:\Users\user\Downloads\Problem-Statementzip (1)\node_modules\.pnpm\@babel+parser@7.29.3\node_modules\@babel\parser\lib\index.js:12815:21)
      at TypeScriptParserMixin.parseStatementContent (C:\Users\user\Downloads\Problem-Statementzip (1)\node_modules\.pnpm\@babel+parser@7.29.3\node_modules\@babel\parser\lib\index.js:9525:18)
      at TypeScriptParserMixin.parseStatementLike (C:\Users\user\Downloads\Problem-Statementzip (1)\node_modules\.pnpm\@babel+parser@7.29.3\node_modules\@babel\parser\lib\index.js:12784:17)
      at TypeScriptParserMixin.parseStatementListItem (C:\Users\user\Downloads\Problem-Statementzip (1)\node_modules\.pnpm\@babel+parser@7.29.3\node_modules\@babel\parser\lib\index.js:12764:17)
      at TypeScriptParserMixin.parseBlockOrModuleBlockBody (C:\Users\user\Downloads\Problem-Statementzip (1)\node_modules\.pnpm\@babel+parser@7.29.3\node_modules\@babel\parser\lib\index.js:13333:61)
      at TypeScriptParserMixin.parseBlockBody (C:\Users\user\Downloads\Problem-Statementzip (1)\node_modules\.pnpm\@babel+parser@7.29.3\node_modules\@babel\parser\lib\index.js:13326:10)
      at TypeScriptParserMixin.parseBlock (C:\Users\user\Downloads\Problem-Statementzip (1)\node_modules\.pnpm\@babel+parser@7.29.3\node_modules\@babel\parser\lib\index.js:13314:10)
      at TypeScriptParserMixin.parseFunctionBody (C:\Users\user\Downloads\Problem-Statementzip (1)\node_modules\.pnpm\@babel+parser@7.29.3\node_modules\@babel\parser\lib\index.js:12117:24)
[2m3:31:45 AM[22m [31m[1m[vite][22m[39m [31mInternal server error: C:\Users\user\Downloads\Problem-Statementzip (1)\artifacts\sketch-to-component\src\pages\index.tsx: Expected corresponding JSX closing tag for <div>. (25:6)

[0m [90m 23 |[31m       [33m<[31m[33mdiv[31m className[33m=[31m[32m"liquid-glass flex h-6 w-6 items-center justify-center rounded-lg text-xs font-semibold text-foreground"[31m[33m>[31m
 [90m 24 |[31m         {name[[35m0[31m]}
[31m[1m>[22m[31m[90m 25 |[31m       [33m<[31m[33m/[31m[33mmotion[31m[33m.[31mdiv[33m>[31m
 [90m    |[31m       [31m[1m^[22m[31m
 [90m 26 |[31m       [33m<[31m[33mspan[31m className[33m=[31m[32m"text-base font-semibold text-foreground"[31m[33m>[31m{name}[33m<[31m[33m/[31m[33mspan[31m[33m>[31m
 [90m 27 |[31m     [33m<[31m[33m/[31m[33mmotion[31m[33m.[31mdiv[33m>[31m
 [90m 28 |[31m   )[33m;[31m[0m[39m
  Plugin: [35mvite:react-babel[39m
  File: [36mC:/Users/user/Downloads/Problem-Statementzip (1)/artifacts/sketch-to-component/src/pages/index.tsx[39m:25:6
[33m  23 |        <div className="liquid-glass flex h-6 w-6 items-center justify-center rounded-lg text-xs font-semibold text-for...
  24 |          {name[0]}
  25 |        </motion.div>
     |        ^
  26 |        <span className="text-base font-semibold text-foreground">{name}</span>
  27 |      </motion.div>[39m
      at constructor (C:\Users\user\Downloads\Problem-Statementzip (1)\node_modules\.pnpm\@babel+parser@7.29.3\node_modules\@babel\parser\lib\index.js:365:19)
      at TypeScriptParserMixin.raise (C:\Users\user\Downloads\Problem-Statementzip (1)\node_modules\.pnpm\@babel+parser@7.29.3\node_modules\@babel\parser\lib\index.js:6616:19)
      at TypeScriptParserMixin.jsxParseElementAt (C:\Users\user\Downloads\Problem-Statementzip (1)\node_modules\.pnpm\@babel+parser@7.29.3\node_modules\@babel\parser\lib\index.js:4739:16)
      at TypeScriptParserMixin.jsxParseElementAt (C:\Users\user\Downloads\Problem-Statementzip (1)\node_modules\.pnpm\@babel+parser@7.29.3\node_modules\@babel\parser\lib\index.js:4710:32)
      at TypeScriptParserMixin.jsxParseElement (C:\Users\user\Downloads\Problem-Statementzip (1)\node_modules\.pnpm\@babel+parser@7.29.3\node_modules\@babel\parser\lib\index.js:4761:17)
      at TypeScriptParserMixin.parseExprAtom (C:\Users\user\Downloads\Problem-Statementzip (1)\node_modules\.pnpm\@babel+parser@7.29.3\node_modules\@babel\parser\lib\index.js:4771:19)
      at TypeScriptParserMixin.parseExprSubscripts (C:\Users\user\Downloads\Problem-Statementzip (1)\node_modules\.pnpm\@babel+parser@7.29.3\node_modules\@babel\parser\lib\index.js:11098:23)
      at TypeScriptParserMixin.parseUpdate (C:\Users\user\Downloads\Problem-Statementzip (1)\node_modules\.pnpm\@babel+parser@7.29.3\node_modules\@babel\parser\lib\index.js:11083:21)
      at TypeScriptParserMixin.parseMaybeUnary (C:\Users\user\Downloads\Problem-Statementzip (1)\node_modules\.pnpm\@babel+parser@7.29.3\node_modules\@babel\parser\lib\index.js:11063:23)
      at TypeScriptParserMixin.parseMaybeUnary (C:\Users\user\Downloads\Problem-Statementzip (1)\node_modules\.pnpm\@babel+parser@7.29.3\node_modules\@babel\parser\lib\index.js:9854:18)
      at TypeScriptParserMixin.parseMaybeUnaryOrPrivate (C:\Users\user\Downloads\Problem-Statementzip (1)\node_modules\.pnpm\@babel+parser@7.29.3\node_modules\@babel\parser\lib\index.js:10916:61)
      at TypeScriptParserMixin.parseExprOps (C:\Users\user\Downloads\Problem-Statementzip (1)\node_modules\.pnpm\@babel+parser@7.29.3\node_modules\@babel\parser\lib\index.js:10921:23)
      at TypeScriptParserMixin.parseMaybeConditional (C:\Users\user\Downloads\Problem-Statementzip (1)\node_modules\.pnpm\@babel+parser@7.29.3\node_modules\@babel\parser\lib\index.js:10898:23)
      at TypeScriptParserMixin.parseMaybeAssign (C:\Users\user\Downloads\Problem-Statementzip (1)\node_modules\.pnpm\@babel+parser@7.29.3\node_modules\@babel\parser\lib\index.js:10848:21)
      at C:\Users\user\Downloads\Problem-Statementzip (1)\node_modules\.pnpm\@babel+parser@7.29.3\node_modules\@babel\parser\lib\index.js:9792:39
      at TypeScriptParserMixin.tryParse (C:\Users\user\Downloads\Problem-Statementzip (1)\node_modules\.pnpm\@babel+parser@7.29.3\node_modules\@babel\parser\lib\index.js:6924:20)
      at TypeScriptParserMixin.parseMaybeAssign (C:\Users\user\Downloads\Problem-Statementzip (1)\node_modules\.pnpm\@babel+parser@7.29.3\node_modules\@babel\parser\lib\index.js:9792:18)
      at C:\Users\user\Downloads\Problem-Statementzip (1)\node_modules\.pnpm\@babel+parser@7.29.3\node_modules\@babel\parser\lib\index.js:10817:39
      at TypeScriptParserMixin.allowInAnd (C:\Users\user\Downloads\Problem-Statementzip (1)\node_modules\.pnpm\@babel+parser@7.29.3\node_modules\@babel\parser\lib\index.js:12443:12)
      at TypeScriptParserMixin.parseMaybeAssignAllowIn (C:\Users\user\Downloads\Problem-Statementzip (1)\node_modules\.pnpm\@babel+parser@7.29.3\node_modules\@babel\parser\lib\index.js:10817:17)
      at TypeScriptParserMixin.parseMaybeAssignAllowInOrVoidPattern (C:\Users\user\Downloads\Problem-Statementzip (1)\node_modules\.pnpm\@babel+parser@7.29.3\node_modules\@babel\parser\lib\index.js:12510:17)
      at TypeScriptParserMixin.parseParenAndDistinguishExpression (C:\Users\user\Downloads\Problem-Statementzip (1)\node_modules\.pnpm\@babel+parser@7.29.3\node_modules\@babel\parser\lib\index.js:11692:28)
      at TypeScriptParserMixin.parseExprAtom (C:\Users\user\Downloads\Problem-Statementzip (1)\node_modules\.pnpm\@babel+parser@7.29.3\node_modules\@babel\parser\lib\index.js:11348:23)
      at TypeScriptParserMixin.parseExprAtom (C:\Users\user\Downloads\Problem-Statementzip (1)\node_modules\.pnpm\@babel+parser@7.29.3\node_modules\@babel\parser\lib\index.js:4776:20)
      at TypeScriptParserMixin.parseExprSubscripts (C:\Users\user\Downloads\Problem-Statementzip (1)\node_modules\.pnpm\@babel+parser@7.29.3\node_modules\@babel\parser\lib\index.js:11098:23)
      at TypeScriptParserMixin.parseUpdate (C:\Users\user\Downloads\Problem-Statementzip (1)\node_modules\.pnpm\@babel+parser@7.29.3\node_modules\@babel\parser\lib\index.js:11083:21)
      at TypeScriptParserMixin.parseMaybeUnary (C:\Users\user\Downloads\Problem-Statementzip (1)\node_modules\.pnpm\@babel+parser@7.29.3\node_modules\@babel\parser\lib\index.js:11063:23)
      at TypeScriptParserMixin.parseMaybeUnary (C:\Users\user\Downloads\Problem-Statementzip (1)\node_modules\.pnpm\@babel+parser@7.29.3\node_modules\@babel\parser\lib\index.js:9854:18)
      at TypeScriptParserMixin.parseMaybeUnaryOrPrivate (C:\Users\user\Downloads\Problem-Statementzip (1)\node_modules\.pnpm\@babel+parser@7.29.3\node_modules\@babel\parser\lib\index.js:10916:61)
      at TypeScriptParserMixin.parseExprOps (C:\Users\user\Downloads\Problem-Statementzip (1)\node_modules\.pnpm\@babel+parser@7.29.3\node_modules\@babel\parser\lib\index.js:10921:23)
      at TypeScriptParserMixin.parseMaybeConditional (C:\Users\user\Downloads\Problem-Statementzip (1)\node_modules\.pnpm\@babel+parser@7.29.3\node_modules\@babel\parser\lib\index.js:10898:23)
      at TypeScriptParserMixin.parseMaybeAssign (C:\Users\user\Downloads\Problem-Statementzip (1)\node_modules\.pnpm\@babel+parser@7.29.3\node_modules\@babel\parser\lib\index.js:10848:21)
      at TypeScriptParserMixin.parseMaybeAssign (C:\Users\user\Downloads\Problem-Statementzip (1)\node_modules\.pnpm\@babel+parser@7.29.3\node_modules\@babel\parser\lib\index.js:9803:20)
      at TypeScriptParserMixin.parseExpressionBase (C:\Users\user\Downloads\Problem-Statementzip (1)\node_modules\.pnpm\@babel+parser@7.29.3\node_modules\@babel\parser\lib\index.js:10801:23)
      at C:\Users\user\Downloads\Problem-Statementzip (1)\node_modules\.pnpm\@babel+parser@7.29.3\node_modules\@babel\parser\lib\index.js:10797:39
      at TypeScriptParserMixin.allowInAnd (C:\Users\user\Downloads\Problem-Statementzip (1)\node_modules\.pnpm\@babel+parser@7.29.3\node_modules\@babel\parser\lib\index.js:12438:16)
      at TypeScriptParserMixin.parseExpression (C:\Users\user\Downloads\Problem-Statementzip (1)\node_modules\.pnpm\@babel+parser@7.29.3\node_modules\@babel\parser\lib\index.js:10797:17)
      at TypeScriptParserMixin.parseReturnStatement (C:\Users\user\Downloads\Problem-Statementzip (1)\node_modules\.pnpm\@babel+parser@7.29.3\node_modules\@babel\parser\lib\index.js:13159:28)
      at TypeScriptParserMixin.parseStatementContent (C:\Users\user\Downloads\Problem-Statementzip (1)\node_modules\.pnpm\@babel+parser@7.29.3\node_modules\@babel\parser\lib\index.js:12815:21)
      at TypeScriptParserMixin.parseStatementContent (C:\Users\user\Downloads\Problem-Statementzip (1)\node_modules\.pnpm\@babel+parser@7.29.3\node_modules\@babel\parser\lib\index.js:9525:18)
      at TypeScriptParserMixin.parseStatementLike (C:\Users\user\Downloads\Problem-Statementzip (1)\node_modules\.pnpm\@babel+parser@7.29.3\node_modules\@babel\parser\lib\index.js:12784:17)
      at TypeScriptParserMixin.parseStatementListItem (C:\Users\user\Downloads\Problem-Statementzip (1)\node_modules\.pnpm\@babel+parser@7.29.3\node_modules\@babel\parser\lib\index.js:12764:17)
      at TypeScriptParserMixin.parseBlockOrModuleBlockBody (C:\Users\user\Downloads\Problem-Statementzip (1)\node_modules\.pnpm\@babel+parser@7.29.3\node_modules\@babel\parser\lib\index.js:13333:61)
      at TypeScriptParserMixin.parseBlockBody (C:\Users\user\Downloads\Problem-Statementzip (1)\node_modules\.pnpm\@babel+parser@7.29.3\node_modules\@babel\parser\lib\index.js:13326:10)
      at TypeScriptParserMixin.parseBlock (C:\Users\user\Downloads\Problem-Statementzip (1)\node_modules\.pnpm\@babel+parser@7.29.3\node_modules\@babel\parser\lib\index.js:13314:10)
      at TypeScriptParserMixin.parseFunctionBody (C:\Users\user\Downloads\Problem-Statementzip (1)\node_modules\.pnpm\@babel+parser@7.29.3\node_modules\@babel\parser\lib\index.js:12117:24)
      at TypeScriptParserMixin.parseFunctionBodyAndFinish (C:\Users\user\Downloads\Problem-Statementzip (1)\node_modules\.pnpm\@babel+parser@7.29.3\node_modules\@babel\parser\lib\index.js:12103:10)
      at TypeScriptParserMixin.parseFunctionBodyAndFinish (C:\Users\user\Downloads\Problem-Statementzip (1)\node_modules\.pnpm\@babel+parser@7.29.3\node_modules\@babel\parser\lib\index.js:9189:18)
      at C:\Users\user\Downloads\Problem-Statementzip (1)\node_modules\.pnpm\@babel+parser@7.29.3\node_modules\@babel\parser\lib\index.js:13462:12
      at TypeScriptParserMixin.withSmartMixTopicForbiddingContext (C:\Users\user\Downloads\Problem-Statementzip (1)\node_modules\.pnpm\@babel+parser@7.29.3\node_modules\@babel\parser\lib\index.js:12420:14)
[33m[vite:css][postcss] @import must precede all other statements (besides @charset or empty @layer)
29 |    src: url(../../../node_modules/.pnpm/@fontsource+geist-sans@5.2.5/node_modules/@fontsource/geist-sans/files/geist-s...
30 |  }
31 |  @import url("https://api.fontshare.com/v2/css?f[]=general-sans@400,500,600,700&display=swap");
   |  ^^^^^^^^^^^^^^^^^^^^^^^^^^^^^^^^^^^^^^^^^^^^^^^^^^^^^^^^^^^^^^^^^^^^^^^^^^^^^^^^^^^^^^^^^^^^^^
32 |  @layer theme, base, components, utilities;
33 |  @layer theme {[39m
[2m3:31:45 AM[22m [31m[1m[vite][22m[39m [31mInternal server error: C:\Users\user\Downloads\Problem-Statementzip (1)\artifacts\sketch-to-component\src\pages\index.tsx: Expected corresponding JSX closing tag for <div>. (25:6)

[0m [90m 23 |[31m       [33m<[31m[33mdiv[31m className[33m=[31m[32m"liquid-glass flex h-6 w-6 items-center justify-center rounded-lg text-xs font-semibold text-foreground"[31m[33m>[31m
 [90m 24 |[31m         {name[[35m0[31m]}
[31m[1m>[22m[31m[90m 25 |[31m       [33m<[31m[33m/[31m[33mmotion[31m[33m.[31mdiv[33m>[31m
 [90m    |[31m       [31m[1m^[22m[31m
 [90m 26 |[31m       [33m<[31m[33mspan[31m className[33m=[31m[32m"text-base font-semibold text-foreground"[31m[33m>[31m{name}[33m<[31m[33m/[31m[33mspan[31m[33m>[31m
 [90m 27 |[31m     [33m<[31m[33m/[31m[33mmotion[31m[33m.[31mdiv[33m>[31m
 [90m 28 |[31m   )[33m;[31m[0m[39m
  Plugin: [35mvite:react-babel[39m
  File: [36mC:/Users/user/Downloads/Problem-Statementzip (1)/artifacts/sketch-to-component/src/pages/index.tsx[39m:25:6
[33m  23 |        <div className="liquid-glass flex h-6 w-6 items-center justify-center rounded-lg text-xs font-semibold text-for...
  24 |          {name[0]}
  25 |        </motion.div>
     |        ^
  26 |        <span className="text-base font-semibold text-foreground">{name}</span>
  27 |      </motion.div>[39m
      at constructor (C:\Users\user\Downloads\Problem-Statementzip (1)\node_modules\.pnpm\@babel+parser@7.29.3\node_modules\@babel\parser\lib\index.js:365:19)
      at TypeScriptParserMixin.raise (C:\Users\user\Downloads\Problem-Statementzip (1)\node_modules\.pnpm\@babel+parser@7.29.3\node_modules\@babel\parser\lib\index.js:6616:19)
      at TypeScriptParserMixin.jsxParseElementAt (C:\Users\user\Downloads\Problem-Statementzip (1)\node_modules\.pnpm\@babel+parser@7.29.3\node_modules\@babel\parser\lib\index.js:4739:16)
      at TypeScriptParserMixin.jsxParseElementAt (C:\Users\user\Downloads\Problem-Statementzip (1)\node_modules\.pnpm\@babel+parser@7.29.3\node_modules\@babel\parser\lib\index.js:4710:32)
      at TypeScriptParserMixin.jsxParseElement (C:\Users\user\Downloads\Problem-Statementzip (1)\node_modules\.pnpm\@babel+parser@7.29.3\node_modules\@babel\parser\lib\index.js:4761:17)
      at TypeScriptParserMixin.parseExprAtom (C:\Users\user\Downloads\Problem-Statementzip (1)\node_modules\.pnpm\@babel+parser@7.29.3\node_modules\@babel\parser\lib\index.js:4771:19)
      at TypeScriptParserMixin.parseExprSubscripts (C:\Users\user\Downloads\Problem-Statementzip (1)\node_modules\.pnpm\@babel+parser@7.29.3\node_modules\@babel\parser\lib\index.js:11098:23)
      at TypeScriptParserMixin.parseUpdate (C:\Users\user\Downloads\Problem-Statementzip (1)\node_modules\.pnpm\@babel+parser@7.29.3\node_modules\@babel\parser\lib\index.js:11083:21)
      at TypeScriptParserMixin.parseMaybeUnary (C:\Users\user\Downloads\Problem-Statementzip (1)\node_modules\.pnpm\@babel+parser@7.29.3\node_modules\@babel\parser\lib\index.js:11063:23)
      at TypeScriptParserMixin.parseMaybeUnary (C:\Users\user\Downloads\Problem-Statementzip (1)\node_modules\.pnpm\@babel+parser@7.29.3\node_modules\@babel\parser\lib\index.js:9854:18)
      at TypeScriptParserMixin.parseMaybeUnaryOrPrivate (C:\Users\user\Downloads\Problem-Statementzip (1)\node_modules\.pnpm\@babel+parser@7.29.3\node_modules\@babel\parser\lib\index.js:10916:61)
      at TypeScriptParserMixin.parseExprOps (C:\Users\user\Downloads\Problem-Statementzip (1)\node_modules\.pnpm\@babel+parser@7.29.3\node_modules\@babel\parser\lib\index.js:10921:23)
      at TypeScriptParserMixin.parseMaybeConditional (C:\Users\user\Downloads\Problem-Statementzip (1)\node_modules\.pnpm\@babel+parser@7.29.3\node_modules\@babel\parser\lib\index.js:10898:23)
      at TypeScriptParserMixin.parseMaybeAssign (C:\Users\user\Downloads\Problem-Statementzip (1)\node_modules\.pnpm\@babel+parser@7.29.3\node_modules\@babel\parser\lib\index.js:10848:21)
      at C:\Users\user\Downloads\Problem-Statementzip (1)\node_modules\.pnpm\@babel+parser@7.29.3\node_modules\@babel\parser\lib\index.js:9792:39
      at TypeScriptParserMixin.tryParse (C:\Users\user\Downloads\Problem-Statementzip (1)\node_modules\.pnpm\@babel+parser@7.29.3\node_modules\@babel\parser\lib\index.js:6924:20)
      at TypeScriptParserMixin.parseMaybeAssign (C:\Users\user\Downloads\Problem-Statementzip (1)\node_modules\.pnpm\@babel+parser@7.29.3\node_modules\@babel\parser\lib\index.js:9792:18)
      at C:\Users\user\Downloads\Problem-Statementzip (1)\node_modules\.pnpm\@babel+parser@7.29.3\node_modules\@babel\parser\lib\index.js:10817:39
      at TypeScriptParserMixin.allowInAnd (C:\Users\user\Downloads\Problem-Statementzip (1)\node_modules\.pnpm\@babel+parser@7.29.3\node_modules\@babel\parser\lib\index.js:12443:12)
      at TypeScriptParserMixin.parseMaybeAssignAllowIn (C:\Users\user\Downloads\Problem-Statementzip (1)\node_modules\.pnpm\@babel+parser@7.29.3\node_modules\@babel\parser\lib\index.js:10817:17)
      at TypeScriptParserMixin.parseMaybeAssignAllowInOrVoidPattern (C:\Users\user\Downloads\Problem-Statementzip (1)\node_modules\.pnpm\@babel+parser@7.29.3\node_modules\@babel\parser\lib\index.js:12510:17)
      at TypeScriptParserMixin.parseParenAndDistinguishExpression (C:\Users\user\Downloads\Problem-Statementzip (1)\node_modules\.pnpm\@babel+parser@7.29.3\node_modules\@babel\parser\lib\index.js:11692:28)
      at TypeScriptParserMixin.parseExprAtom (C:\Users\user\Downloads\Problem-Statementzip (1)\node_modules\.pnpm\@babel+parser@7.29.3\node_modules\@babel\parser\lib\index.js:11348:23)
      at TypeScriptParserMixin.parseExprAtom (C:\Users\user\Downloads\Problem-Statementzip (1)\node_modules\.pnpm\@babel+parser@7.29.3\node_modules\@babel\parser\lib\index.js:4776:20)
      at TypeScriptParserMixin.parseExprSubscripts (C:\Users\user\Downloads\Problem-Statementzip (1)\node_modules\.pnpm\@babel+parser@7.29.3\node_modules\@babel\parser\lib\index.js:11098:23)
      at TypeScriptParserMixin.parseUpdate (C:\Users\user\Downloads\Problem-Statementzip (1)\node_modules\.pnpm\@babel+parser@7.29.3\node_modules\@babel\parser\lib\index.js:11083:21)
      at TypeScriptParserMixin.parseMaybeUnary (C:\Users\user\Downloads\Problem-Statementzip (1)\node_modules\.pnpm\@babel+parser@7.29.3\node_modules\@babel\parser\lib\index.js:11063:23)
      at TypeScriptParserMixin.parseMaybeUnary (C:\Users\user\Downloads\Problem-Statementzip (1)\node_modules\.pnpm\@babel+parser@7.29.3\node_modules\@babel\parser\lib\index.js:9854:18)
      at TypeScriptParserMixin.parseMaybeUnaryOrPrivate (C:\Users\user\Downloads\Problem-Statementzip (1)\node_modules\.pnpm\@babel+parser@7.29.3\node_modules\@babel\parser\lib\index.js:10916:61)
      at TypeScriptParserMixin.parseExprOps (C:\Users\user\Downloads\Problem-Statementzip (1)\node_modules\.pnpm\@babel+parser@7.29.3\node_modules\@babel\parser\lib\index.js:10921:23)
      at TypeScriptParserMixin.parseMaybeConditional (C:\Users\user\Downloads\Problem-Statementzip (1)\node_modules\.pnpm\@babel+parser@7.29.3\node_modules\@babel\parser\lib\index.js:10898:23)
      at TypeScriptParserMixin.parseMaybeAssign (C:\Users\user\Downloads\Problem-Statementzip (1)\node_modules\.pnpm\@babel+parser@7.29.3\node_modules\@babel\parser\lib\index.js:10848:21)
      at TypeScriptParserMixin.parseMaybeAssign (C:\Users\user\Downloads\Problem-Statementzip (1)\node_modules\.pnpm\@babel+parser@7.29.3\node_modules\@babel\parser\lib\index.js:9803:20)
      at TypeScriptParserMixin.parseExpressionBase (C:\Users\user\Downloads\Problem-Statementzip (1)\node_modules\.pnpm\@babel+parser@7.29.3\node_modules\@babel\parser\lib\index.js:10801:23)
      at C:\Users\user\Downloads\Problem-Statementzip (1)\node_modules\.pnpm\@babel+parser@7.29.3\node_modules\@babel\parser\lib\index.js:10797:39
      at TypeScriptParserMixin.allowInAnd (C:\Users\user\Downloads\Problem-Statementzip (1)\node_modules\.pnpm\@babel+parser@7.29.3\node_modules\@babel\parser\lib\index.js:12438:16)
      at TypeScriptParserMixin.parseExpression (C:\Users\user\Downloads\Problem-Statementzip (1)\node_modules\.pnpm\@babel+parser@7.29.3\node_modules\@babel\parser\lib\index.js:10797:17)
      at TypeScriptParserMixin.parseReturnStatement (C:\Users\user\Downloads\Problem-Statementzip (1)\node_modules\.pnpm\@babel+parser@7.29.3\node_modules\@babel\parser\lib\index.js:13159:28)
      at TypeScriptParserMixin.parseStatementContent (C:\Users\user\Downloads\Problem-Statementzip (1)\node_modules\.pnpm\@babel+parser@7.29.3\node_modules\@babel\parser\lib\index.js:12815:21)
      at TypeScriptParserMixin.parseStatementContent (C:\Users\user\Downloads\Problem-Statementzip (1)\node_modules\.pnpm\@babel+parser@7.29.3\node_modules\@babel\parser\lib\index.js:9525:18)
      at TypeScriptParserMixin.parseStatementLike (C:\Users\user\Downloads\Problem-Statementzip (1)\node_modules\.pnpm\@babel+parser@7.29.3\node_modules\@babel\parser\lib\index.js:12784:17)
      at TypeScriptParserMixin.parseStatementListItem (C:\Users\user\Downloads\Problem-Statementzip (1)\node_modules\.pnpm\@babel+parser@7.29.3\node_modules\@babel\parser\lib\index.js:12764:17)
      at TypeScriptParserMixin.parseBlockOrModuleBlockBody (C:\Users\user\Downloads\Problem-Statementzip (1)\node_modules\.pnpm\@babel+parser@7.29.3\node_modules\@babel\parser\lib\index.js:13333:61)
      at TypeScriptParserMixin.parseBlockBody (C:\Users\user\Downloads\Problem-Statementzip (1)\node_modules\.pnpm\@babel+parser@7.29.3\node_modules\@babel\parser\lib\index.js:13326:10)
      at TypeScriptParserMixin.parseBlock (C:\Users\user\Downloads\Problem-Statementzip (1)\node_modules\.pnpm\@babel+parser@7.29.3\node_modules\@babel\parser\lib\index.js:13314:10)
      at TypeScriptParserMixin.parseFunctionBody (C:\Users\user\Downloads\Problem-Statementzip (1)\node_modules\.pnpm\@babel+parser@7.29.3\node_modules\@babel\parser\lib\index.js:12117:24)
      at TypeScriptParserMixin.parseFunctionBodyAndFinish (C:\Users\user\Downloads\Problem-Statementzip (1)\node_modules\.pnpm\@babel+parser@7.29.3\node_modules\@babel\parser\lib\index.js:12103:10)
      at TypeScriptParserMixin.parseFunctionBodyAndFinish (C:\Users\user\Downloads\Problem-Statementzip (1)\node_modules\.pnpm\@babel+parser@7.29.3\node_modules\@babel\parser\lib\index.js:9189:18)
      at C:\Users\user\Downloads\Problem-Statementzip (1)\node_modules\.pnpm\@babel+parser@7.29.3\node_modules\@babel\parser\lib\index.js:13462:12
      at TypeScriptParserMixin.withSmartMixTopicForbiddingContext (C:\Users\user\Downloads\Problem-Statementzip (1)\node_modules\.pnpm\@babel+parser@7.29.3\node_modules\@babel\parser\lib\index.js:12420:14)
[2m3:31:48 AM[22m [31m[1m[vite][22m[39m [31mInternal server error: C:\Users\user\Downloads\Problem-Statementzip (1)\artifacts\sketch-to-component\src\pages\index.tsx: Expected corresponding JSX closing tag for <div>. (25:6)

[0m [90m 23 |[31m       [33m<[31m[33mdiv[31m className[33m=[31m[32m"liquid-glass flex h-6 w-6 items-center justify-center rounded-lg text-xs font-semibold text-foreground"[31m[33m>[31m
 [90m 24 |[31m         {name[[35m0[31m]}
[31m[1m>[22m[31m[90m 25 |[31m       [33m<[31m[33m/[31m[33mmotion[31m[33m.[31mdiv[33m>[31m
 [90m    |[31m       [31m[1m^[22m[31m
 [90m 26 |[31m       [33m<[31m[33mspan[31m className[33m=[31m[32m"text-base font-semibold text-foreground"[31m[33m>[31m{name}[33m<[31m[33m/[31m[33mspan[31m[33m>[31m
 [90m 27 |[31m     [33m<[31m[33m/[31m[33mmotion[31m[33m.[31mdiv[33m>[31m
 [90m 28 |[31m   )[33m;[31m[0m[39m
  Plugin: [35mvite:react-babel[39m
  File: [36mC:/Users/user/Downloads/Problem-Statementzip (1)/artifacts/sketch-to-component/src/pages/index.tsx[39m:25:6
[33m  23 |        <div className="liquid-glass flex h-6 w-6 items-center justify-center rounded-lg text-xs font-semibold text-for...
  24 |          {name[0]}
  25 |        </motion.div>
     |        ^
  26 |        <span className="text-base font-semibold text-foreground">{name}</span>
  27 |      </motion.div>[39m
      at constructor (C:\Users\user\Downloads\Problem-Statementzip (1)\node_modules\.pnpm\@babel+parser@7.29.3\node_modules\@babel\parser\lib\index.js:365:19)
      at TypeScriptParserMixin.raise (C:\Users\user\Downloads\Problem-Statementzip (1)\node_modules\.pnpm\@babel+parser@7.29.3\node_modules\@babel\parser\lib\index.js:6616:19)
      at TypeScriptParserMixin.jsxParseElementAt (C:\Users\user\Downloads\Problem-Statementzip (1)\node_modules\.pnpm\@babel+parser@7.29.3\node_modules\@babel\parser\lib\index.js:4739:16)
      at TypeScriptParserMixin.jsxParseElementAt (C:\Users\user\Downloads\Problem-Statementzip (1)\node_modules\.pnpm\@babel+parser@7.29.3\node_modules\@babel\parser\lib\index.js:4710:32)
      at TypeScriptParserMixin.jsxParseElement (C:\Users\user\Downloads\Problem-Statementzip (1)\node_modules\.pnpm\@babel+parser@7.29.3\node_modules\@babel\parser\lib\index.js:4761:17)
      at TypeScriptParserMixin.parseExprAtom (C:\Users\user\Downloads\Problem-Statementzip (1)\node_modules\.pnpm\@babel+parser@7.29.3\node_modules\@babel\parser\lib\index.js:4771:19)
      at TypeScriptParserMixin.parseExprSubscripts (C:\Users\user\Downloads\Problem-Statementzip (1)\node_modules\.pnpm\@babel+parser@7.29.3\node_modules\@babel\parser\lib\index.js:11098:23)
      at TypeScriptParserMixin.parseUpdate (C:\Users\user\Downloads\Problem-Statementzip (1)\node_modules\.pnpm\@babel+parser@7.29.3\node_modules\@babel\parser\lib\index.js:11083:21)
      at TypeScriptParserMixin.parseMaybeUnary (C:\Users\user\Downloads\Problem-Statementzip (1)\node_modules\.pnpm\@babel+parser@7.29.3\node_modules\@babel\parser\lib\index.js:11063:23)
      at TypeScriptParserMixin.parseMaybeUnary (C:\Users\user\Downloads\Problem-Statementzip (1)\node_modules\.pnpm\@babel+parser@7.29.3\node_modules\@babel\parser\lib\index.js:9854:18)
      at TypeScriptParserMixin.parseMaybeUnaryOrPrivate (C:\Users\user\Downloads\Problem-Statementzip (1)\node_modules\.pnpm\@babel+parser@7.29.3\node_modules\@babel\parser\lib\index.js:10916:61)
      at TypeScriptParserMixin.parseExprOps (C:\Users\user\Downloads\Problem-Statementzip (1)\node_modules\.pnpm\@babel+parser@7.29.3\node_modules\@babel\parser\lib\index.js:10921:23)
      at TypeScriptParserMixin.parseMaybeConditional (C:\Users\user\Downloads\Problem-Statementzip (1)\node_modules\.pnpm\@babel+parser@7.29.3\node_modules\@babel\parser\lib\index.js:10898:23)
      at TypeScriptParserMixin.parseMaybeAssign (C:\Users\user\Downloads\Problem-Statementzip (1)\node_modules\.pnpm\@babel+parser@7.29.3\node_modules\@babel\parser\lib\index.js:10848:21)
      at C:\Users\user\Downloads\Problem-Statementzip (1)\node_modules\.pnpm\@babel+parser@7.29.3\node_modules\@babel\parser\lib\index.js:9792:39
      at TypeScriptParserMixin.tryParse (C:\Users\user\Downloads\Problem-Statementzip (1)\node_modules\.pnpm\@babel+parser@7.29.3\node_modules\@babel\parser\lib\index.js:6924:20)
      at TypeScriptParserMixin.parseMaybeAssign (C:\Users\user\Downloads\Problem-Statementzip (1)\node_modules\.pnpm\@babel+parser@7.29.3\node_modules\@babel\parser\lib\index.js:9792:18)
      at C:\Users\user\Downloads\Problem-Statementzip (1)\node_modules\.pnpm\@babel+parser@7.29.3\node_modules\@babel\parser\lib\index.js:10817:39
      at TypeScriptParserMixin.allowInAnd (C:\Users\user\Downloads\Problem-Statementzip (1)\node_modules\.pnpm\@babel+parser@7.29.3\node_modules\@babel\parser\lib\index.js:12443:12)
      at TypeScriptParserMixin.parseMaybeAssignAllowIn (C:\Users\user\Downloads\Problem-Statementzip (1)\node_modules\.pnpm\@babel+parser@7.29.3\node_modules\@babel\parser\lib\index.js:10817:17)
      at TypeScriptParserMixin.parseMaybeAssignAllowInOrVoidPattern (C:\Users\user\Downloads\Problem-Statementzip (1)\node_modules\.pnpm\@babel+parser@7.29.3\node_modules\@babel\parser\lib\index.js:12510:17)
      at TypeScriptParserMixin.parseParenAndDistinguishExpression (C:\Users\user\Downloads\Problem-Statementzip (1)\node_modules\.pnpm\@babel+parser@7.29.3\node_modules\@babel\parser\lib\index.js:11692:28)
      at TypeScriptParserMixin.parseExprAtom (C:\Users\user\Downloads\Problem-Statementzip (1)\node_modules\.pnpm\@babel+parser@7.29.3\node_modules\@babel\parser\lib\index.js:11348:23)
      at TypeScriptParserMixin.parseExprAtom (C:\Users\user\Downloads\Problem-Statementzip (1)\node_modules\.pnpm\@babel+parser@7.29.3\node_modules\@babel\parser\lib\index.js:4776:20)
      at TypeScriptParserMixin.parseExprSubscripts (C:\Users\user\Downloads\Problem-Statementzip (1)\node_modules\.pnpm\@babel+parser@7.29.3\node_modules\@babel\parser\lib\index.js:11098:23)
      at TypeScriptParserMixin.parseUpdate (C:\Users\user\Downloads\Problem-Statementzip (1)\node_modules\.pnpm\@babel+parser@7.29.3\node_modules\@babel\parser\lib\index.js:11083:21)
      at TypeScriptParserMixin.parseMaybeUnary (C:\Users\user\Downloads\Problem-Statementzip (1)\node_modules\.pnpm\@babel+parser@7.29.3\node_modules\@babel\parser\lib\index.js:11063:23)
      at TypeScriptParserMixin.parseMaybeUnary (C:\Users\user\Downloads\Problem-Statementzip (1)\node_modules\.pnpm\@babel+parser@7.29.3\node_modules\@babel\parser\lib\index.js:9854:18)
      at TypeScriptParserMixin.parseMaybeUnaryOrPrivate (C:\Users\user\Downloads\Problem-Statementzip (1)\node_modules\.pnpm\@babel+parser@7.29.3\node_modules\@babel\parser\lib\index.js:10916:61)
      at TypeScriptParserMixin.parseExprOps (C:\Users\user\Downloads\Problem-Statementzip (1)\node_modules\.pnpm\@babel+parser@7.29.3\node_modules\@babel\parser\lib\index.js:10921:23)
      at TypeScriptParserMixin.parseMaybeConditional (C:\Users\user\Downloads\Problem-Statementzip (1)\node_modules\.pnpm\@babel+parser@7.29.3\node_modules\@babel\parser\lib\index.js:10898:23)
      at TypeScriptParserMixin.parseMaybeAssign (C:\Users\user\Downloads\Problem-Statementzip (1)\node_modules\.pnpm\@babel+parser@7.29.3\node_modules\@babel\parser\lib\index.js:10848:21)
      at TypeScriptParserMixin.parseMaybeAssign (C:\Users\user\Downloads\Problem-Statementzip (1)\node_modules\.pnpm\@babel+parser@7.29.3\node_modules\@babel\parser\lib\index.js:9803:20)
      at TypeScriptParserMixin.parseExpressionBase (C:\Users\user\Downloads\Problem-Statementzip (1)\node_modules\.pnpm\@babel+parser@7.29.3\node_modules\@babel\parser\lib\index.js:10801:23)
      at C:\Users\user\Downloads\Problem-Statementzip (1)\node_modules\.pnpm\@babel+parser@7.29.3\node_modules\@babel\parser\lib\index.js:10797:39
      at TypeScriptParserMixin.allowInAnd (C:\Users\user\Downloads\Problem-Statementzip (1)\node_modules\.pnpm\@babel+parser@7.29.3\node_modules\@babel\parser\lib\index.js:12438:16)
      at TypeScriptParserMixin.parseExpression (C:\Users\user\Downloads\Problem-Statementzip (1)\node_modules\.pnpm\@babel+parser@7.29.3\node_modules\@babel\parser\lib\index.js:10797:17)
      at TypeScriptParserMixin.parseReturnStatement (C:\Users\user\Downloads\Problem-Statementzip (1)\node_modules\.pnpm\@babel+parser@7.29.3\node_modules\@babel\parser\lib\index.js:13159:28)
      at TypeScriptParserMixin.parseStatementContent (C:\Users\user\Downloads\Problem-Statementzip (1)\node_modules\.pnpm\@babel+parser@7.29.3\node_modules\@babel\parser\lib\index.js:12815:21)
      at TypeScriptParserMixin.parseStatementContent (C:\Users\user\Downloads\Problem-Statementzip (1)\node_modules\.pnpm\@babel+parser@7.29.3\node_modules\@babel\parser\lib\index.js:9525:18)
      at TypeScriptParserMixin.parseStatementLike (C:\Users\user\Downloads\Problem-Statementzip (1)\node_modules\.pnpm\@babel+parser@7.29.3\node_modules\@babel\parser\lib\index.js:12784:17)
      at TypeScriptParserMixin.parseStatementListItem (C:\Users\user\Downloads\Problem-Statementzip (1)\node_modules\.pnpm\@babel+parser@7.29.3\node_modules\@babel\parser\lib\index.js:12764:17)
      at TypeScriptParserMixin.parseBlockOrModuleBlockBody (C:\Users\user\Downloads\Problem-Statementzip (1)\node_modules\.pnpm\@babel+parser@7.29.3\node_modules\@babel\parser\lib\index.js:13333:61)
      at TypeScriptParserMixin.parseBlockBody (C:\Users\user\Downloads\Problem-Statementzip (1)\node_modules\.pnpm\@babel+parser@7.29.3\node_modules\@babel\parser\lib\index.js:13326:10)
      at TypeScriptParserMixin.parseBlock (C:\Users\user\Downloads\Problem-Statementzip (1)\node_modules\.pnpm\@babel+parser@7.29.3\node_modules\@babel\parser\lib\index.js:13314:10)
      at TypeScriptParserMixin.parseFunctionBody (C:\Users\user\Downloads\Problem-Statementzip (1)\node_modules\.pnpm\@babel+parser@7.29.3\node_modules\@babel\parser\lib\index.js:12117:24)
      at TypeScriptParserMixin.parseFunctionBodyAndFinish (C:\Users\user\Downloads\Problem-Statementzip (1)\node_modules\.pnpm\@babel+parser@7.29.3\node_modules\@babel\parser\lib\index.js:12103:10)
      at TypeScriptParserMixin.parseFunctionBodyAndFinish (C:\Users\user\Downloads\Problem-Statementzip (1)\node_modules\.pnpm\@babel+parser@7.29.3\node_modules\@babel\parser\lib\index.js:9189:18)
      at C:\Users\user\Downloads\Problem-Statementzip (1)\node_modules\.pnpm\@babel+parser@7.29.3\node_modules\@babel\parser\lib\index.js:13462:12
      at TypeScriptParserMixin.withSmartMixTopicForbiddingContext (C:\Users\user\Downloads\Problem-Statementzip (1)\node_modules\.pnpm\@babel+parser@7.29.3\node_modules\@babel\parser\lib\index.js:12420:14)
[2m3:31:48 AM[22m [31m[1m[vite][22m[39m [31mInternal server error: C:\Users\user\Downloads\Problem-Statementzip (1)\artifacts\sketch-to-component\src\pages\index.tsx: Expected corresponding JSX closing tag for <div>. (25:6)

[0m [90m 23 |[31m       [33m<[31m[33mdiv[31m className[33m=[31m[32m"liquid-glass flex h-6 w-6 items-center justify-center rounded-lg text-xs font-semibold text-foreground"[31m[33m>[31m
 [90m 24 |[31m         {name[[35m0[31m]}
[31m[1m>[22m[31m[90m 25 |[31m       [33m<[31m[33m/[31m[33mmotion[31m[33m.[31mdiv[33m>[31m
 [90m    |[31m       [31m[1m^[22m[31m
 [90m 26 |[31m       [33m<[31m[33mspan[31m className[33m=[31m[32m"text-base font-semibold text-foreground"[31m[33m>[31m{name}[33m<[31m[33m/[31m[33mspan[31m[33m>[31m
 [90m 27 |[31m     [33m<[31m[33m/[31m[33mmotion[31m[33m.[31mdiv[33m>[31m
 [90m 28 |[31m   )[33m;[31m[0m[39m
  Plugin: [35mvite:react-babel[39m
  File: [36mC:/Users/user/Downloads/Problem-Statementzip (1)/artifacts/sketch-to-component/src/pages/index.tsx[39m:25:6
[33m  23 |        <div className="liquid-glass flex h-6 w-6 items-center justify-center rounded-lg text-xs font-semibold text-for...
  24 |          {name[0]}
  25 |        </motion.div>
     |        ^
  26 |        <span className="text-base font-semibold text-foreground">{name}</span>
  27 |      </motion.div>[39m
      at constructor (C:\Users\user\Downloads\Problem-Statementzip (1)\node_modules\.pnpm\@babel+parser@7.29.3\node_modules\@babel\parser\lib\index.js:365:19)
      at TypeScriptParserMixin.raise (C:\Users\user\Downloads\Problem-Statementzip (1)\node_modules\.pnpm\@babel+parser@7.29.3\node_modules\@babel\parser\lib\index.js:6616:19)
      at TypeScriptParserMixin.jsxParseElementAt (C:\Users\user\Downloads\Problem-Statementzip (1)\node_modules\.pnpm\@babel+parser@7.29.3\node_modules\@babel\parser\lib\index.js:4739:16)
      at TypeScriptParserMixin.jsxParseElementAt (C:\Users\user\Downloads\Problem-Statementzip (1)\node_modules\.pnpm\@babel+parser@7.29.3\node_modules\@babel\parser\lib\index.js:4710:32)
      at TypeScriptParserMixin.jsxParseElement (C:\Users\user\Downloads\Problem-Statementzip (1)\node_modules\.pnpm\@babel+parser@7.29.3\node_modules\@babel\parser\lib\index.js:4761:17)
      at TypeScriptParserMixin.parseExprAtom (C:\Users\user\Downloads\Problem-Statementzip (1)\node_modules\.pnpm\@babel+parser@7.29.3\node_modules\@babel\parser\lib\index.js:4771:19)
      at TypeScriptParserMixin.parseExprSubscripts (C:\Users\user\Downloads\Problem-Statementzip (1)\node_modules\.pnpm\@babel+parser@7.29.3\node_modules\@babel\parser\lib\index.js:11098:23)
      at TypeScriptParserMixin.parseUpdate (C:\Users\user\Downloads\Problem-Statementzip (1)\node_modules\.pnpm\@babel+parser@7.29.3\node_modules\@babel\parser\lib\index.js:11083:21)
      at TypeScriptParserMixin.parseMaybeUnary (C:\Users\user\Downloads\Problem-Statementzip (1)\node_modules\.pnpm\@babel+parser@7.29.3\node_modules\@babel\parser\lib\index.js:11063:23)
      at TypeScriptParserMixin.parseMaybeUnary (C:\Users\user\Downloads\Problem-Statementzip (1)\node_modules\.pnpm\@babel+parser@7.29.3\node_modules\@babel\parser\lib\index.js:9854:18)
      at TypeScriptParserMixin.parseMaybeUnaryOrPrivate (C:\Users\user\Downloads\Problem-Statementzip (1)\node_modules\.pnpm\@babel+parser@7.29.3\node_modules\@babel\parser\lib\index.js:10916:61)
      at TypeScriptParserMixin.parseExprOps (C:\Users\user\Downloads\Problem-Statementzip (1)\node_modules\.pnpm\@babel+parser@7.29.3\node_modules\@babel\parser\lib\index.js:10921:23)
      at TypeScriptParserMixin.parseMaybeConditional (C:\Users\user\Downloads\Problem-Statementzip (1)\node_modules\.pnpm\@babel+parser@7.29.3\node_modules\@babel\parser\lib\index.js:10898:23)
      at TypeScriptParserMixin.parseMaybeAssign (C:\Users\user\Downloads\Problem-Statementzip (1)\node_modules\.pnpm\@babel+parser@7.29.3\node_modules\@babel\parser\lib\index.js:10848:21)
      at C:\Users\user\Downloads\Problem-Statementzip (1)\node_modules\.pnpm\@babel+parser@7.29.3\node_modules\@babel\parser\lib\index.js:9792:39
      at TypeScriptParserMixin.tryParse (C:\Users\user\Downloads\Problem-Statementzip (1)\node_modules\.pnpm\@babel+parser@7.29.3\node_modules\@babel\parser\lib\index.js:6924:20)
      at TypeScriptParserMixin.parseMaybeAssign (C:\Users\user\Downloads\Problem-Statementzip (1)\node_modules\.pnpm\@babel+parser@7.29.3\node_modules\@babel\parser\lib\index.js:9792:18)
      at C:\Users\user\Downloads\Problem-Statementzip (1)\node_modules\.pnpm\@babel+parser@7.29.3\node_modules\@babel\parser\lib\index.js:10817:39
      at TypeScriptParserMixin.allowInAnd (C:\Users\user\Downloads\Problem-Statementzip (1)\node_modules\.pnpm\@babel+parser@7.29.3\node_modules\@babel\parser\lib\index.js:12443:12)
      at TypeScriptParserMixin.parseMaybeAssignAllowIn (C:\Users\user\Downloads\Problem-Statementzip (1)\node_modules\.pnpm\@babel+parser@7.29.3\node_modules\@babel\parser\lib\index.js:10817:17)
      at TypeScriptParserMixin.parseMaybeAssignAllowInOrVoidPattern (C:\Users\user\Downloads\Problem-Statementzip (1)\node_modules\.pnpm\@babel+parser@7.29.3\node_modules\@babel\parser\lib\index.js:12510:17)
      at TypeScriptParserMixin.parseParenAndDistinguishExpression (C:\Users\user\Downloads\Problem-Statementzip (1)\node_modules\.pnpm\@babel+parser@7.29.3\node_modules\@babel\parser\lib\index.js:11692:28)
      at TypeScriptParserMixin.parseExprAtom (C:\Users\user\Downloads\Problem-Statementzip (1)\node_modules\.pnpm\@babel+parser@7.29.3\node_modules\@babel\parser\lib\index.js:11348:23)
      at TypeScriptParserMixin.parseExprAtom (C:\Users\user\Downloads\Problem-Statementzip (1)\node_modules\.pnpm\@babel+parser@7.29.3\node_modules\@babel\parser\lib\index.js:4776:20)
      at TypeScriptParserMixin.parseExprSubscripts (C:\Users\user\Downloads\Problem-Statementzip (1)\node_modules\.pnpm\@babel+parser@7.29.3\node_modules\@babel\parser\lib\index.js:11098:23)
      at TypeScriptParserMixin.parseUpdate (C:\Users\user\Downloads\Problem-Statementzip (1)\node_modules\.pnpm\@babel+parser@7.29.3\node_modules\@babel\parser\lib\index.js:11083:21)
      at TypeScriptParserMixin.parseMaybeUnary (C:\Users\user\Downloads\Problem-Statementzip (1)\node_modules\.pnpm\@babel+parser@7.29.3\node_modules\@babel\parser\lib\index.js:11063:23)
      at TypeScriptParserMixin.parseMaybeUnary (C:\Users\user\Downloads\Problem-Statementzip (1)\node_modules\.pnpm\@babel+parser@7.29.3\node_modules\@babel\parser\lib\index.js:9854:18)
      at TypeScriptParserMixin.parseMaybeUnaryOrPrivate (C:\Users\user\Downloads\Problem-Statementzip (1)\node_modules\.pnpm\@babel+parser@7.29.3\node_modules\@babel\parser\lib\index.js:10916:61)
      at TypeScriptParserMixin.parseExprOps (C:\Users\user\Downloads\Problem-Statementzip (1)\node_modules\.pnpm\@babel+parser@7.29.3\node_modules\@babel\parser\lib\index.js:10921:23)
      at TypeScriptParserMixin.parseMaybeConditional (C:\Users\user\Downloads\Problem-Statementzip (1)\node_modules\.pnpm\@babel+parser@7.29.3\node_modules\@babel\parser\lib\index.js:10898:23)
      at TypeScriptParserMixin.parseMaybeAssign (C:\Users\user\Downloads\Problem-Statementzip (1)\node_modules\.pnpm\@babel+parser@7.29.3\node_modules\@babel\parser\lib\index.js:10848:21)
      at TypeScriptParserMixin.parseMaybeAssign (C:\Users\user\Downloads\Problem-Statementzip (1)\node_modules\.pnpm\@babel+parser@7.29.3\node_modules\@babel\parser\lib\index.js:9803:20)
      at TypeScriptParserMixin.parseExpressionBase (C:\Users\user\Downloads\Problem-Statementzip (1)\node_modules\.pnpm\@babel+parser@7.29.3\node_modules\@babel\parser\lib\index.js:10801:23)
      at C:\Users\user\Downloads\Problem-Statementzip (1)\node_modules\.pnpm\@babel+parser@7.29.3\node_modules\@babel\parser\lib\index.js:10797:39
      at TypeScriptParserMixin.allowInAnd (C:\Users\user\Downloads\Problem-Statementzip (1)\node_modules\.pnpm\@babel+parser@7.29.3\node_modules\@babel\parser\lib\index.js:12438:16)
      at TypeScriptParserMixin.parseExpression (C:\Users\user\Downloads\Problem-Statementzip (1)\node_modules\.pnpm\@babel+parser@7.29.3\node_modules\@babel\parser\lib\index.js:10797:17)
      at TypeScriptParserMixin.parseReturnStatement (C:\Users\user\Downloads\Problem-Statementzip (1)\node_modules\.pnpm\@babel+parser@7.29.3\node_modules\@babel\parser\lib\index.js:13159:28)
      at TypeScriptParserMixin.parseStatementContent (C:\Users\user\Downloads\Problem-Statementzip (1)\node_modules\.pnpm\@babel+parser@7.29.3\node_modules\@babel\parser\lib\index.js:12815:21)
      at TypeScriptParserMixin.parseStatementContent (C:\Users\user\Downloads\Problem-Statementzip (1)\node_modules\.pnpm\@babel+parser@7.29.3\node_modules\@babel\parser\lib\index.js:9525:18)
      at TypeScriptParserMixin.parseStatementLike (C:\Users\user\Downloads\Problem-Statementzip (1)\node_modules\.pnpm\@babel+parser@7.29.3\node_modules\@babel\parser\lib\index.js:12784:17)
      at TypeScriptParserMixin.parseStatementListItem (C:\Users\user\Downloads\Problem-Statementzip (1)\node_modules\.pnpm\@babel+parser@7.29.3\node_modules\@babel\parser\lib\index.js:12764:17)
      at TypeScriptParserMixin.parseBlockOrModuleBlockBody (C:\Users\user\Downloads\Problem-Statementzip (1)\node_modules\.pnpm\@babel+parser@7.29.3\node_modules\@babel\parser\lib\index.js:13333:61)
      at TypeScriptParserMixin.parseBlockBody (C:\Users\user\Downloads\Problem-Statementzip (1)\node_modules\.pnpm\@babel+parser@7.29.3\node_modules\@babel\parser\lib\index.js:13326:10)
      at TypeScriptParserMixin.parseBlock (C:\Users\user\Downloads\Problem-Statementzip (1)\node_modules\.pnpm\@babel+parser@7.29.3\node_modules\@babel\parser\lib\index.js:13314:10)
      at TypeScriptParserMixin.parseFunctionBody (C:\Users\user\Downloads\Problem-Statementzip (1)\node_modules\.pnpm\@babel+parser@7.29.3\node_modules\@babel\parser\lib\index.js:12117:24)
      at TypeScriptParserMixin.parseFunctionBodyAndFinish (C:\Users\user\Downloads\Problem-Statementzip (1)\node_modules\.pnpm\@babel+parser@7.29.3\node_modules\@babel\parser\lib\index.js:12103:10)
      at TypeScriptParserMixin.parseFunctionBodyAndFinish (C:\Users\user\Downloads\Problem-Statementzip (1)\node_modules\.pnpm\@babel+parser@7.29.3\node_modules\@babel\parser\lib\index.js:9189:18)
      at C:\Users\user\Downloads\Problem-Statementzip (1)\node_modules\.pnpm\@babel+parser@7.29.3\node_modules\@babel\parser\lib\index.js:13462:12
      at TypeScriptParserMixin.withSmartMixTopicForbiddingContext (C:\Users\user\Downloads\Problem-Statementzip (1)\node_modules\.pnpm\@babel+parser@7.29.3\node_modules\@babel\parser\lib\index.js:12420:14)
[33m[vite:css][postcss] @import must precede all other statements (besides @charset or empty @layer)
29 |    src: url(../../../node_modules/.pnpm/@fontsource+geist-sans@5.2.5/node_modules/@fontsource/geist-sans/files/geist-s...
30 |  }
31 |  @import url("https://api.fontshare.com/v2/css?f[]=general-sans@400,500,600,700&display=swap");
   |  ^^^^^^^^^^^^^^^^^^^^^^^^^^^^^^^^^^^^^^^^^^^^^^^^^^^^^^^^^^^^^^^^^^^^^^^^^^^^^^^^^^^^^^^^^^^^^^
32 |  @layer theme, base, components, utilities;
33 |  @layer theme {[39m
[2m3:32:10 AM[22m [31m[1m[vite][22m[39m [31mInternal server error: C:\Users\user\Downloads\Problem-Statementzip (1)\artifacts\sketch-to-component\src\pages\index.tsx: Expected corresponding JSX closing tag for <motion.div>. (69:12)

[0m [90m 67 |[31m                 [33m<[31m[33m/[31m[33mLink[31m[33m>[31m
 [90m 68 |[31m               ))}
[31m[1m>[22m[31m[90m 69 |[31m             [33m<[31m[33m/[31m[33mdiv[31m[33m>[31m
 [90m    |[31m             [31m[1m^[22m[31m
 [90m 70 |[31m
 [90m 71 |[31m             [33m<[31m[33mdiv[31m className[33m=[31m[32m"flex items-center gap-3"[31m[33m>[31m
 [90m 72 |[31m               [33m<[31m[33mThemeToggle[31m [33m/[31m[33m>[31m[0m[39m
  Plugin: [35mvite:react-babel[39m
  File: [36mC:/Users/user/Downloads/Problem-Statementzip (1)/artifacts/sketch-to-component/src/pages/index.tsx[39m:69:12
[33m  67 |                  </Link>
  68 |                ))}
  69 |              </div>
     |              ^
  70 |  
  71 |              <div className="flex items-center gap-3">[39m
      at constructor (C:\Users\user\Downloads\Problem-Statementzip (1)\node_modules\.pnpm\@babel+parser@7.29.3\node_modules\@babel\parser\lib\index.js:365:19)
      at TypeScriptParserMixin.raise (C:\Users\user\Downloads\Problem-Statementzip (1)\node_modules\.pnpm\@babel+parser@7.29.3\node_modules\@babel\parser\lib\index.js:6616:19)
      at TypeScriptParserMixin.jsxParseElementAt (C:\Users\user\Downloads\Problem-Statementzip (1)\node_modules\.pnpm\@babel+parser@7.29.3\node_modules\@babel\parser\lib\index.js:4739:16)
      at TypeScriptParserMixin.jsxParseElementAt (C:\Users\user\Downloads\Problem-Statementzip (1)\node_modules\.pnpm\@babel+parser@7.29.3\node_modules\@babel\parser\lib\index.js:4710:32)
      at TypeScriptParserMixin.jsxParseElementAt (C:\Users\user\Downloads\Problem-Statementzip (1)\node_modules\.pnpm\@babel+parser@7.29.3\node_modules\@babel\parser\lib\index.js:4710:32)
      at TypeScriptParserMixin.jsxParseElementAt (C:\Users\user\Downloads\Problem-Statementzip (1)\node_modules\.pnpm\@babel+parser@7.29.3\node_modules\@babel\parser\lib\index.js:4710:32)
      at TypeScriptParserMixin.jsxParseElementAt (C:\Users\user\Downloads\Problem-Statementzip (1)\node_modules\.pnpm\@babel+parser@7.29.3\node_modules\@babel\parser\lib\index.js:4710:32)
      at TypeScriptParserMixin.jsxParseElement (C:\Users\user\Downloads\Problem-Statementzip (1)\node_modules\.pnpm\@babel+parser@7.29.3\node_modules\@babel\parser\lib\index.js:4761:17)
      at TypeScriptParserMixin.parseExprAtom (C:\Users\user\Downloads\Problem-Statementzip (1)\node_modules\.pnpm\@babel+parser@7.29.3\node_modules\@babel\parser\lib\index.js:4771:19)
      at TypeScriptParserMixin.parseExprSubscripts (C:\Users\user\Downloads\Problem-Statementzip (1)\node_modules\.pnpm\@babel+parser@7.29.3\node_modules\@babel\parser\lib\index.js:11098:23)
      at TypeScriptParserMixin.parseUpdate (C:\Users\user\Downloads\Problem-Statementzip (1)\node_modules\.pnpm\@babel+parser@7.29.3\node_modules\@babel\parser\lib\index.js:11083:21)
      at TypeScriptParserMixin.parseMaybeUnary (C:\Users\user\Downloads\Problem-Statementzip (1)\node_modules\.pnpm\@babel+parser@7.29.3\node_modules\@babel\parser\lib\index.js:11063:23)
      at TypeScriptParserMixin.parseMaybeUnary (C:\Users\user\Downloads\Problem-Statementzip (1)\node_modules\.pnpm\@babel+parser@7.29.3\node_modules\@babel\parser\lib\index.js:9854:18)
      at TypeScriptParserMixin.parseMaybeUnaryOrPrivate (C:\Users\user\Downloads\Problem-Statementzip (1)\node_modules\.pnpm\@babel+parser@7.29.3\node_modules\@babel\parser\lib\index.js:10916:61)
      at TypeScriptParserMixin.parseExprOps (C:\Users\user\Downloads\Problem-Statementzip (1)\node_modules\.pnpm\@babel+parser@7.29.3\node_modules\@babel\parser\lib\index.js:10921:23)
      at TypeScriptParserMixin.parseMaybeConditional (C:\Users\user\Downloads\Problem-Statementzip (1)\node_modules\.pnpm\@babel+parser@7.29.3\node_modules\@babel\parser\lib\index.js:10898:23)
      at TypeScriptParserMixin.parseMaybeAssign (C:\Users\user\Downloads\Problem-Statementzip (1)\node_modules\.pnpm\@babel+parser@7.29.3\node_modules\@babel\parser\lib\index.js:10848:21)
      at C:\Users\user\Downloads\Problem-Statementzip (1)\node_modules\.pnpm\@babel+parser@7.29.3\node_modules\@babel\parser\lib\index.js:9792:39
      at TypeScriptParserMixin.tryParse (C:\Users\user\Downloads\Problem-Statementzip (1)\node_modules\.pnpm\@babel+parser@7.29.3\node_modules\@babel\parser\lib\index.js:6924:20)
      at TypeScriptParserMixin.parseMaybeAssign (C:\Users\user\Downloads\Problem-Statementzip (1)\node_modules\.pnpm\@babel+parser@7.29.3\node_modules\@babel\parser\lib\index.js:9792:18)
      at C:\Users\user\Downloads\Problem-Statementzip (1)\node_modules\.pnpm\@babel+parser@7.29.3\node_modules\@babel\parser\lib\index.js:10817:39
      at TypeScriptParserMixin.allowInAnd (C:\Users\user\Downloads\Problem-Statementzip (1)\node_modules\.pnpm\@babel+parser@7.29.3\node_modules\@babel\parser\lib\index.js:12443:12)
      at TypeScriptParserMixin.parseMaybeAssignAllowIn (C:\Users\user\Downloads\Problem-Statementzip (1)\node_modules\.pnpm\@babel+parser@7.29.3\node_modules\@babel\parser\lib\index.js:10817:17)
      at TypeScriptParserMixin.parseMaybeAssignAllowInOrVoidPattern (C:\Users\user\Downloads\Problem-Statementzip (1)\node_modules\.pnpm\@babel+parser@7.29.3\node_modules\@babel\parser\lib\index.js:12510:17)
      at TypeScriptParserMixin.parseParenAndDistinguishExpression (C:\Users\user\Downloads\Problem-Statementzip (1)\node_modules\.pnpm\@babel+parser@7.29.3\node_modules\@babel\parser\lib\index.js:11692:28)
      at TypeScriptParserMixin.parseExprAtom (C:\Users\user\Downloads\Problem-Statementzip (1)\node_modules\.pnpm\@babel+parser@7.29.3\node_modules\@babel\parser\lib\index.js:11348:23)
      at TypeScriptParserMixin.parseExprAtom (C:\Users\user\Downloads\Problem-Statementzip (1)\node_modules\.pnpm\@babel+parser@7.29.3\node_modules\@babel\parser\lib\index.js:4776:20)
      at TypeScriptParserMixin.parseExprSubscripts (C:\Users\user\Downloads\Problem-Statementzip (1)\node_modules\.pnpm\@babel+parser@7.29.3\node_modules\@babel\parser\lib\index.js:11098:23)
      at TypeScriptParserMixin.parseUpdate (C:\Users\user\Downloads\Problem-Statementzip (1)\node_modules\.pnpm\@babel+parser@7.29.3\node_modules\@babel\parser\lib\index.js:11083:21)
      at TypeScriptParserMixin.parseMaybeUnary (C:\Users\user\Downloads\Problem-Statementzip (1)\node_modules\.pnpm\@babel+parser@7.29.3\node_modules\@babel\parser\lib\index.js:11063:23)
      at TypeScriptParserMixin.parseMaybeUnary (C:\Users\user\Downloads\Problem-Statementzip (1)\node_modules\.pnpm\@babel+parser@7.29.3\node_modules\@babel\parser\lib\index.js:9854:18)
      at TypeScriptParserMixin.parseMaybeUnaryOrPrivate (C:\Users\user\Downloads\Problem-Statementzip (1)\node_modules\.pnpm\@babel+parser@7.29.3\node_modules\@babel\parser\lib\index.js:10916:61)
      at TypeScriptParserMixin.parseExprOps (C:\Users\user\Downloads\Problem-Statementzip (1)\node_modules\.pnpm\@babel+parser@7.29.3\node_modules\@babel\parser\lib\index.js:10921:23)
      at TypeScriptParserMixin.parseMaybeConditional (C:\Users\user\Downloads\Problem-Statementzip (1)\node_modules\.pnpm\@babel+parser@7.29.3\node_modules\@babel\parser\lib\index.js:10898:23)
      at TypeScriptParserMixin.parseMaybeAssign (C:\Users\user\Downloads\Problem-Statementzip (1)\node_modules\.pnpm\@babel+parser@7.29.3\node_modules\@babel\parser\lib\index.js:10848:21)
      at TypeScriptParserMixin.parseMaybeAssign (C:\Users\user\Downloads\Problem-Statementzip (1)\node_modules\.pnpm\@babel+parser@7.29.3\node_modules\@babel\parser\lib\index.js:9803:20)
      at TypeScriptParserMixin.parseExpressionBase (C:\Users\user\Downloads\Problem-Statementzip (1)\node_modules\.pnpm\@babel+parser@7.29.3\node_modules\@babel\parser\lib\index.js:10801:23)
      at C:\Users\user\Downloads\Problem-Statementzip (1)\node_modules\.pnpm\@babel+parser@7.29.3\node_modules\@babel\parser\lib\index.js:10797:39
      at TypeScriptParserMixin.allowInAnd (C:\Users\user\Downloads\Problem-Statementzip (1)\node_modules\.pnpm\@babel+parser@7.29.3\node_modules\@babel\parser\lib\index.js:12438:16)
      at TypeScriptParserMixin.parseExpression (C:\Users\user\Downloads\Problem-Statementzip (1)\node_modules\.pnpm\@babel+parser@7.29.3\node_modules\@babel\parser\lib\index.js:10797:17)
      at TypeScriptParserMixin.parseReturnStatement (C:\Users\user\Downloads\Problem-Statementzip (1)\node_modules\.pnpm\@babel+parser@7.29.3\node_modules\@babel\parser\lib\index.js:13159:28)
      at TypeScriptParserMixin.parseStatementContent (C:\Users\user\Downloads\Problem-Statementzip (1)\node_modules\.pnpm\@babel+parser@7.29.3\node_modules\@babel\parser\lib\index.js:12815:21)
      at TypeScriptParserMixin.parseStatementContent (C:\Users\user\Downloads\Problem-Statementzip (1)\node_modules\.pnpm\@babel+parser@7.29.3\node_modules\@babel\parser\lib\index.js:9525:18)
      at TypeScriptParserMixin.parseStatementLike (C:\Users\user\Downloads\Problem-Statementzip (1)\node_modules\.pnpm\@babel+parser@7.29.3\node_modules\@babel\parser\lib\index.js:12784:17)
      at TypeScriptParserMixin.parseStatementListItem (C:\Users\user\Downloads\Problem-Statementzip (1)\node_modules\.pnpm\@babel+parser@7.29.3\node_modules\@babel\parser\lib\index.js:12764:17)
      at TypeScriptParserMixin.parseBlockOrModuleBlockBody (C:\Users\user\Downloads\Problem-Statementzip (1)\node_modules\.pnpm\@babel+parser@7.29.3\node_modules\@babel\parser\lib\index.js:13333:61)
      at TypeScriptParserMixin.parseBlockBody (C:\Users\user\Downloads\Problem-Statementzip (1)\node_modules\.pnpm\@babel+parser@7.29.3\node_modules\@babel\parser\lib\index.js:13326:10)
      at TypeScriptParserMixin.parseBlock (C:\Users\user\Downloads\Problem-Statementzip (1)\node_modules\.pnpm\@babel+parser@7.29.3\node_modules\@babel\parser\lib\index.js:13314:10)
      at TypeScriptParserMixin.parseFunctionBody (C:\Users\user\Downloads\Problem-Statementzip (1)\node_modules\.pnpm\@babel+parser@7.29.3\node_modules\@babel\parser\lib\index.js:12117:24)
      at TypeScriptParserMixin.parseFunctionBodyAndFinish (C:\Users\user\Downloads\Problem-Statementzip (1)\node_modules\.pnpm\@babel+parser@7.29.3\node_modules\@babel\parser\lib\index.js:12103:10)
[33m[vite:css][postcss] @import must precede all other statements (besides @charset or empty @layer)
29 |    src: url(../../../node_modules/.pnpm/@fontsource+geist-sans@5.2.5/node_modules/@fontsource/geist-sans/files/geist-s...
30 |  }
31 |  @import url("https://api.fontshare.com/v2/css?f[]=general-sans@400,500,600,700&display=swap");
   |  ^^^^^^^^^^^^^^^^^^^^^^^^^^^^^^^^^^^^^^^^^^^^^^^^^^^^^^^^^^^^^^^^^^^^^^^^^^^^^^^^^^^^^^^^^^^^^^
32 |  @layer theme, base, components, utilities;
33 |  @layer theme {[39m
[2m3:32:10 AM[22m [31m[1m[vite][22m[39m [31mInternal server error: C:\Users\user\Downloads\Problem-Statementzip (1)\artifacts\sketch-to-component\src\pages\index.tsx: Expected corresponding JSX closing tag for <motion.div>. (69:12)

[0m [90m 67 |[31m                 [33m<[31m[33m/[31m[33mLink[31m[33m>[31m
 [90m 68 |[31m               ))}
[31m[1m>[22m[31m[90m 69 |[31m             [33m<[31m[33m/[31m[33mdiv[31m[33m>[31m
 [90m    |[31m             [31m[1m^[22m[31m
 [90m 70 |[31m
 [90m 71 |[31m             [33m<[31m[33mdiv[31m className[33m=[31m[32m"flex items-center gap-3"[31m[33m>[31m
 [90m 72 |[31m               [33m<[31m[33mThemeToggle[31m [33m/[31m[33m>[31m[0m[39m
  Plugin: [35mvite:react-babel[39m
  File: [36mC:/Users/user/Downloads/Problem-Statementzip (1)/artifacts/sketch-to-component/src/pages/index.tsx[39m:69:12
[33m  67 |                  </Link>
  68 |                ))}
  69 |              </div>
     |              ^
  70 |  
  71 |              <div className="flex items-center gap-3">[39m
      at constructor (C:\Users\user\Downloads\Problem-Statementzip (1)\node_modules\.pnpm\@babel+parser@7.29.3\node_modules\@babel\parser\lib\index.js:365:19)
      at TypeScriptParserMixin.raise (C:\Users\user\Downloads\Problem-Statementzip (1)\node_modules\.pnpm\@babel+parser@7.29.3\node_modules\@babel\parser\lib\index.js:6616:19)
      at TypeScriptParserMixin.jsxParseElementAt (C:\Users\user\Downloads\Problem-Statementzip (1)\node_modules\.pnpm\@babel+parser@7.29.3\node_modules\@babel\parser\lib\index.js:4739:16)
      at TypeScriptParserMixin.jsxParseElementAt (C:\Users\user\Downloads\Problem-Statementzip (1)\node_modules\.pnpm\@babel+parser@7.29.3\node_modules\@babel\parser\lib\index.js:4710:32)
      at TypeScriptParserMixin.jsxParseElementAt (C:\Users\user\Downloads\Problem-Statementzip (1)\node_modules\.pnpm\@babel+parser@7.29.3\node_modules\@babel\parser\lib\index.js:4710:32)
      at TypeScriptParserMixin.jsxParseElementAt (C:\Users\user\Downloads\Problem-Statementzip (1)\node_modules\.pnpm\@babel+parser@7.29.3\node_modules\@babel\parser\lib\index.js:4710:32)
      at TypeScriptParserMixin.jsxParseElementAt (C:\Users\user\Downloads\Problem-Statementzip (1)\node_modules\.pnpm\@babel+parser@7.29.3\node_modules\@babel\parser\lib\index.js:4710:32)
      at TypeScriptParserMixin.jsxParseElement (C:\Users\user\Downloads\Problem-Statementzip (1)\node_modules\.pnpm\@babel+parser@7.29.3\node_modules\@babel\parser\lib\index.js:4761:17)
      at TypeScriptParserMixin.parseExprAtom (C:\Users\user\Downloads\Problem-Statementzip (1)\node_modules\.pnpm\@babel+parser@7.29.3\node_modules\@babel\parser\lib\index.js:4771:19)
      at TypeScriptParserMixin.parseExprSubscripts (C:\Users\user\Downloads\Problem-Statementzip (1)\node_modules\.pnpm\@babel+parser@7.29.3\node_modules\@babel\parser\lib\index.js:11098:23)
      at TypeScriptParserMixin.parseUpdate (C:\Users\user\Downloads\Problem-Statementzip (1)\node_modules\.pnpm\@babel+parser@7.29.3\node_modules\@babel\parser\lib\index.js:11083:21)
      at TypeScriptParserMixin.parseMaybeUnary (C:\Users\user\Downloads\Problem-Statementzip (1)\node_modules\.pnpm\@babel+parser@7.29.3\node_modules\@babel\parser\lib\index.js:11063:23)
      at TypeScriptParserMixin.parseMaybeUnary (C:\Users\user\Downloads\Problem-Statementzip (1)\node_modules\.pnpm\@babel+parser@7.29.3\node_modules\@babel\parser\lib\index.js:9854:18)
      at TypeScriptParserMixin.parseMaybeUnaryOrPrivate (C:\Users\user\Downloads\Problem-Statementzip (1)\node_modules\.pnpm\@babel+parser@7.29.3\node_modules\@babel\parser\lib\index.js:10916:61)
      at TypeScriptParserMixin.parseExprOps (C:\Users\user\Downloads\Problem-Statementzip (1)\node_modules\.pnpm\@babel+parser@7.29.3\node_modules\@babel\parser\lib\index.js:10921:23)
      at TypeScriptParserMixin.parseMaybeConditional (C:\Users\user\Downloads\Problem-Statementzip (1)\node_modules\.pnpm\@babel+parser@7.29.3\node_modules\@babel\parser\lib\index.js:10898:23)
      at TypeScriptParserMixin.parseMaybeAssign (C:\Users\user\Downloads\Problem-Statementzip (1)\node_modules\.pnpm\@babel+parser@7.29.3\node_modules\@babel\parser\lib\index.js:10848:21)
      at C:\Users\user\Downloads\Problem-Statementzip (1)\node_modules\.pnpm\@babel+parser@7.29.3\node_modules\@babel\parser\lib\index.js:9792:39
      at TypeScriptParserMixin.tryParse (C:\Users\user\Downloads\Problem-Statementzip (1)\node_modules\.pnpm\@babel+parser@7.29.3\node_modules\@babel\parser\lib\index.js:6924:20)
      at TypeScriptParserMixin.parseMaybeAssign (C:\Users\user\Downloads\Problem-Statementzip (1)\node_modules\.pnpm\@babel+parser@7.29.3\node_modules\@babel\parser\lib\index.js:9792:18)
      at C:\Users\user\Downloads\Problem-Statementzip (1)\node_modules\.pnpm\@babel+parser@7.29.3\node_modules\@babel\parser\lib\index.js:10817:39
      at TypeScriptParserMixin.allowInAnd (C:\Users\user\Downloads\Problem-Statementzip (1)\node_modules\.pnpm\@babel+parser@7.29.3\node_modules\@babel\parser\lib\index.js:12443:12)
      at TypeScriptParserMixin.parseMaybeAssignAllowIn (C:\Users\user\Downloads\Problem-Statementzip (1)\node_modules\.pnpm\@babel+parser@7.29.3\node_modules\@babel\parser\lib\index.js:10817:17)
      at TypeScriptParserMixin.parseMaybeAssignAllowInOrVoidPattern (C:\Users\user\Downloads\Problem-Statementzip (1)\node_modules\.pnpm\@babel+parser@7.29.3\node_modules\@babel\parser\lib\index.js:12510:17)
      at TypeScriptParserMixin.parseParenAndDistinguishExpression (C:\Users\user\Downloads\Problem-Statementzip (1)\node_modules\.pnpm\@babel+parser@7.29.3\node_modules\@babel\parser\lib\index.js:11692:28)
      at TypeScriptParserMixin.parseExprAtom (C:\Users\user\Downloads\Problem-Statementzip (1)\node_modules\.pnpm\@babel+parser@7.29.3\node_modules\@babel\parser\lib\index.js:11348:23)
      at TypeScriptParserMixin.parseExprAtom (C:\Users\user\Downloads\Problem-Statementzip (1)\node_modules\.pnpm\@babel+parser@7.29.3\node_modules\@babel\parser\lib\index.js:4776:20)
      at TypeScriptParserMixin.parseExprSubscripts (C:\Users\user\Downloads\Problem-Statementzip (1)\node_modules\.pnpm\@babel+parser@7.29.3\node_modules\@babel\parser\lib\index.js:11098:23)
      at TypeScriptParserMixin.parseUpdate (C:\Users\user\Downloads\Problem-Statementzip (1)\node_modules\.pnpm\@babel+parser@7.29.3\node_modules\@babel\parser\lib\index.js:11083:21)
      at TypeScriptParserMixin.parseMaybeUnary (C:\Users\user\Downloads\Problem-Statementzip (1)\node_modules\.pnpm\@babel+parser@7.29.3\node_modules\@babel\parser\lib\index.js:11063:23)
      at TypeScriptParserMixin.parseMaybeUnary (C:\Users\user\Downloads\Problem-Statementzip (1)\node_modules\.pnpm\@babel+parser@7.29.3\node_modules\@babel\parser\lib\index.js:9854:18)
      at TypeScriptParserMixin.parseMaybeUnaryOrPrivate (C:\Users\user\Downloads\Problem-Statementzip (1)\node_modules\.pnpm\@babel+parser@7.29.3\node_modules\@babel\parser\lib\index.js:10916:61)
      at TypeScriptParserMixin.parseExprOps (C:\Users\user\Downloads\Problem-Statementzip (1)\node_modules\.pnpm\@babel+parser@7.29.3\node_modules\@babel\parser\lib\index.js:10921:23)
      at TypeScriptParserMixin.parseMaybeConditional (C:\Users\user\Downloads\Problem-Statementzip (1)\node_modules\.pnpm\@babel+parser@7.29.3\node_modules\@babel\parser\lib\index.js:10898:23)
      at TypeScriptParserMixin.parseMaybeAssign (C:\Users\user\Downloads\Problem-Statementzip (1)\node_modules\.pnpm\@babel+parser@7.29.3\node_modules\@babel\parser\lib\index.js:10848:21)
      at TypeScriptParserMixin.parseMaybeAssign (C:\Users\user\Downloads\Problem-Statementzip (1)\node_modules\.pnpm\@babel+parser@7.29.3\node_modules\@babel\parser\lib\index.js:9803:20)
      at TypeScriptParserMixin.parseExpressionBase (C:\Users\user\Downloads\Problem-Statementzip (1)\node_modules\.pnpm\@babel+parser@7.29.3\node_modules\@babel\parser\lib\index.js:10801:23)
      at C:\Users\user\Downloads\Problem-Statementzip (1)\node_modules\.pnpm\@babel+parser@7.29.3\node_modules\@babel\parser\lib\index.js:10797:39
      at TypeScriptParserMixin.allowInAnd (C:\Users\user\Downloads\Problem-Statementzip (1)\node_modules\.pnpm\@babel+parser@7.29.3\node_modules\@babel\parser\lib\index.js:12438:16)
      at TypeScriptParserMixin.parseExpression (C:\Users\user\Downloads\Problem-Statementzip (1)\node_modules\.pnpm\@babel+parser@7.29.3\node_modules\@babel\parser\lib\index.js:10797:17)
      at TypeScriptParserMixin.parseReturnStatement (C:\Users\user\Downloads\Problem-Statementzip (1)\node_modules\.pnpm\@babel+parser@7.29.3\node_modules\@babel\parser\lib\index.js:13159:28)
      at TypeScriptParserMixin.parseStatementContent (C:\Users\user\Downloads\Problem-Statementzip (1)\node_modules\.pnpm\@babel+parser@7.29.3\node_modules\@babel\parser\lib\index.js:12815:21)
      at TypeScriptParserMixin.parseStatementContent (C:\Users\user\Downloads\Problem-Statementzip (1)\node_modules\.pnpm\@babel+parser@7.29.3\node_modules\@babel\parser\lib\index.js:9525:18)
      at TypeScriptParserMixin.parseStatementLike (C:\Users\user\Downloads\Problem-Statementzip (1)\node_modules\.pnpm\@babel+parser@7.29.3\node_modules\@babel\parser\lib\index.js:12784:17)
      at TypeScriptParserMixin.parseStatementListItem (C:\Users\user\Downloads\Problem-Statementzip (1)\node_modules\.pnpm\@babel+parser@7.29.3\node_modules\@babel\parser\lib\index.js:12764:17)
      at TypeScriptParserMixin.parseBlockOrModuleBlockBody (C:\Users\user\Downloads\Problem-Statementzip (1)\node_modules\.pnpm\@babel+parser@7.29.3\node_modules\@babel\parser\lib\index.js:13333:61)
      at TypeScriptParserMixin.parseBlockBody (C:\Users\user\Downloads\Problem-Statementzip (1)\node_modules\.pnpm\@babel+parser@7.29.3\node_modules\@babel\parser\lib\index.js:13326:10)
      at TypeScriptParserMixin.parseBlock (C:\Users\user\Downloads\Problem-Statementzip (1)\node_modules\.pnpm\@babel+parser@7.29.3\node_modules\@babel\parser\lib\index.js:13314:10)
      at TypeScriptParserMixin.parseFunctionBody (C:\Users\user\Downloads\Problem-Statementzip (1)\node_modules\.pnpm\@babel+parser@7.29.3\node_modules\@babel\parser\lib\index.js:12117:24)
      at TypeScriptParserMixin.parseFunctionBodyAndFinish (C:\Users\user\Downloads\Problem-Statementzip (1)\node_modules\.pnpm\@babel+parser@7.29.3\node_modules\@babel\parser\lib\index.js:12103:10)
[33m[vite:css][postcss] @import must precede all other statements (besides @charset or empty @layer)
29 |    src: url(../../../node_modules/.pnpm/@fontsource+geist-sans@5.2.5/node_modules/@fontsource/geist-sans/files/geist-s...
30 |  }
31 |  @import url("https://api.fontshare.com/v2/css?f[]=general-sans@400,500,600,700&display=swap");
   |  ^^^^^^^^^^^^^^^^^^^^^^^^^^^^^^^^^^^^^^^^^^^^^^^^^^^^^^^^^^^^^^^^^^^^^^^^^^^^^^^^^^^^^^^^^^^^^^
32 |  @layer theme, base, components, utilities;
33 |  @layer theme {[39m
[33m[vite:css][postcss] @import must precede all other statements (besides @charset or empty @layer)
29 |    src: url(../../../node_modules/.pnpm/@fontsource+geist-sans@5.2.5/node_modules/@fontsource/geist-sans/files/geist-s...
30 |  }
31 |  @import url("https://api.fontshare.com/v2/css?f[]=general-sans@400,500,600,700&display=swap");
   |  ^^^^^^^^^^^^^^^^^^^^^^^^^^^^^^^^^^^^^^^^^^^^^^^^^^^^^^^^^^^^^^^^^^^^^^^^^^^^^^^^^^^^^^^^^^^^^^
32 |  @layer theme, base, components, utilities;
33 |  @layer theme {[39m
[33m[vite:css][postcss] @import must precede all other statements (besides @charset or empty @layer)
29 |    src: url(../../../node_modules/.pnpm/@fontsource+geist-sans@5.2.5/node_modules/@fontsource/geist-sans/files/geist-s...
30 |  }
31 |  @import url("https://api.fontshare.com/v2/css?f[]=general-sans@400,500,600,700&display=swap");
   |  ^^^^^^^^^^^^^^^^^^^^^^^^^^^^^^^^^^^^^^^^^^^^^^^^^^^^^^^^^^^^^^^^^^^^^^^^^^^^^^^^^^^^^^^^^^^^^^
32 |  @layer theme, base, components, utilities;
33 |  @layer theme {[39m
[33m[vite:css][postcss] @import must precede all other statements (besides @charset or empty @layer)
29 |    src: url(../../../node_modules/.pnpm/@fontsource+geist-sans@5.2.5/node_modules/@fontsource/geist-sans/files/geist-s...
30 |  }
31 |  @import url("https://api.fontshare.com/v2/css?f[]=general-sans@400,500,600,700&display=swap");
   |  ^^^^^^^^^^^^^^^^^^^^^^^^^^^^^^^^^^^^^^^^^^^^^^^^^^^^^^^^^^^^^^^^^^^^^^^^^^^^^^^^^^^^^^^^^^^^^^
32 |  @layer theme, base, components, utilities;
33 |  @layer theme {[39m
[33m[vite:css][postcss] @import must precede all other statements (besides @charset or empty @layer)
29 |    src: url(../../../node_modules/.pnpm/@fontsource+geist-sans@5.2.5/node_modules/@fontsource/geist-sans/files/geist-s...
30 |  }
31 |  @import url("https://api.fontshare.com/v2/css?f[]=general-sans@400,500,600,700&display=swap");
   |  ^^^^^^^^^^^^^^^^^^^^^^^^^^^^^^^^^^^^^^^^^^^^^^^^^^^^^^^^^^^^^^^^^^^^^^^^^^^^^^^^^^^^^^^^^^^^^^
32 |  @layer theme, base, components, utilities;
33 |  @layer theme {[39m
[2m3:32:39 AM[22m [31m[1m[vite][22m[39m [31mInternal server error: C:\Users\user\Downloads\Problem-Statementzip (1)\artifacts\sketch-to-component\src\components\layout.tsx: Expected corresponding JSX closing tag for <motion.div>. (158:8)

[0m [90m 156 |[31m             [33m<[31m[33m/[31m[33mbutton[31m[33m>[31m
 [90m 157 |[31m           [33m<[31m[33m/[31m[33mLink[31m[33m>[31m
[31m[1m>[22m[31m[90m 158 |[31m         [33m<[31m[33m/[31m[33mdiv[31m[33m>[31m
 [90m     |[31m         [31m[1m^[22m[31m
 [90m 159 |[31m
 [90m 160 |[31m         {[90m/* Right: Settings + Run button */[31m}
 [90m 161 |[31m         [33m<[31m[33mdiv[31m className[33m=[31m[32m"flex items-center gap-3"[31m[33m>[31m[0m[39m
  Plugin: [35mvite:react-babel[39m
  File: [36mC:/Users/user/Downloads/Problem-Statementzip (1)/artifacts/sketch-to-component/src/components/layout.tsx[39m:158:8
[33m  156 |              </button>
  157 |            </Link>
  158 |          </div>
      |          ^
  159 |  
  160 |          {/* Right: Settings + Run button */}[39m
      at constructor (C:\Users\user\Downloads\Problem-Statementzip (1)\node_modules\.pnpm\@babel+parser@7.29.3\node_modules\@babel\parser\lib\index.js:365:19)
      at TypeScriptParserMixin.raise (C:\Users\user\Downloads\Problem-Statementzip (1)\node_modules\.pnpm\@babel+parser@7.29.3\node_modules\@babel\parser\lib\index.js:6616:19)
      at TypeScriptParserMixin.jsxParseElementAt (C:\Users\user\Downloads\Problem-Statementzip (1)\node_modules\.pnpm\@babel+parser@7.29.3\node_modules\@babel\parser\lib\index.js:4739:16)
      at TypeScriptParserMixin.jsxParseElementAt (C:\Users\user\Downloads\Problem-Statementzip (1)\node_modules\.pnpm\@babel+parser@7.29.3\node_modules\@babel\parser\lib\index.js:4710:32)
      at TypeScriptParserMixin.jsxParseElementAt (C:\Users\user\Downloads\Problem-Statementzip (1)\node_modules\.pnpm\@babel+parser@7.29.3\node_modules\@babel\parser\lib\index.js:4710:32)
      at TypeScriptParserMixin.jsxParseElement (C:\Users\user\Downloads\Problem-Statementzip (1)\node_modules\.pnpm\@babel+parser@7.29.3\node_modules\@babel\parser\lib\index.js:4761:17)
      at TypeScriptParserMixin.parseExprAtom (C:\Users\user\Downloads\Problem-Statementzip (1)\node_modules\.pnpm\@babel+parser@7.29.3\node_modules\@babel\parser\lib\index.js:4771:19)
      at TypeScriptParserMixin.parseExprSubscripts (C:\Users\user\Downloads\Problem-Statementzip (1)\node_modules\.pnpm\@babel+parser@7.29.3\node_modules\@babel\parser\lib\index.js:11098:23)
      at TypeScriptParserMixin.parseUpdate (C:\Users\user\Downloads\Problem-Statementzip (1)\node_modules\.pnpm\@babel+parser@7.29.3\node_modules\@babel\parser\lib\index.js:11083:21)
      at TypeScriptParserMixin.parseMaybeUnary (C:\Users\user\Downloads\Problem-Statementzip (1)\node_modules\.pnpm\@babel+parser@7.29.3\node_modules\@babel\parser\lib\index.js:11063:23)
      at TypeScriptParserMixin.parseMaybeUnary (C:\Users\user\Downloads\Problem-Statementzip (1)\node_modules\.pnpm\@babel+parser@7.29.3\node_modules\@babel\parser\lib\index.js:9854:18)
      at TypeScriptParserMixin.parseMaybeUnaryOrPrivate (C:\Users\user\Downloads\Problem-Statementzip (1)\node_modules\.pnpm\@babel+parser@7.29.3\node_modules\@babel\parser\lib\index.js:10916:61)
      at TypeScriptParserMixin.parseExprOps (C:\Users\user\Downloads\Problem-Statementzip (1)\node_modules\.pnpm\@babel+parser@7.29.3\node_modules\@babel\parser\lib\index.js:10921:23)
      at TypeScriptParserMixin.parseMaybeConditional (C:\Users\user\Downloads\Problem-Statementzip (1)\node_modules\.pnpm\@babel+parser@7.29.3\node_modules\@babel\parser\lib\index.js:10898:23)
      at TypeScriptParserMixin.parseMaybeAssign (C:\Users\user\Downloads\Problem-Statementzip (1)\node_modules\.pnpm\@babel+parser@7.29.3\node_modules\@babel\parser\lib\index.js:10848:21)
      at C:\Users\user\Downloads\Problem-Statementzip (1)\node_modules\.pnpm\@babel+parser@7.29.3\node_modules\@babel\parser\lib\index.js:9792:39
      at TypeScriptParserMixin.tryParse (C:\Users\user\Downloads\Problem-Statementzip (1)\node_modules\.pnpm\@babel+parser@7.29.3\node_modules\@babel\parser\lib\index.js:6924:20)
      at TypeScriptParserMixin.parseMaybeAssign (C:\Users\user\Downloads\Problem-Statementzip (1)\node_modules\.pnpm\@babel+parser@7.29.3\node_modules\@babel\parser\lib\index.js:9792:18)
      at C:\Users\user\Downloads\Problem-Statementzip (1)\node_modules\.pnpm\@babel+parser@7.29.3\node_modules\@babel\parser\lib\index.js:10817:39
      at TypeScriptParserMixin.allowInAnd (C:\Users\user\Downloads\Problem-Statementzip (1)\node_modules\.pnpm\@babel+parser@7.29.3\node_modules\@babel\parser\lib\index.js:12443:12)
      at TypeScriptParserMixin.parseMaybeAssignAllowIn (C:\Users\user\Downloads\Problem-Statementzip (1)\node_modules\.pnpm\@babel+parser@7.29.3\node_modules\@babel\parser\lib\index.js:10817:17)
      at TypeScriptParserMixin.parseMaybeAssignAllowInOrVoidPattern (C:\Users\user\Downloads\Problem-Statementzip (1)\node_modules\.pnpm\@babel+parser@7.29.3\node_modules\@babel\parser\lib\index.js:12510:17)
      at TypeScriptParserMixin.parseParenAndDistinguishExpression (C:\Users\user\Downloads\Problem-Statementzip (1)\node_modules\.pnpm\@babel+parser@7.29.3\node_modules\@babel\parser\lib\index.js:11692:28)
      at TypeScriptParserMixin.parseExprAtom (C:\Users\user\Downloads\Problem-Statementzip (1)\node_modules\.pnpm\@babel+parser@7.29.3\node_modules\@babel\parser\lib\index.js:11348:23)
      at TypeScriptParserMixin.parseExprAtom (C:\Users\user\Downloads\Problem-Statementzip (1)\node_modules\.pnpm\@babel+parser@7.29.3\node_modules\@babel\parser\lib\index.js:4776:20)
      at TypeScriptParserMixin.parseExprSubscripts (C:\Users\user\Downloads\Problem-Statementzip (1)\node_modules\.pnpm\@babel+parser@7.29.3\node_modules\@babel\parser\lib\index.js:11098:23)
      at TypeScriptParserMixin.parseUpdate (C:\Users\user\Downloads\Problem-Statementzip (1)\node_modules\.pnpm\@babel+parser@7.29.3\node_modules\@babel\parser\lib\index.js:11083:21)
      at TypeScriptParserMixin.parseMaybeUnary (C:\Users\user\Downloads\Problem-Statementzip (1)\node_modules\.pnpm\@babel+parser@7.29.3\node_modules\@babel\parser\lib\index.js:11063:23)
      at TypeScriptParserMixin.parseMaybeUnary (C:\Users\user\Downloads\Problem-Statementzip (1)\node_modules\.pnpm\@babel+parser@7.29.3\node_modules\@babel\parser\lib\index.js:9854:18)
      at TypeScriptParserMixin.parseMaybeUnaryOrPrivate (C:\Users\user\Downloads\Problem-Statementzip (1)\node_modules\.pnpm\@babel+parser@7.29.3\node_modules\@babel\parser\lib\index.js:10916:61)
      at TypeScriptParserMixin.parseExprOps (C:\Users\user\Downloads\Problem-Statementzip (1)\node_modules\.pnpm\@babel+parser@7.29.3\node_modules\@babel\parser\lib\index.js:10921:23)
      at TypeScriptParserMixin.parseMaybeConditional (C:\Users\user\Downloads\Problem-Statementzip (1)\node_modules\.pnpm\@babel+parser@7.29.3\node_modules\@babel\parser\lib\index.js:10898:23)
      at TypeScriptParserMixin.parseMaybeAssign (C:\Users\user\Downloads\Problem-Statementzip (1)\node_modules\.pnpm\@babel+parser@7.29.3\node_modules\@babel\parser\lib\index.js:10848:21)
      at TypeScriptParserMixin.parseMaybeAssign (C:\Users\user\Downloads\Problem-Statementzip (1)\node_modules\.pnpm\@babel+parser@7.29.3\node_modules\@babel\parser\lib\index.js:9803:20)
      at TypeScriptParserMixin.parseExpressionBase (C:\Users\user\Downloads\Problem-Statementzip (1)\node_modules\.pnpm\@babel+parser@7.29.3\node_modules\@babel\parser\lib\index.js:10801:23)
      at C:\Users\user\Downloads\Problem-Statementzip (1)\node_modules\.pnpm\@babel+parser@7.29.3\node_modules\@babel\parser\lib\index.js:10797:39
      at TypeScriptParserMixin.allowInAnd (C:\Users\user\Downloads\Problem-Statementzip (1)\node_modules\.pnpm\@babel+parser@7.29.3\node_modules\@babel\parser\lib\index.js:12438:16)
      at TypeScriptParserMixin.parseExpression (C:\Users\user\Downloads\Problem-Statementzip (1)\node_modules\.pnpm\@babel+parser@7.29.3\node_modules\@babel\parser\lib\index.js:10797:17)
      at TypeScriptParserMixin.parseReturnStatement (C:\Users\user\Downloads\Problem-Statementzip (1)\node_modules\.pnpm\@babel+parser@7.29.3\node_modules\@babel\parser\lib\index.js:13159:28)
      at TypeScriptParserMixin.parseStatementContent (C:\Users\user\Downloads\Problem-Statementzip (1)\node_modules\.pnpm\@babel+parser@7.29.3\node_modules\@babel\parser\lib\index.js:12815:21)
      at TypeScriptParserMixin.parseStatementContent (C:\Users\user\Downloads\Problem-Statementzip (1)\node_modules\.pnpm\@babel+parser@7.29.3\node_modules\@babel\parser\lib\index.js:9525:18)
      at TypeScriptParserMixin.parseStatementLike (C:\Users\user\Downloads\Problem-Statementzip (1)\node_modules\.pnpm\@babel+parser@7.29.3\node_modules\@babel\parser\lib\index.js:12784:17)
      at TypeScriptParserMixin.parseStatementListItem (C:\Users\user\Downloads\Problem-Statementzip (1)\node_modules\.pnpm\@babel+parser@7.29.3\node_modules\@babel\parser\lib\index.js:12764:17)
      at TypeScriptParserMixin.parseBlockOrModuleBlockBody (C:\Users\user\Downloads\Problem-Statementzip (1)\node_modules\.pnpm\@babel+parser@7.29.3\node_modules\@babel\parser\lib\index.js:13333:61)
      at TypeScriptParserMixin.parseBlockBody (C:\Users\user\Downloads\Problem-Statementzip (1)\node_modules\.pnpm\@babel+parser@7.29.3\node_modules\@babel\parser\lib\index.js:13326:10)
      at TypeScriptParserMixin.parseBlock (C:\Users\user\Downloads\Problem-Statementzip (1)\node_modules\.pnpm\@babel+parser@7.29.3\node_modules\@babel\parser\lib\index.js:13314:10)
      at TypeScriptParserMixin.parseFunctionBody (C:\Users\user\Downloads\Problem-Statementzip (1)\node_modules\.pnpm\@babel+parser@7.29.3\node_modules\@babel\parser\lib\index.js:12117:24)
      at TypeScriptParserMixin.parseFunctionBodyAndFinish (C:\Users\user\Downloads\Problem-Statementzip (1)\node_modules\.pnpm\@babel+parser@7.29.3\node_modules\@babel\parser\lib\index.js:12103:10)
      at TypeScriptParserMixin.parseFunctionBodyAndFinish (C:\Users\user\Downloads\Problem-Statementzip (1)\node_modules\.pnpm\@babel+parser@7.29.3\node_modules\@babel\parser\lib\index.js:9189:18)
      at C:\Users\user\Downloads\Problem-Statementzip (1)\node_modules\.pnpm\@babel+parser@7.29.3\node_modules\@babel\parser\lib\index.js:13462:12
[2m3:32:39 AM[22m [31m[1m[vite][22m[39m [31mInternal server error: C:\Users\user\Downloads\Problem-Statementzip (1)\artifacts\sketch-to-component\src\components\layout.tsx: Expected corresponding JSX closing tag for <motion.div>. (158:8)

[0m [90m 156 |[31m             [33m<[31m[33m/[31m[33mbutton[31m[33m>[31m
 [90m 157 |[31m           [33m<[31m[33m/[31m[33mLink[31m[33m>[31m
[31m[1m>[22m[31m[90m 158 |[31m         [33m<[31m[33m/[31m[33mdiv[31m[33m>[31m
 [90m     |[31m         [31m[1m^[22m[31m
 [90m 159 |[31m
 [90m 160 |[31m         {[90m/* Right: Settings + Run button */[31m}
 [90m 161 |[31m         [33m<[31m[33mdiv[31m className[33m=[31m[32m"flex items-center gap-3"[31m[33m>[31m[0m[39m
  Plugin: [35mvite:react-babel[39m
  File: [36mC:/Users/user/Downloads/Problem-Statementzip (1)/artifacts/sketch-to-component/src/components/layout.tsx[39m:158:8
[33m  156 |              </button>
  157 |            </Link>
  158 |          </div>
      |          ^
  159 |  
  160 |          {/* Right: Settings + Run button */}[39m
      at constructor (C:\Users\user\Downloads\Problem-Statementzip (1)\node_modules\.pnpm\@babel+parser@7.29.3\node_modules\@babel\parser\lib\index.js:365:19)
      at TypeScriptParserMixin.raise (C:\Users\user\Downloads\Problem-Statementzip (1)\node_modules\.pnpm\@babel+parser@7.29.3\node_modules\@babel\parser\lib\index.js:6616:19)
      at TypeScriptParserMixin.jsxParseElementAt (C:\Users\user\Downloads\Problem-Statementzip (1)\node_modules\.pnpm\@babel+parser@7.29.3\node_modules\@babel\parser\lib\index.js:4739:16)
      at TypeScriptParserMixin.jsxParseElementAt (C:\Users\user\Downloads\Problem-Statementzip (1)\node_modules\.pnpm\@babel+parser@7.29.3\node_modules\@babel\parser\lib\index.js:4710:32)
      at TypeScriptParserMixin.jsxParseElementAt (C:\Users\user\Downloads\Problem-Statementzip (1)\node_modules\.pnpm\@babel+parser@7.29.3\node_modules\@babel\parser\lib\index.js:4710:32)
      at TypeScriptParserMixin.jsxParseElement (C:\Users\user\Downloads\Problem-Statementzip (1)\node_modules\.pnpm\@babel+parser@7.29.3\node_modules\@babel\parser\lib\index.js:4761:17)
      at TypeScriptParserMixin.parseExprAtom (C:\Users\user\Downloads\Problem-Statementzip (1)\node_modules\.pnpm\@babel+parser@7.29.3\node_modules\@babel\parser\lib\index.js:4771:19)
      at TypeScriptParserMixin.parseExprSubscripts (C:\Users\user\Downloads\Problem-Statementzip (1)\node_modules\.pnpm\@babel+parser@7.29.3\node_modules\@babel\parser\lib\index.js:11098:23)
      at TypeScriptParserMixin.parseUpdate (C:\Users\user\Downloads\Problem-Statementzip (1)\node_modules\.pnpm\@babel+parser@7.29.3\node_modules\@babel\parser\lib\index.js:11083:21)
      at TypeScriptParserMixin.parseMaybeUnary (C:\Users\user\Downloads\Problem-Statementzip (1)\node_modules\.pnpm\@babel+parser@7.29.3\node_modules\@babel\parser\lib\index.js:11063:23)
      at TypeScriptParserMixin.parseMaybeUnary (C:\Users\user\Downloads\Problem-Statementzip (1)\node_modules\.pnpm\@babel+parser@7.29.3\node_modules\@babel\parser\lib\index.js:9854:18)
      at TypeScriptParserMixin.parseMaybeUnaryOrPrivate (C:\Users\user\Downloads\Problem-Statementzip (1)\node_modules\.pnpm\@babel+parser@7.29.3\node_modules\@babel\parser\lib\index.js:10916:61)
      at TypeScriptParserMixin.parseExprOps (C:\Users\user\Downloads\Problem-Statementzip (1)\node_modules\.pnpm\@babel+parser@7.29.3\node_modules\@babel\parser\lib\index.js:10921:23)
      at TypeScriptParserMixin.parseMaybeConditional (C:\Users\user\Downloads\Problem-Statementzip (1)\node_modules\.pnpm\@babel+parser@7.29.3\node_modules\@babel\parser\lib\index.js:10898:23)
      at TypeScriptParserMixin.parseMaybeAssign (C:\Users\user\Downloads\Problem-Statementzip (1)\node_modules\.pnpm\@babel+parser@7.29.3\node_modules\@babel\parser\lib\index.js:10848:21)
      at C:\Users\user\Downloads\Problem-Statementzip (1)\node_modules\.pnpm\@babel+parser@7.29.3\node_modules\@babel\parser\lib\index.js:9792:39
      at TypeScriptParserMixin.tryParse (C:\Users\user\Downloads\Problem-Statementzip (1)\node_modules\.pnpm\@babel+parser@7.29.3\node_modules\@babel\parser\lib\index.js:6924:20)
      at TypeScriptParserMixin.parseMaybeAssign (C:\Users\user\Downloads\Problem-Statementzip (1)\node_modules\.pnpm\@babel+parser@7.29.3\node_modules\@babel\parser\lib\index.js:9792:18)
      at C:\Users\user\Downloads\Problem-Statementzip (1)\node_modules\.pnpm\@babel+parser@7.29.3\node_modules\@babel\parser\lib\index.js:10817:39
      at TypeScriptParserMixin.allowInAnd (C:\Users\user\Downloads\Problem-Statementzip (1)\node_modules\.pnpm\@babel+parser@7.29.3\node_modules\@babel\parser\lib\index.js:12443:12)
      at TypeScriptParserMixin.parseMaybeAssignAllowIn (C:\Users\user\Downloads\Problem-Statementzip (1)\node_modules\.pnpm\@babel+parser@7.29.3\node_modules\@babel\parser\lib\index.js:10817:17)
      at TypeScriptParserMixin.parseMaybeAssignAllowInOrVoidPattern (C:\Users\user\Downloads\Problem-Statementzip (1)\node_modules\.pnpm\@babel+parser@7.29.3\node_modules\@babel\parser\lib\index.js:12510:17)
      at TypeScriptParserMixin.parseParenAndDistinguishExpression (C:\Users\user\Downloads\Problem-Statementzip (1)\node_modules\.pnpm\@babel+parser@7.29.3\node_modules\@babel\parser\lib\index.js:11692:28)
      at TypeScriptParserMixin.parseExprAtom (C:\Users\user\Downloads\Problem-Statementzip (1)\node_modules\.pnpm\@babel+parser@7.29.3\node_modules\@babel\parser\lib\index.js:11348:23)
      at TypeScriptParserMixin.parseExprAtom (C:\Users\user\Downloads\Problem-Statementzip (1)\node_modules\.pnpm\@babel+parser@7.29.3\node_modules\@babel\parser\lib\index.js:4776:20)
      at TypeScriptParserMixin.parseExprSubscripts (C:\Users\user\Downloads\Problem-Statementzip (1)\node_modules\.pnpm\@babel+parser@7.29.3\node_modules\@babel\parser\lib\index.js:11098:23)
      at TypeScriptParserMixin.parseUpdate (C:\Users\user\Downloads\Problem-Statementzip (1)\node_modules\.pnpm\@babel+parser@7.29.3\node_modules\@babel\parser\lib\index.js:11083:21)
      at TypeScriptParserMixin.parseMaybeUnary (C:\Users\user\Downloads\Problem-Statementzip (1)\node_modules\.pnpm\@babel+parser@7.29.3\node_modules\@babel\parser\lib\index.js:11063:23)
      at TypeScriptParserMixin.parseMaybeUnary (C:\Users\user\Downloads\Problem-Statementzip (1)\node_modules\.pnpm\@babel+parser@7.29.3\node_modules\@babel\parser\lib\index.js:9854:18)
      at TypeScriptParserMixin.parseMaybeUnaryOrPrivate (C:\Users\user\Downloads\Problem-Statementzip (1)\node_modules\.pnpm\@babel+parser@7.29.3\node_modules\@babel\parser\lib\index.js:10916:61)
      at TypeScriptParserMixin.parseExprOps (C:\Users\user\Downloads\Problem-Statementzip (1)\node_modules\.pnpm\@babel+parser@7.29.3\node_modules\@babel\parser\lib\index.js:10921:23)
      at TypeScriptParserMixin.parseMaybeConditional (C:\Users\user\Downloads\Problem-Statementzip (1)\node_modules\.pnpm\@babel+parser@7.29.3\node_modules\@babel\parser\lib\index.js:10898:23)
      at TypeScriptParserMixin.parseMaybeAssign (C:\Users\user\Downloads\Problem-Statementzip (1)\node_modules\.pnpm\@babel+parser@7.29.3\node_modules\@babel\parser\lib\index.js:10848:21)
      at TypeScriptParserMixin.parseMaybeAssign (C:\Users\user\Downloads\Problem-Statementzip (1)\node_modules\.pnpm\@babel+parser@7.29.3\node_modules\@babel\parser\lib\index.js:9803:20)
      at TypeScriptParserMixin.parseExpressionBase (C:\Users\user\Downloads\Problem-Statementzip (1)\node_modules\.pnpm\@babel+parser@7.29.3\node_modules\@babel\parser\lib\index.js:10801:23)
      at C:\Users\user\Downloads\Problem-Statementzip (1)\node_modules\.pnpm\@babel+parser@7.29.3\node_modules\@babel\parser\lib\index.js:10797:39
      at TypeScriptParserMixin.allowInAnd (C:\Users\user\Downloads\Problem-Statementzip (1)\node_modules\.pnpm\@babel+parser@7.29.3\node_modules\@babel\parser\lib\index.js:12438:16)
      at TypeScriptParserMixin.parseExpression (C:\Users\user\Downloads\Problem-Statementzip (1)\node_modules\.pnpm\@babel+parser@7.29.3\node_modules\@babel\parser\lib\index.js:10797:17)
      at TypeScriptParserMixin.parseReturnStatement (C:\Users\user\Downloads\Problem-Statementzip (1)\node_modules\.pnpm\@babel+parser@7.29.3\node_modules\@babel\parser\lib\index.js:13159:28)
      at TypeScriptParserMixin.parseStatementContent (C:\Users\user\Downloads\Problem-Statementzip (1)\node_modules\.pnpm\@babel+parser@7.29.3\node_modules\@babel\parser\lib\index.js:12815:21)
      at TypeScriptParserMixin.parseStatementContent (C:\Users\user\Downloads\Problem-Statementzip (1)\node_modules\.pnpm\@babel+parser@7.29.3\node_modules\@babel\parser\lib\index.js:9525:18)
      at TypeScriptParserMixin.parseStatementLike (C:\Users\user\Downloads\Problem-Statementzip (1)\node_modules\.pnpm\@babel+parser@7.29.3\node_modules\@babel\parser\lib\index.js:12784:17)
      at TypeScriptParserMixin.parseStatementListItem (C:\Users\user\Downloads\Problem-Statementzip (1)\node_modules\.pnpm\@babel+parser@7.29.3\node_modules\@babel\parser\lib\index.js:12764:17)
      at TypeScriptParserMixin.parseBlockOrModuleBlockBody (C:\Users\user\Downloads\Problem-Statementzip (1)\node_modules\.pnpm\@babel+parser@7.29.3\node_modules\@babel\parser\lib\index.js:13333:61)
      at TypeScriptParserMixin.parseBlockBody (C:\Users\user\Downloads\Problem-Statementzip (1)\node_modules\.pnpm\@babel+parser@7.29.3\node_modules\@babel\parser\lib\index.js:13326:10)
      at TypeScriptParserMixin.parseBlock (C:\Users\user\Downloads\Problem-Statementzip (1)\node_modules\.pnpm\@babel+parser@7.29.3\node_modules\@babel\parser\lib\index.js:13314:10)
      at TypeScriptParserMixin.parseFunctionBody (C:\Users\user\Downloads\Problem-Statementzip (1)\node_modules\.pnpm\@babel+parser@7.29.3\node_modules\@babel\parser\lib\index.js:12117:24)
      at TypeScriptParserMixin.parseFunctionBodyAndFinish (C:\Users\user\Downloads\Problem-Statementzip (1)\node_modules\.pnpm\@babel+parser@7.29.3\node_modules\@babel\parser\lib\index.js:12103:10)
      at TypeScriptParserMixin.parseFunctionBodyAndFinish (C:\Users\user\Downloads\Problem-Statementzip (1)\node_modules\.pnpm\@babel+parser@7.29.3\node_modules\@babel\parser\lib\index.js:9189:18)
      at C:\Users\user\Downloads\Problem-Statementzip (1)\node_modules\.pnpm\@babel+parser@7.29.3\node_modules\@babel\parser\lib\index.js:13462:12
[33m[vite:css][postcss] @import must precede all other statements (besides @charset or empty @layer)
29 |    src: url(../../../node_modules/.pnpm/@fontsource+geist-sans@5.2.5/node_modules/@fontsource/geist-sans/files/geist-s...
30 |  }
31 |  @import url("https://api.fontshare.com/v2/css?f[]=general-sans@400,500,600,700&display=swap");
   |  ^^^^^^^^^^^^^^^^^^^^^^^^^^^^^^^^^^^^^^^^^^^^^^^^^^^^^^^^^^^^^^^^^^^^^^^^^^^^^^^^^^^^^^^^^^^^^^
32 |  @layer theme, base, components, utilities;
33 |  @layer theme {[39m
[33m[vite:css][postcss] @import must precede all other statements (besides @charset or empty @layer)
29 |    src: url(../../../node_modules/.pnpm/@fontsource+geist-sans@5.2.5/node_modules/@fontsource/geist-sans/files/geist-s...
30 |  }
31 |  @import url("https://api.fontshare.com/v2/css?f[]=general-sans@400,500,600,700&display=swap");
   |  ^^^^^^^^^^^^^^^^^^^^^^^^^^^^^^^^^^^^^^^^^^^^^^^^^^^^^^^^^^^^^^^^^^^^^^^^^^^^^^^^^^^^^^^^^^^^^^
32 |  @layer theme, base, components, utilities;
33 |  @layer theme {[39m
[33m[vite:css][postcss] @import must precede all other statements (besides @charset or empty @layer)
29 |    src: url(../../../node_modules/.pnpm/@fontsource+geist-sans@5.2.5/node_modules/@fontsource/geist-sans/files/geist-s...
30 |  }
31 |  @import url("https://api.fontshare.com/v2/css?f[]=general-sans@400,500,600,700&display=swap");
   |  ^^^^^^^^^^^^^^^^^^^^^^^^^^^^^^^^^^^^^^^^^^^^^^^^^^^^^^^^^^^^^^^^^^^^^^^^^^^^^^^^^^^^^^^^^^^^^^
32 |  @layer theme, base, components, utilities;
33 |  @layer theme {[39m
[33m[vite:css][postcss] @import must precede all other statements (besides @charset or empty @layer)
29 |    src: url(../../../node_modules/.pnpm/@fontsource+geist-sans@5.2.5/node_modules/@fontsource/geist-sans/files/geist-s...
30 |  }
31 |  @import url("https://api.fontshare.com/v2/css?f[]=general-sans@400,500,600,700&display=swap");
   |  ^^^^^^^^^^^^^^^^^^^^^^^^^^^^^^^^^^^^^^^^^^^^^^^^^^^^^^^^^^^^^^^^^^^^^^^^^^^^^^^^^^^^^^^^^^^^^^
32 |  @layer theme, base, components, utilities;
33 |  @layer theme {[39m
[33m[vite:css][postcss] @import must precede all other statements (besides @charset or empty @layer)
29 |    src: url(../../../node_modules/.pnpm/@fontsource+geist-sans@5.2.5/node_modules/@fontsource/geist-sans/files/geist-s...
30 |  }
31 |  @import url("https://api.fontshare.com/v2/css?f[]=general-sans@400,500,600,700&display=swap");
   |  ^^^^^^^^^^^^^^^^^^^^^^^^^^^^^^^^^^^^^^^^^^^^^^^^^^^^^^^^^^^^^^^^^^^^^^^^^^^^^^^^^^^^^^^^^^^^^^
32 |  @layer theme, base, components, utilities;
33 |  @layer theme {[39m
[33m[vite:css][postcss] @import must precede all other statements (besides @charset or empty @layer)
29 |    src: url(../../../node_modules/.pnpm/@fontsource+geist-sans@5.2.5/node_modules/@fontsource/geist-sans/files/geist-s...
30 |  }
31 |  @import url("https://api.fontshare.com/v2/css?f[]=general-sans@400,500,600,700&display=swap");
   |  ^^^^^^^^^^^^^^^^^^^^^^^^^^^^^^^^^^^^^^^^^^^^^^^^^^^^^^^^^^^^^^^^^^^^^^^^^^^^^^^^^^^^^^^^^^^^^^
32 |  @layer theme, base, components, utilities;
33 |  @layer theme {[39m
[33m[vite:css][postcss] @import must precede all other statements (besides @charset or empty @layer)
29 |    src: url(../../../node_modules/.pnpm/@fontsource+geist-sans@5.2.5/node_modules/@fontsource/geist-sans/files/geist-s...
30 |  }
31 |  @import url("https://api.fontshare.com/v2/css?f[]=general-sans@400,500,600,700&display=swap");
   |  ^^^^^^^^^^^^^^^^^^^^^^^^^^^^^^^^^^^^^^^^^^^^^^^^^^^^^^^^^^^^^^^^^^^^^^^^^^^^^^^^^^^^^^^^^^^^^^
32 |  @layer theme, base, components, utilities;
33 |  @layer theme {[39m
[33m[vite:css][postcss] @import must precede all other statements (besides @charset or empty @layer)
29 |    src: url(../../../node_modules/.pnpm/@fontsource+geist-sans@5.2.5/node_modules/@fontsource/geist-sans/files/geist-s...
30 |  }
31 |  @import url("https://api.fontshare.com/v2/css?f[]=general-sans@400,500,600,700&display=swap");
   |  ^^^^^^^^^^^^^^^^^^^^^^^^^^^^^^^^^^^^^^^^^^^^^^^^^^^^^^^^^^^^^^^^^^^^^^^^^^^^^^^^^^^^^^^^^^^^^^
32 |  @layer theme, base, components, utilities;
33 |  @layer theme {[39m
[33m[vite:css][postcss] @import must precede all other statements (besides @charset or empty @layer)
29 |    src: url(../../../node_modules/.pnpm/@fontsource+geist-sans@5.2.5/node_modules/@fontsource/geist-sans/files/geist-s...
30 |  }
31 |  @import url("https://api.fontshare.com/v2/css?f[]=general-sans@400,500,600,700&display=swap");
   |  ^^^^^^^^^^^^^^^^^^^^^^^^^^^^^^^^^^^^^^^^^^^^^^^^^^^^^^^^^^^^^^^^^^^^^^^^^^^^^^^^^^^^^^^^^^^^^^
32 |  @layer theme, base, components, utilities;
33 |  @layer theme {[39m
[33m[vite:css][postcss] @import must precede all other statements (besides @charset or empty @layer)
29 |    src: url(../../../node_modules/.pnpm/@fontsource+geist-sans@5.2.5/node_modules/@fontsource/geist-sans/files/geist-s...
30 |  }
31 |  @import url("https://api.fontshare.com/v2/css?f[]=general-sans@400,500,600,700&display=swap");
   |  ^^^^^^^^^^^^^^^^^^^^^^^^^^^^^^^^^^^^^^^^^^^^^^^^^^^^^^^^^^^^^^^^^^^^^^^^^^^^^^^^^^^^^^^^^^^^^^
32 |  @layer theme, base, components, utilities;
33 |  @layer theme {[39m
[33m[vite:css][postcss] @import must precede all other statements (besides @charset or empty @layer)
29 |    src: url(../../../node_modules/.pnpm/@fontsource+geist-sans@5.2.5/node_modules/@fontsource/geist-sans/files/geist-s...
30 |  }
31 |  @import url("https://api.fontshare.com/v2/css?f[]=general-sans@400,500,600,700&display=swap");
   |  ^^^^^^^^^^^^^^^^^^^^^^^^^^^^^^^^^^^^^^^^^^^^^^^^^^^^^^^^^^^^^^^^^^^^^^^^^^^^^^^^^^^^^^^^^^^^^^
32 |  @layer theme, base, components, utilities;
33 |  @layer theme {[39m
[33m[vite:css][postcss] @import must precede all other statements (besides @charset or empty @layer)
29 |    src: url(../../../node_modules/.pnpm/@fontsource+geist-sans@5.2.5/node_modules/@fontsource/geist-sans/files/geist-s...
30 |  }
31 |  @import url("https://api.fontshare.com/v2/css?f[]=general-sans@400,500,600,700&display=swap");
   |  ^^^^^^^^^^^^^^^^^^^^^^^^^^^^^^^^^^^^^^^^^^^^^^^^^^^^^^^^^^^^^^^^^^^^^^^^^^^^^^^^^^^^^^^^^^^^^^
32 |  @layer theme, base, components, utilities;
33 |  @layer theme {[39m
[33m[vite:css][postcss] @import must precede all other statements (besides @charset or empty @layer)
29 |    src: url(../../../node_modules/.pnpm/@fontsource+geist-sans@5.2.5/node_modules/@fontsource/geist-sans/files/geist-s...
30 |  }
31 |  @import url("https://api.fontshare.com/v2/css?f[]=general-sans@400,500,600,700&display=swap");
   |  ^^^^^^^^^^^^^^^^^^^^^^^^^^^^^^^^^^^^^^^^^^^^^^^^^^^^^^^^^^^^^^^^^^^^^^^^^^^^^^^^^^^^^^^^^^^^^^
32 |  @layer theme, base, components, utilities;
33 |  @layer theme {[39m
[33m[vite:css][postcss] @import must precede all other statements (besides @charset or empty @layer)
29 |    src: url(../../../node_modules/.pnpm/@fontsource+geist-sans@5.2.5/node_modules/@fontsource/geist-sans/files/geist-s...
30 |  }
31 |  @import url("https://api.fontshare.com/v2/css?f[]=general-sans@400,500,600,700&display=swap");
   |  ^^^^^^^^^^^^^^^^^^^^^^^^^^^^^^^^^^^^^^^^^^^^^^^^^^^^^^^^^^^^^^^^^^^^^^^^^^^^^^^^^^^^^^^^^^^^^^
32 |  @layer theme, base, components, utilities;
33 |  @layer theme {[39m
[33m[vite:css][postcss] @import must precede all other statements (besides @charset or empty @layer)
29 |    src: url(../../../node_modules/.pnpm/@fontsource+geist-sans@5.2.5/node_modules/@fontsource/geist-sans/files/geist-s...
30 |  }
31 |  @import url("https://api.fontshare.com/v2/css?f[]=general-sans@400,500,600,700&display=swap");
   |  ^^^^^^^^^^^^^^^^^^^^^^^^^^^^^^^^^^^^^^^^^^^^^^^^^^^^^^^^^^^^^^^^^^^^^^^^^^^^^^^^^^^^^^^^^^^^^^
32 |  @layer theme, base, components, utilities;
33 |  @layer theme {[39m
[33m[vite:css][postcss] @import must precede all other statements (besides @charset or empty @layer)
29 |    src: url(../../../node_modules/.pnpm/@fontsource+geist-sans@5.2.5/node_modules/@fontsource/geist-sans/files/geist-s...
30 |  }
31 |  @import url("https://api.fontshare.com/v2/css?f[]=general-sans@400,500,600,700&display=swap");
   |  ^^^^^^^^^^^^^^^^^^^^^^^^^^^^^^^^^^^^^^^^^^^^^^^^^^^^^^^^^^^^^^^^^^^^^^^^^^^^^^^^^^^^^^^^^^^^^^
32 |  @layer theme, base, components, utilities;
33 |  @layer theme {[39m
[33m[vite:css][postcss] @import must precede all other statements (besides @charset or empty @layer)
29 |    src: url(../../../node_modules/.pnpm/@fontsource+geist-sans@5.2.5/node_modules/@fontsource/geist-sans/files/geist-s...
30 |  }
31 |  @import url("https://api.fontshare.com/v2/css?f[]=general-sans@400,500,600,700&display=swap");
   |  ^^^^^^^^^^^^^^^^^^^^^^^^^^^^^^^^^^^^^^^^^^^^^^^^^^^^^^^^^^^^^^^^^^^^^^^^^^^^^^^^^^^^^^^^^^^^^^
32 |  @layer theme, base, components, utilities;
33 |  @layer theme {[39m
[33m[vite:css][postcss] @import must precede all other statements (besides @charset or empty @layer)
29 |    src: url(../../../node_modules/.pnpm/@fontsource+geist-sans@5.2.5/node_modules/@fontsource/geist-sans/files/geist-s...
30 |  }
31 |  @import url("https://api.fontshare.com/v2/css?f[]=general-sans@400,500,600,700&display=swap");
   |  ^^^^^^^^^^^^^^^^^^^^^^^^^^^^^^^^^^^^^^^^^^^^^^^^^^^^^^^^^^^^^^^^^^^^^^^^^^^^^^^^^^^^^^^^^^^^^^
32 |  @layer theme, base, components, utilities;
33 |  @layer theme {[39m
[33m[vite:css][postcss] @import must precede all other statements (besides @charset or empty @layer)
29 |    src: url(../../../node_modules/.pnpm/@fontsource+geist-sans@5.2.5/node_modules/@fontsource/geist-sans/files/geist-s...
30 |  }
31 |  @import url("https://api.fontshare.com/v2/css?f[]=general-sans@400,500,600,700&display=swap");
   |  ^^^^^^^^^^^^^^^^^^^^^^^^^^^^^^^^^^^^^^^^^^^^^^^^^^^^^^^^^^^^^^^^^^^^^^^^^^^^^^^^^^^^^^^^^^^^^^
32 |  @layer theme, base, components, utilities;
33 |  @layer theme {[39m
[33m[vite:css][postcss] @import must precede all other statements (besides @charset or empty @layer)
29 |    src: url(../../../node_modules/.pnpm/@fontsource+geist-sans@5.2.5/node_modules/@fontsource/geist-sans/files/geist-s...
30 |  }
31 |  @import url("https://api.fontshare.com/v2/css?f[]=general-sans@400,500,600,700&display=swap");
   |  ^^^^^^^^^^^^^^^^^^^^^^^^^^^^^^^^^^^^^^^^^^^^^^^^^^^^^^^^^^^^^^^^^^^^^^^^^^^^^^^^^^^^^^^^^^^^^^
32 |  @layer theme, base, components, utilities;
33 |  @layer theme {[39m
[33m[vite:css][postcss] @import must precede all other statements (besides @charset or empty @layer)
29 |    src: url(../../../node_modules/.pnpm/@fontsource+geist-sans@5.2.5/node_modules/@fontsource/geist-sans/files/geist-s...
30 |  }
31 |  @import url("https://api.fontshare.com/v2/css?f[]=general-sans@400,500,600,700&display=swap");
   |  ^^^^^^^^^^^^^^^^^^^^^^^^^^^^^^^^^^^^^^^^^^^^^^^^^^^^^^^^^^^^^^^^^^^^^^^^^^^^^^^^^^^^^^^^^^^^^^
32 |  @layer theme, base, components, utilities;
33 |  @layer theme {[39m
[33m[vite:css][postcss] @import must precede all other statements (besides @charset or empty @layer)
29 |    src: url(../../../node_modules/.pnpm/@fontsource+geist-sans@5.2.5/node_modules/@fontsource/geist-sans/files/geist-s...
30 |  }
31 |  @import url("https://api.fontshare.com/v2/css?f[]=general-sans@400,500,600,700&display=swap");
   |  ^^^^^^^^^^^^^^^^^^^^^^^^^^^^^^^^^^^^^^^^^^^^^^^^^^^^^^^^^^^^^^^^^^^^^^^^^^^^^^^^^^^^^^^^^^^^^^
32 |  @layer theme, base, components, utilities;
33 |  @layer theme {[39m
[33m[vite:css][postcss] @import must precede all other statements (besides @charset or empty @layer)
29 |    src: url(../../../node_modules/.pnpm/@fontsource+geist-sans@5.2.5/node_modules/@fontsource/geist-sans/files/geist-s...
30 |  }
31 |  @import url("https://api.fontshare.com/v2/css?f[]=general-sans@400,500,600,700&display=swap");
   |  ^^^^^^^^^^^^^^^^^^^^^^^^^^^^^^^^^^^^^^^^^^^^^^^^^^^^^^^^^^^^^^^^^^^^^^^^^^^^^^^^^^^^^^^^^^^^^^
32 |  @layer theme, base, components, utilities;
33 |  @layer theme {[39m
[33m[vite:css][postcss] @import must precede all other statements (besides @charset or empty @layer)
29 |    src: url(../../../node_modules/.pnpm/@fontsource+geist-sans@5.2.5/node_modules/@fontsource/geist-sans/files/geist-s...
30 |  }
31 |  @import url("https://api.fontshare.com/v2/css?f[]=general-sans@400,500,600,700&display=swap");
   |  ^^^^^^^^^^^^^^^^^^^^^^^^^^^^^^^^^^^^^^^^^^^^^^^^^^^^^^^^^^^^^^^^^^^^^^^^^^^^^^^^^^^^^^^^^^^^^^
32 |  @layer theme, base, components, utilities;
33 |  @layer theme {[39m
[33m[vite:css][postcss] @import must precede all other statements (besides @charset or empty @layer)
29 |    src: url(../../../node_modules/.pnpm/@fontsource+geist-sans@5.2.5/node_modules/@fontsource/geist-sans/files/geist-s...
30 |  }
31 |  @import url("https://api.fontshare.com/v2/css?f[]=general-sans@400,500,600,700&display=swap");
   |  ^^^^^^^^^^^^^^^^^^^^^^^^^^^^^^^^^^^^^^^^^^^^^^^^^^^^^^^^^^^^^^^^^^^^^^^^^^^^^^^^^^^^^^^^^^^^^^
32 |  @layer theme, base, components, utilities;
33 |  @layer theme {[39m
[33m[vite:css][postcss] @import must precede all other statements (besides @charset or empty @layer)
29 |    src: url(../../../node_modules/.pnpm/@fontsource+geist-sans@5.2.5/node_modules/@fontsource/geist-sans/files/geist-s...
30 |  }
31 |  @import url("https://api.fontshare.com/v2/css?f[]=general-sans@400,500,600,700&display=swap");
   |  ^^^^^^^^^^^^^^^^^^^^^^^^^^^^^^^^^^^^^^^^^^^^^^^^^^^^^^^^^^^^^^^^^^^^^^^^^^^^^^^^^^^^^^^^^^^^^^
32 |  @layer theme, base, components, utilities;
33 |  @layer theme {[39m
[33m[vite:css][postcss] @import must precede all other statements (besides @charset or empty @layer)
29 |    src: url(../../../node_modules/.pnpm/@fontsource+geist-sans@5.2.5/node_modules/@fontsource/geist-sans/files/geist-s...
30 |  }
31 |  @import url("https://api.fontshare.com/v2/css?f[]=general-sans@400,500,600,700&display=swap");
   |  ^^^^^^^^^^^^^^^^^^^^^^^^^^^^^^^^^^^^^^^^^^^^^^^^^^^^^^^^^^^^^^^^^^^^^^^^^^^^^^^^^^^^^^^^^^^^^^
32 |  @layer theme, base, components, utilities;
33 |  @layer theme {[39m
[33m[vite:css][postcss] @import must precede all other statements (besides @charset or empty @layer)
29 |    src: url(../../../node_modules/.pnpm/@fontsource+geist-sans@5.2.5/node_modules/@fontsource/geist-sans/files/geist-s...
30 |  }
31 |  @import url("https://api.fontshare.com/v2/css?f[]=general-sans@400,500,600,700&display=swap");
   |  ^^^^^^^^^^^^^^^^^^^^^^^^^^^^^^^^^^^^^^^^^^^^^^^^^^^^^^^^^^^^^^^^^^^^^^^^^^^^^^^^^^^^^^^^^^^^^^
32 |  @layer theme, base, components, utilities;
33 |  @layer theme {[39m
[33m[vite:css][postcss] @import must precede all other statements (besides @charset or empty @layer)
29 |    src: url(../../../node_modules/.pnpm/@fontsource+geist-sans@5.2.5/node_modules/@fontsource/geist-sans/files/geist-s...
30 |  }
31 |  @import url("https://api.fontshare.com/v2/css?f[]=general-sans@400,500,600,700&display=swap");
   |  ^^^^^^^^^^^^^^^^^^^^^^^^^^^^^^^^^^^^^^^^^^^^^^^^^^^^^^^^^^^^^^^^^^^^^^^^^^^^^^^^^^^^^^^^^^^^^^
32 |  @layer theme, base, components, utilities;
33 |  @layer theme {[39m
[33m[vite:css][postcss] @import must precede all other statements (besides @charset or empty @layer)
29 |    src: url(../../../node_modules/.pnpm/@fontsource+geist-sans@5.2.5/node_modules/@fontsource/geist-sans/files/geist-s...
30 |  }
31 |  @import url("https://api.fontshare.com/v2/css?f[]=general-sans@400,500,600,700&display=swap");
   |  ^^^^^^^^^^^^^^^^^^^^^^^^^^^^^^^^^^^^^^^^^^^^^^^^^^^^^^^^^^^^^^^^^^^^^^^^^^^^^^^^^^^^^^^^^^^^^^
32 |  @layer theme, base, components, utilities;
33 |  @layer theme {[39m
[33m[vite:css][postcss] @import must precede all other statements (besides @charset or empty @layer)
29 |    src: url(../../../node_modules/.pnpm/@fontsource+geist-sans@5.2.5/node_modules/@fontsource/geist-sans/files/geist-s...
30 |  }
31 |  @import url("https://api.fontshare.com/v2/css?f[]=general-sans@400,500,600,700&display=swap");
   |  ^^^^^^^^^^^^^^^^^^^^^^^^^^^^^^^^^^^^^^^^^^^^^^^^^^^^^^^^^^^^^^^^^^^^^^^^^^^^^^^^^^^^^^^^^^^^^^
32 |  @layer theme, base, components, utilities;
33 |  @layer theme {[39m
[33m[vite:css][postcss] @import must precede all other statements (besides @charset or empty @layer)
29 |    src: url(../../../node_modules/.pnpm/@fontsource+geist-sans@5.2.5/node_modules/@fontsource/geist-sans/files/geist-s...
30 |  }
31 |  @import url("https://api.fontshare.com/v2/css?f[]=general-sans@400,500,600,700&display=swap");
   |  ^^^^^^^^^^^^^^^^^^^^^^^^^^^^^^^^^^^^^^^^^^^^^^^^^^^^^^^^^^^^^^^^^^^^^^^^^^^^^^^^^^^^^^^^^^^^^^
32 |  @layer theme, base, components, utilities;
33 |  @layer theme {[39m
[33m[vite:css][postcss] @import must precede all other statements (besides @charset or empty @layer)
29 |    src: url(../../../node_modules/.pnpm/@fontsource+geist-sans@5.2.5/node_modules/@fontsource/geist-sans/files/geist-s...
30 |  }
31 |  @import url("https://api.fontshare.com/v2/css?f[]=general-sans@400,500,600,700&display=swap");
   |  ^^^^^^^^^^^^^^^^^^^^^^^^^^^^^^^^^^^^^^^^^^^^^^^^^^^^^^^^^^^^^^^^^^^^^^^^^^^^^^^^^^^^^^^^^^^^^^
32 |  @layer theme, base, components, utilities;
33 |  @layer theme {[39m
[33m[vite:css][postcss] @import must precede all other statements (besides @charset or empty @layer)
29 |    src: url(../../../node_modules/.pnpm/@fontsource+geist-sans@5.2.5/node_modules/@fontsource/geist-sans/files/geist-s...
30 |  }
31 |  @import url("https://api.fontshare.com/v2/css?f[]=general-sans@400,500,600,700&display=swap");
   |  ^^^^^^^^^^^^^^^^^^^^^^^^^^^^^^^^^^^^^^^^^^^^^^^^^^^^^^^^^^^^^^^^^^^^^^^^^^^^^^^^^^^^^^^^^^^^^^
32 |  @layer theme, base, components, utilities;
33 |  @layer theme {[39m
[33m[vite:css][postcss] @import must precede all other statements (besides @charset or empty @layer)
29 |    src: url(../../../node_modules/.pnpm/@fontsource+geist-sans@5.2.5/node_modules/@fontsource/geist-sans/files/geist-s...
30 |  }
31 |  @import url("https://api.fontshare.com/v2/css?f[]=general-sans@400,500,600,700&display=swap");
   |  ^^^^^^^^^^^^^^^^^^^^^^^^^^^^^^^^^^^^^^^^^^^^^^^^^^^^^^^^^^^^^^^^^^^^^^^^^^^^^^^^^^^^^^^^^^^^^^
32 |  @layer theme, base, components, utilities;
33 |  @layer theme {[39m
[33m[vite:css][postcss] @import must precede all other statements (besides @charset or empty @layer)
29 |    src: url(../../../node_modules/.pnpm/@fontsource+geist-sans@5.2.5/node_modules/@fontsource/geist-sans/files/geist-s...
30 |  }
31 |  @import url("https://api.fontshare.com/v2/css?f[]=general-sans@400,500,600,700&display=swap");
   |  ^^^^^^^^^^^^^^^^^^^^^^^^^^^^^^^^^^^^^^^^^^^^^^^^^^^^^^^^^^^^^^^^^^^^^^^^^^^^^^^^^^^^^^^^^^^^^^
32 |  @layer theme, base, components, utilities;
33 |  @layer theme {[39m
[2m3:40:42 AM[22m [31m[1m[vite][22m[39m [31mInternal server error: C:\Users\user\Downloads\Problem-Statementzip (1)\artifacts\sketch-to-component\src\pages\index.tsx: Expected corresponding JSX closing tag for <motion.div>. (87:10)

[0m [90m 85 |[31m               [33m<[31m[33m/[31m[33mButton[31m[33m>[31m
 [90m 86 |[31m             [33m<[31m[33m/[31m[33mdiv[31m[33m>[31m
[31m[1m>[22m[31m[90m 87 |[31m           [33m<[31m[33m/[31m[33mdiv[31m[33m>[31m
 [90m    |[31m           [31m[1m^[22m[31m
 [90m 88 |[31m         [33m<[31m[33m/[31m[33msection[31m[33m>[31m
 [90m 89 |[31m       [33m<[31m[33m/[31m[33mdiv[31m[33m>[31m
 [90m 90 |[31m     [33m<[31m[33m/[31m[33mdiv[31m[33m>[31m[0m[39m
  Plugin: [35mvite:react-babel[39m
  File: [36mC:/Users/user/Downloads/Problem-Statementzip (1)/artifacts/sketch-to-component/src/pages/index.tsx[39m:87:10
[33m  85 |                </Button>
  86 |              </div>
  87 |            </div>
     |            ^
  88 |          </section>
  89 |        </div>[39m
      at constructor (C:\Users\user\Downloads\Problem-Statementzip (1)\node_modules\.pnpm\@babel+parser@7.29.3\node_modules\@babel\parser\lib\index.js:365:19)
      at TypeScriptParserMixin.raise (C:\Users\user\Downloads\Problem-Statementzip (1)\node_modules\.pnpm\@babel+parser@7.29.3\node_modules\@babel\parser\lib\index.js:6616:19)
      at TypeScriptParserMixin.jsxParseElementAt (C:\Users\user\Downloads\Problem-Statementzip (1)\node_modules\.pnpm\@babel+parser@7.29.3\node_modules\@babel\parser\lib\index.js:4739:16)
      at TypeScriptParserMixin.jsxParseElementAt (C:\Users\user\Downloads\Problem-Statementzip (1)\node_modules\.pnpm\@babel+parser@7.29.3\node_modules\@babel\parser\lib\index.js:4710:32)
      at TypeScriptParserMixin.jsxParseElementAt (C:\Users\user\Downloads\Problem-Statementzip (1)\node_modules\.pnpm\@babel+parser@7.29.3\node_modules\@babel\parser\lib\index.js:4710:32)
      at TypeScriptParserMixin.jsxParseElementAt (C:\Users\user\Downloads\Problem-Statementzip (1)\node_modules\.pnpm\@babel+parser@7.29.3\node_modules\@babel\parser\lib\index.js:4710:32)
      at TypeScriptParserMixin.jsxParseElement (C:\Users\user\Downloads\Problem-Statementzip (1)\node_modules\.pnpm\@babel+parser@7.29.3\node_modules\@babel\parser\lib\index.js:4761:17)
      at TypeScriptParserMixin.parseExprAtom (C:\Users\user\Downloads\Problem-Statementzip (1)\node_modules\.pnpm\@babel+parser@7.29.3\node_modules\@babel\parser\lib\index.js:4771:19)
      at TypeScriptParserMixin.parseExprSubscripts (C:\Users\user\Downloads\Problem-Statementzip (1)\node_modules\.pnpm\@babel+parser@7.29.3\node_modules\@babel\parser\lib\index.js:11098:23)
      at TypeScriptParserMixin.parseUpdate (C:\Users\user\Downloads\Problem-Statementzip (1)\node_modules\.pnpm\@babel+parser@7.29.3\node_modules\@babel\parser\lib\index.js:11083:21)
      at TypeScriptParserMixin.parseMaybeUnary (C:\Users\user\Downloads\Problem-Statementzip (1)\node_modules\.pnpm\@babel+parser@7.29.3\node_modules\@babel\parser\lib\index.js:11063:23)
      at TypeScriptParserMixin.parseMaybeUnary (C:\Users\user\Downloads\Problem-Statementzip (1)\node_modules\.pnpm\@babel+parser@7.29.3\node_modules\@babel\parser\lib\index.js:9854:18)
      at TypeScriptParserMixin.parseMaybeUnaryOrPrivate (C:\Users\user\Downloads\Problem-Statementzip (1)\node_modules\.pnpm\@babel+parser@7.29.3\node_modules\@babel\parser\lib\index.js:10916:61)
      at TypeScriptParserMixin.parseExprOps (C:\Users\user\Downloads\Problem-Statementzip (1)\node_modules\.pnpm\@babel+parser@7.29.3\node_modules\@babel\parser\lib\index.js:10921:23)
      at TypeScriptParserMixin.parseMaybeConditional (C:\Users\user\Downloads\Problem-Statementzip (1)\node_modules\.pnpm\@babel+parser@7.29.3\node_modules\@babel\parser\lib\index.js:10898:23)
      at TypeScriptParserMixin.parseMaybeAssign (C:\Users\user\Downloads\Problem-Statementzip (1)\node_modules\.pnpm\@babel+parser@7.29.3\node_modules\@babel\parser\lib\index.js:10848:21)
      at C:\Users\user\Downloads\Problem-Statementzip (1)\node_modules\.pnpm\@babel+parser@7.29.3\node_modules\@babel\parser\lib\index.js:9792:39
      at TypeScriptParserMixin.tryParse (C:\Users\user\Downloads\Problem-Statementzip (1)\node_modules\.pnpm\@babel+parser@7.29.3\node_modules\@babel\parser\lib\index.js:6924:20)
      at TypeScriptParserMixin.parseMaybeAssign (C:\Users\user\Downloads\Problem-Statementzip (1)\node_modules\.pnpm\@babel+parser@7.29.3\node_modules\@babel\parser\lib\index.js:9792:18)
      at C:\Users\user\Downloads\Problem-Statementzip (1)\node_modules\.pnpm\@babel+parser@7.29.3\node_modules\@babel\parser\lib\index.js:10817:39
      at TypeScriptParserMixin.allowInAnd (C:\Users\user\Downloads\Problem-Statementzip (1)\node_modules\.pnpm\@babel+parser@7.29.3\node_modules\@babel\parser\lib\index.js:12443:12)
      at TypeScriptParserMixin.parseMaybeAssignAllowIn (C:\Users\user\Downloads\Problem-Statementzip (1)\node_modules\.pnpm\@babel+parser@7.29.3\node_modules\@babel\parser\lib\index.js:10817:17)
      at TypeScriptParserMixin.parseMaybeAssignAllowInOrVoidPattern (C:\Users\user\Downloads\Problem-Statementzip (1)\node_modules\.pnpm\@babel+parser@7.29.3\node_modules\@babel\parser\lib\index.js:12510:17)
      at TypeScriptParserMixin.parseParenAndDistinguishExpression (C:\Users\user\Downloads\Problem-Statementzip (1)\node_modules\.pnpm\@babel+parser@7.29.3\node_modules\@babel\parser\lib\index.js:11692:28)
      at TypeScriptParserMixin.parseExprAtom (C:\Users\user\Downloads\Problem-Statementzip (1)\node_modules\.pnpm\@babel+parser@7.29.3\node_modules\@babel\parser\lib\index.js:11348:23)
      at TypeScriptParserMixin.parseExprAtom (C:\Users\user\Downloads\Problem-Statementzip (1)\node_modules\.pnpm\@babel+parser@7.29.3\node_modules\@babel\parser\lib\index.js:4776:20)
      at TypeScriptParserMixin.parseExprSubscripts (C:\Users\user\Downloads\Problem-Statementzip (1)\node_modules\.pnpm\@babel+parser@7.29.3\node_modules\@babel\parser\lib\index.js:11098:23)
      at TypeScriptParserMixin.parseUpdate (C:\Users\user\Downloads\Problem-Statementzip (1)\node_modules\.pnpm\@babel+parser@7.29.3\node_modules\@babel\parser\lib\index.js:11083:21)
      at TypeScriptParserMixin.parseMaybeUnary (C:\Users\user\Downloads\Problem-Statementzip (1)\node_modules\.pnpm\@babel+parser@7.29.3\node_modules\@babel\parser\lib\index.js:11063:23)
      at TypeScriptParserMixin.parseMaybeUnary (C:\Users\user\Downloads\Problem-Statementzip (1)\node_modules\.pnpm\@babel+parser@7.29.3\node_modules\@babel\parser\lib\index.js:9854:18)
      at TypeScriptParserMixin.parseMaybeUnaryOrPrivate (C:\Users\user\Downloads\Problem-Statementzip (1)\node_modules\.pnpm\@babel+parser@7.29.3\node_modules\@babel\parser\lib\index.js:10916:61)
      at TypeScriptParserMixin.parseExprOps (C:\Users\user\Downloads\Problem-Statementzip (1)\node_modules\.pnpm\@babel+parser@7.29.3\node_modules\@babel\parser\lib\index.js:10921:23)
      at TypeScriptParserMixin.parseMaybeConditional (C:\Users\user\Downloads\Problem-Statementzip (1)\node_modules\.pnpm\@babel+parser@7.29.3\node_modules\@babel\parser\lib\index.js:10898:23)
      at TypeScriptParserMixin.parseMaybeAssign (C:\Users\user\Downloads\Problem-Statementzip (1)\node_modules\.pnpm\@babel+parser@7.29.3\node_modules\@babel\parser\lib\index.js:10848:21)
      at TypeScriptParserMixin.parseMaybeAssign (C:\Users\user\Downloads\Problem-Statementzip (1)\node_modules\.pnpm\@babel+parser@7.29.3\node_modules\@babel\parser\lib\index.js:9803:20)
      at TypeScriptParserMixin.parseExpressionBase (C:\Users\user\Downloads\Problem-Statementzip (1)\node_modules\.pnpm\@babel+parser@7.29.3\node_modules\@babel\parser\lib\index.js:10801:23)
      at C:\Users\user\Downloads\Problem-Statementzip (1)\node_modules\.pnpm\@babel+parser@7.29.3\node_modules\@babel\parser\lib\index.js:10797:39
      at TypeScriptParserMixin.allowInAnd (C:\Users\user\Downloads\Problem-Statementzip (1)\node_modules\.pnpm\@babel+parser@7.29.3\node_modules\@babel\parser\lib\index.js:12438:16)
      at TypeScriptParserMixin.parseExpression (C:\Users\user\Downloads\Problem-Statementzip (1)\node_modules\.pnpm\@babel+parser@7.29.3\node_modules\@babel\parser\lib\index.js:10797:17)
      at TypeScriptParserMixin.parseReturnStatement (C:\Users\user\Downloads\Problem-Statementzip (1)\node_modules\.pnpm\@babel+parser@7.29.3\node_modules\@babel\parser\lib\index.js:13159:28)
      at TypeScriptParserMixin.parseStatementContent (C:\Users\user\Downloads\Problem-Statementzip (1)\node_modules\.pnpm\@babel+parser@7.29.3\node_modules\@babel\parser\lib\index.js:12815:21)
      at TypeScriptParserMixin.parseStatementContent (C:\Users\user\Downloads\Problem-Statementzip (1)\node_modules\.pnpm\@babel+parser@7.29.3\node_modules\@babel\parser\lib\index.js:9525:18)
      at TypeScriptParserMixin.parseStatementLike (C:\Users\user\Downloads\Problem-Statementzip (1)\node_modules\.pnpm\@babel+parser@7.29.3\node_modules\@babel\parser\lib\index.js:12784:17)
      at TypeScriptParserMixin.parseStatementListItem (C:\Users\user\Downloads\Problem-Statementzip (1)\node_modules\.pnpm\@babel+parser@7.29.3\node_modules\@babel\parser\lib\index.js:12764:17)
      at TypeScriptParserMixin.parseBlockOrModuleBlockBody (C:\Users\user\Downloads\Problem-Statementzip (1)\node_modules\.pnpm\@babel+parser@7.29.3\node_modules\@babel\parser\lib\index.js:13333:61)
      at TypeScriptParserMixin.parseBlockBody (C:\Users\user\Downloads\Problem-Statementzip (1)\node_modules\.pnpm\@babel+parser@7.29.3\node_modules\@babel\parser\lib\index.js:13326:10)
      at TypeScriptParserMixin.parseBlock (C:\Users\user\Downloads\Problem-Statementzip (1)\node_modules\.pnpm\@babel+parser@7.29.3\node_modules\@babel\parser\lib\index.js:13314:10)
      at TypeScriptParserMixin.parseFunctionBody (C:\Users\user\Downloads\Problem-Statementzip (1)\node_modules\.pnpm\@babel+parser@7.29.3\node_modules\@babel\parser\lib\index.js:12117:24)
      at TypeScriptParserMixin.parseFunctionBodyAndFinish (C:\Users\user\Downloads\Problem-Statementzip (1)\node_modules\.pnpm\@babel+parser@7.29.3\node_modules\@babel\parser\lib\index.js:12103:10)
      at TypeScriptParserMixin.parseFunctionBodyAndFinish (C:\Users\user\Downloads\Problem-Statementzip (1)\node_modules\.pnpm\@babel+parser@7.29.3\node_modules\@babel\parser\lib\index.js:9189:18)
[2m3:40:42 AM[22m [31m[1m[vite][22m[39m [31mInternal server error: C:\Users\user\Downloads\Problem-Statementzip (1)\artifacts\sketch-to-component\src\pages\index.tsx: Expected corresponding JSX closing tag for <motion.div>. (87:10)

[0m [90m 85 |[31m               [33m<[31m[33m/[31m[33mButton[31m[33m>[31m
 [90m 86 |[31m             [33m<[31m[33m/[31m[33mdiv[31m[33m>[31m
[31m[1m>[22m[31m[90m 87 |[31m           [33m<[31m[33m/[31m[33mdiv[31m[33m>[31m
 [90m    |[31m           [31m[1m^[22m[31m
 [90m 88 |[31m         [33m<[31m[33m/[31m[33msection[31m[33m>[31m
 [90m 89 |[31m       [33m<[31m[33m/[31m[33mdiv[31m[33m>[31m
 [90m 90 |[31m     [33m<[31m[33m/[31m[33mdiv[31m[33m>[31m[0m[39m
  Plugin: [35mvite:react-babel[39m
  File: [36mC:/Users/user/Downloads/Problem-Statementzip (1)/artifacts/sketch-to-component/src/pages/index.tsx[39m:87:10
[33m  85 |                </Button>
  86 |              </div>
  87 |            </div>
     |            ^
  88 |          </section>
  89 |        </div>[39m
      at constructor (C:\Users\user\Downloads\Problem-Statementzip (1)\node_modules\.pnpm\@babel+parser@7.29.3\node_modules\@babel\parser\lib\index.js:365:19)
      at TypeScriptParserMixin.raise (C:\Users\user\Downloads\Problem-Statementzip (1)\node_modules\.pnpm\@babel+parser@7.29.3\node_modules\@babel\parser\lib\index.js:6616:19)
      at TypeScriptParserMixin.jsxParseElementAt (C:\Users\user\Downloads\Problem-Statementzip (1)\node_modules\.pnpm\@babel+parser@7.29.3\node_modules\@babel\parser\lib\index.js:4739:16)
      at TypeScriptParserMixin.jsxParseElementAt (C:\Users\user\Downloads\Problem-Statementzip (1)\node_modules\.pnpm\@babel+parser@7.29.3\node_modules\@babel\parser\lib\index.js:4710:32)
      at TypeScriptParserMixin.jsxParseElementAt (C:\Users\user\Downloads\Problem-Statementzip (1)\node_modules\.pnpm\@babel+parser@7.29.3\node_modules\@babel\parser\lib\index.js:4710:32)
      at TypeScriptParserMixin.jsxParseElementAt (C:\Users\user\Downloads\Problem-Statementzip (1)\node_modules\.pnpm\@babel+parser@7.29.3\node_modules\@babel\parser\lib\index.js:4710:32)
      at TypeScriptParserMixin.jsxParseElement (C:\Users\user\Downloads\Problem-Statementzip (1)\node_modules\.pnpm\@babel+parser@7.29.3\node_modules\@babel\parser\lib\index.js:4761:17)
      at TypeScriptParserMixin.parseExprAtom (C:\Users\user\Downloads\Problem-Statementzip (1)\node_modules\.pnpm\@babel+parser@7.29.3\node_modules\@babel\parser\lib\index.js:4771:19)
      at TypeScriptParserMixin.parseExprSubscripts (C:\Users\user\Downloads\Problem-Statementzip (1)\node_modules\.pnpm\@babel+parser@7.29.3\node_modules\@babel\parser\lib\index.js:11098:23)
      at TypeScriptParserMixin.parseUpdate (C:\Users\user\Downloads\Problem-Statementzip (1)\node_modules\.pnpm\@babel+parser@7.29.3\node_modules\@babel\parser\lib\index.js:11083:21)
      at TypeScriptParserMixin.parseMaybeUnary (C:\Users\user\Downloads\Problem-Statementzip (1)\node_modules\.pnpm\@babel+parser@7.29.3\node_modules\@babel\parser\lib\index.js:11063:23)
      at TypeScriptParserMixin.parseMaybeUnary (C:\Users\user\Downloads\Problem-Statementzip (1)\node_modules\.pnpm\@babel+parser@7.29.3\node_modules\@babel\parser\lib\index.js:9854:18)
      at TypeScriptParserMixin.parseMaybeUnaryOrPrivate (C:\Users\user\Downloads\Problem-Statementzip (1)\node_modules\.pnpm\@babel+parser@7.29.3\node_modules\@babel\parser\lib\index.js:10916:61)
      at TypeScriptParserMixin.parseExprOps (C:\Users\user\Downloads\Problem-Statementzip (1)\node_modules\.pnpm\@babel+parser@7.29.3\node_modules\@babel\parser\lib\index.js:10921:23)
      at TypeScriptParserMixin.parseMaybeConditional (C:\Users\user\Downloads\Problem-Statementzip (1)\node_modules\.pnpm\@babel+parser@7.29.3\node_modules\@babel\parser\lib\index.js:10898:23)
      at TypeScriptParserMixin.parseMaybeAssign (C:\Users\user\Downloads\Problem-Statementzip (1)\node_modules\.pnpm\@babel+parser@7.29.3\node_modules\@babel\parser\lib\index.js:10848:21)
      at C:\Users\user\Downloads\Problem-Statementzip (1)\node_modules\.pnpm\@babel+parser@7.29.3\node_modules\@babel\parser\lib\index.js:9792:39
      at TypeScriptParserMixin.tryParse (C:\Users\user\Downloads\Problem-Statementzip (1)\node_modules\.pnpm\@babel+parser@7.29.3\node_modules\@babel\parser\lib\index.js:6924:20)
      at TypeScriptParserMixin.parseMaybeAssign (C:\Users\user\Downloads\Problem-Statementzip (1)\node_modules\.pnpm\@babel+parser@7.29.3\node_modules\@babel\parser\lib\index.js:9792:18)
      at C:\Users\user\Downloads\Problem-Statementzip (1)\node_modules\.pnpm\@babel+parser@7.29.3\node_modules\@babel\parser\lib\index.js:10817:39
      at TypeScriptParserMixin.allowInAnd (C:\Users\user\Downloads\Problem-Statementzip (1)\node_modules\.pnpm\@babel+parser@7.29.3\node_modules\@babel\parser\lib\index.js:12443:12)
      at TypeScriptParserMixin.parseMaybeAssignAllowIn (C:\Users\user\Downloads\Problem-Statementzip (1)\node_modules\.pnpm\@babel+parser@7.29.3\node_modules\@babel\parser\lib\index.js:10817:17)
      at TypeScriptParserMixin.parseMaybeAssignAllowInOrVoidPattern (C:\Users\user\Downloads\Problem-Statementzip (1)\node_modules\.pnpm\@babel+parser@7.29.3\node_modules\@babel\parser\lib\index.js:12510:17)
      at TypeScriptParserMixin.parseParenAndDistinguishExpression (C:\Users\user\Downloads\Problem-Statementzip (1)\node_modules\.pnpm\@babel+parser@7.29.3\node_modules\@babel\parser\lib\index.js:11692:28)
      at TypeScriptParserMixin.parseExprAtom (C:\Users\user\Downloads\Problem-Statementzip (1)\node_modules\.pnpm\@babel+parser@7.29.3\node_modules\@babel\parser\lib\index.js:11348:23)
      at TypeScriptParserMixin.parseExprAtom (C:\Users\user\Downloads\Problem-Statementzip (1)\node_modules\.pnpm\@babel+parser@7.29.3\node_modules\@babel\parser\lib\index.js:4776:20)
      at TypeScriptParserMixin.parseExprSubscripts (C:\Users\user\Downloads\Problem-Statementzip (1)\node_modules\.pnpm\@babel+parser@7.29.3\node_modules\@babel\parser\lib\index.js:11098:23)
      at TypeScriptParserMixin.parseUpdate (C:\Users\user\Downloads\Problem-Statementzip (1)\node_modules\.pnpm\@babel+parser@7.29.3\node_modules\@babel\parser\lib\index.js:11083:21)
      at TypeScriptParserMixin.parseMaybeUnary (C:\Users\user\Downloads\Problem-Statementzip (1)\node_modules\.pnpm\@babel+parser@7.29.3\node_modules\@babel\parser\lib\index.js:11063:23)
      at TypeScriptParserMixin.parseMaybeUnary (C:\Users\user\Downloads\Problem-Statementzip (1)\node_modules\.pnpm\@babel+parser@7.29.3\node_modules\@babel\parser\lib\index.js:9854:18)
      at TypeScriptParserMixin.parseMaybeUnaryOrPrivate (C:\Users\user\Downloads\Problem-Statementzip (1)\node_modules\.pnpm\@babel+parser@7.29.3\node_modules\@babel\parser\lib\index.js:10916:61)
      at TypeScriptParserMixin.parseExprOps (C:\Users\user\Downloads\Problem-Statementzip (1)\node_modules\.pnpm\@babel+parser@7.29.3\node_modules\@babel\parser\lib\index.js:10921:23)
      at TypeScriptParserMixin.parseMaybeConditional (C:\Users\user\Downloads\Problem-Statementzip (1)\node_modules\.pnpm\@babel+parser@7.29.3\node_modules\@babel\parser\lib\index.js:10898:23)
      at TypeScriptParserMixin.parseMaybeAssign (C:\Users\user\Downloads\Problem-Statementzip (1)\node_modules\.pnpm\@babel+parser@7.29.3\node_modules\@babel\parser\lib\index.js:10848:21)
      at TypeScriptParserMixin.parseMaybeAssign (C:\Users\user\Downloads\Problem-Statementzip (1)\node_modules\.pnpm\@babel+parser@7.29.3\node_modules\@babel\parser\lib\index.js:9803:20)
      at TypeScriptParserMixin.parseExpressionBase (C:\Users\user\Downloads\Problem-Statementzip (1)\node_modules\.pnpm\@babel+parser@7.29.3\node_modules\@babel\parser\lib\index.js:10801:23)
      at C:\Users\user\Downloads\Problem-Statementzip (1)\node_modules\.pnpm\@babel+parser@7.29.3\node_modules\@babel\parser\lib\index.js:10797:39
      at TypeScriptParserMixin.allowInAnd (C:\Users\user\Downloads\Problem-Statementzip (1)\node_modules\.pnpm\@babel+parser@7.29.3\node_modules\@babel\parser\lib\index.js:12438:16)
      at TypeScriptParserMixin.parseExpression (C:\Users\user\Downloads\Problem-Statementzip (1)\node_modules\.pnpm\@babel+parser@7.29.3\node_modules\@babel\parser\lib\index.js:10797:17)
      at TypeScriptParserMixin.parseReturnStatement (C:\Users\user\Downloads\Problem-Statementzip (1)\node_modules\.pnpm\@babel+parser@7.29.3\node_modules\@babel\parser\lib\index.js:13159:28)
      at TypeScriptParserMixin.parseStatementContent (C:\Users\user\Downloads\Problem-Statementzip (1)\node_modules\.pnpm\@babel+parser@7.29.3\node_modules\@babel\parser\lib\index.js:12815:21)
      at TypeScriptParserMixin.parseStatementContent (C:\Users\user\Downloads\Problem-Statementzip (1)\node_modules\.pnpm\@babel+parser@7.29.3\node_modules\@babel\parser\lib\index.js:9525:18)
      at TypeScriptParserMixin.parseStatementLike (C:\Users\user\Downloads\Problem-Statementzip (1)\node_modules\.pnpm\@babel+parser@7.29.3\node_modules\@babel\parser\lib\index.js:12784:17)
      at TypeScriptParserMixin.parseStatementListItem (C:\Users\user\Downloads\Problem-Statementzip (1)\node_modules\.pnpm\@babel+parser@7.29.3\node_modules\@babel\parser\lib\index.js:12764:17)
      at TypeScriptParserMixin.parseBlockOrModuleBlockBody (C:\Users\user\Downloads\Problem-Statementzip (1)\node_modules\.pnpm\@babel+parser@7.29.3\node_modules\@babel\parser\lib\index.js:13333:61)
      at TypeScriptParserMixin.parseBlockBody (C:\Users\user\Downloads\Problem-Statementzip (1)\node_modules\.pnpm\@babel+parser@7.29.3\node_modules\@babel\parser\lib\index.js:13326:10)
      at TypeScriptParserMixin.parseBlock (C:\Users\user\Downloads\Problem-Statementzip (1)\node_modules\.pnpm\@babel+parser@7.29.3\node_modules\@babel\parser\lib\index.js:13314:10)
      at TypeScriptParserMixin.parseFunctionBody (C:\Users\user\Downloads\Problem-Statementzip (1)\node_modules\.pnpm\@babel+parser@7.29.3\node_modules\@babel\parser\lib\index.js:12117:24)
      at TypeScriptParserMixin.parseFunctionBodyAndFinish (C:\Users\user\Downloads\Problem-Statementzip (1)\node_modules\.pnpm\@babel+parser@7.29.3\node_modules\@babel\parser\lib\index.js:12103:10)
      at TypeScriptParserMixin.parseFunctionBodyAndFinish (C:\Users\user\Downloads\Problem-Statementzip (1)\node_modules\.pnpm\@babel+parser@7.29.3\node_modules\@babel\parser\lib\index.js:9189:18)
[33m[vite:css][postcss] @import must precede all other statements (besides @charset or empty @layer)
29 |    src: url(../../../node_modules/.pnpm/@fontsource+geist-sans@5.2.5/node_modules/@fontsource/geist-sans/files/geist-s...
30 |  }
31 |  @import url("https://api.fontshare.com/v2/css?f[]=general-sans@400,500,600,700&display=swap");
   |  ^^^^^^^^^^^^^^^^^^^^^^^^^^^^^^^^^^^^^^^^^^^^^^^^^^^^^^^^^^^^^^^^^^^^^^^^^^^^^^^^^^^^^^^^^^^^^^
32 |  @layer theme, base, components, utilities;
33 |  @layer theme {[39m
[33m[vite:css][postcss] @import must precede all other statements (besides @charset or empty @layer)
29 |    src: url(../../../node_modules/.pnpm/@fontsource+geist-sans@5.2.5/node_modules/@fontsource/geist-sans/files/geist-s...
30 |  }
31 |  @import url("https://api.fontshare.com/v2/css?f[]=general-sans@400,500,600,700&display=swap");
   |  ^^^^^^^^^^^^^^^^^^^^^^^^^^^^^^^^^^^^^^^^^^^^^^^^^^^^^^^^^^^^^^^^^^^^^^^^^^^^^^^^^^^^^^^^^^^^^^
32 |  @layer theme, base, components, utilities;
33 |  @layer theme {[39m
[2m3:41:09 AM[22m [31m[1m[vite][22m[39m [31mInternal server error: C:\Users\user\Downloads\Problem-Statementzip (1)\artifacts\sketch-to-component\src\pages\index.tsx: Expected corresponding JSX closing tag for <div>. (53:12)

[0m [90m 51 |[31m                 [33m<[31m[33m/[31m[33mLink[31m[33m>[31m
 [90m 52 |[31m               ))}
[31m[1m>[22m[31m[90m 53 |[31m             [33m<[31m[33m/[31m[33mmotion[31m[33m.[31mdiv[33m>[31m
 [90m    |[31m             [31m[1m^[22m[31m
 [90m 54 |[31m
 [90m 55 |[31m             [33m<[31m[33mThemeToggle[31m [33m/[31m[33m>[31m
 [90m 56 |[31m           [33m<[31m[33m/[31m[33mnav[31m[33m>[31m[0m[39m
  Plugin: [35mvite:react-babel[39m
  File: [36mC:/Users/user/Downloads/Problem-Statementzip (1)/artifacts/sketch-to-component/src/pages/index.tsx[39m:53:12
[33m  51 |                  </Link>
  52 |                ))}
  53 |              </motion.div>
     |              ^
  54 |  
  55 |              <ThemeToggle />[39m
      at constructor (C:\Users\user\Downloads\Problem-Statementzip (1)\node_modules\.pnpm\@babel+parser@7.29.3\node_modules\@babel\parser\lib\index.js:365:19)
      at TypeScriptParserMixin.raise (C:\Users\user\Downloads\Problem-Statementzip (1)\node_modules\.pnpm\@babel+parser@7.29.3\node_modules\@babel\parser\lib\index.js:6616:19)
      at TypeScriptParserMixin.jsxParseElementAt (C:\Users\user\Downloads\Problem-Statementzip (1)\node_modules\.pnpm\@babel+parser@7.29.3\node_modules\@babel\parser\lib\index.js:4739:16)
      at TypeScriptParserMixin.jsxParseElementAt (C:\Users\user\Downloads\Problem-Statementzip (1)\node_modules\.pnpm\@babel+parser@7.29.3\node_modules\@babel\parser\lib\index.js:4710:32)
      at TypeScriptParserMixin.jsxParseElementAt (C:\Users\user\Downloads\Problem-Statementzip (1)\node_modules\.pnpm\@babel+parser@7.29.3\node_modules\@babel\parser\lib\index.js:4710:32)
      at TypeScriptParserMixin.jsxParseElementAt (C:\Users\user\Downloads\Problem-Statementzip (1)\node_modules\.pnpm\@babel+parser@7.29.3\node_modules\@babel\parser\lib\index.js:4710:32)
      at TypeScriptParserMixin.jsxParseElementAt (C:\Users\user\Downloads\Problem-Statementzip (1)\node_modules\.pnpm\@babel+parser@7.29.3\node_modules\@babel\parser\lib\index.js:4710:32)
      at TypeScriptParserMixin.jsxParseElement (C:\Users\user\Downloads\Problem-Statementzip (1)\node_modules\.pnpm\@babel+parser@7.29.3\node_modules\@babel\parser\lib\index.js:4761:17)
      at TypeScriptParserMixin.parseExprAtom (C:\Users\user\Downloads\Problem-Statementzip (1)\node_modules\.pnpm\@babel+parser@7.29.3\node_modules\@babel\parser\lib\index.js:4771:19)
      at TypeScriptParserMixin.parseExprSubscripts (C:\Users\user\Downloads\Problem-Statementzip (1)\node_modules\.pnpm\@babel+parser@7.29.3\node_modules\@babel\parser\lib\index.js:11098:23)
      at TypeScriptParserMixin.parseUpdate (C:\Users\user\Downloads\Problem-Statementzip (1)\node_modules\.pnpm\@babel+parser@7.29.3\node_modules\@babel\parser\lib\index.js:11083:21)
      at TypeScriptParserMixin.parseMaybeUnary (C:\Users\user\Downloads\Problem-Statementzip (1)\node_modules\.pnpm\@babel+parser@7.29.3\node_modules\@babel\parser\lib\index.js:11063:23)
      at TypeScriptParserMixin.parseMaybeUnary (C:\Users\user\Downloads\Problem-Statementzip (1)\node_modules\.pnpm\@babel+parser@7.29.3\node_modules\@babel\parser\lib\index.js:9854:18)
      at TypeScriptParserMixin.parseMaybeUnaryOrPrivate (C:\Users\user\Downloads\Problem-Statementzip (1)\node_modules\.pnpm\@babel+parser@7.29.3\node_modules\@babel\parser\lib\index.js:10916:61)
      at TypeScriptParserMixin.parseExprOps (C:\Users\user\Downloads\Problem-Statementzip (1)\node_modules\.pnpm\@babel+parser@7.29.3\node_modules\@babel\parser\lib\index.js:10921:23)
      at TypeScriptParserMixin.parseMaybeConditional (C:\Users\user\Downloads\Problem-Statementzip (1)\node_modules\.pnpm\@babel+parser@7.29.3\node_modules\@babel\parser\lib\index.js:10898:23)
      at TypeScriptParserMixin.parseMaybeAssign (C:\Users\user\Downloads\Problem-Statementzip (1)\node_modules\.pnpm\@babel+parser@7.29.3\node_modules\@babel\parser\lib\index.js:10848:21)
      at C:\Users\user\Downloads\Problem-Statementzip (1)\node_modules\.pnpm\@babel+parser@7.29.3\node_modules\@babel\parser\lib\index.js:9792:39
      at TypeScriptParserMixin.tryParse (C:\Users\user\Downloads\Problem-Statementzip (1)\node_modules\.pnpm\@babel+parser@7.29.3\node_modules\@babel\parser\lib\index.js:6924:20)
      at TypeScriptParserMixin.parseMaybeAssign (C:\Users\user\Downloads\Problem-Statementzip (1)\node_modules\.pnpm\@babel+parser@7.29.3\node_modules\@babel\parser\lib\index.js:9792:18)
      at C:\Users\user\Downloads\Problem-Statementzip (1)\node_modules\.pnpm\@babel+parser@7.29.3\node_modules\@babel\parser\lib\index.js:10817:39
      at TypeScriptParserMixin.allowInAnd (C:\Users\user\Downloads\Problem-Statementzip (1)\node_modules\.pnpm\@babel+parser@7.29.3\node_modules\@babel\parser\lib\index.js:12443:12)
      at TypeScriptParserMixin.parseMaybeAssignAllowIn (C:\Users\user\Downloads\Problem-Statementzip (1)\node_modules\.pnpm\@babel+parser@7.29.3\node_modules\@babel\parser\lib\index.js:10817:17)
      at TypeScriptParserMixin.parseMaybeAssignAllowInOrVoidPattern (C:\Users\user\Downloads\Problem-Statementzip (1)\node_modules\.pnpm\@babel+parser@7.29.3\node_modules\@babel\parser\lib\index.js:12510:17)
      at TypeScriptParserMixin.parseParenAndDistinguishExpression (C:\Users\user\Downloads\Problem-Statementzip (1)\node_modules\.pnpm\@babel+parser@7.29.3\node_modules\@babel\parser\lib\index.js:11692:28)
      at TypeScriptParserMixin.parseExprAtom (C:\Users\user\Downloads\Problem-Statementzip (1)\node_modules\.pnpm\@babel+parser@7.29.3\node_modules\@babel\parser\lib\index.js:11348:23)
      at TypeScriptParserMixin.parseExprAtom (C:\Users\user\Downloads\Problem-Statementzip (1)\node_modules\.pnpm\@babel+parser@7.29.3\node_modules\@babel\parser\lib\index.js:4776:20)
      at TypeScriptParserMixin.parseExprSubscripts (C:\Users\user\Downloads\Problem-Statementzip (1)\node_modules\.pnpm\@babel+parser@7.29.3\node_modules\@babel\parser\lib\index.js:11098:23)
      at TypeScriptParserMixin.parseUpdate (C:\Users\user\Downloads\Problem-Statementzip (1)\node_modules\.pnpm\@babel+parser@7.29.3\node_modules\@babel\parser\lib\index.js:11083:21)
      at TypeScriptParserMixin.parseMaybeUnary (C:\Users\user\Downloads\Problem-Statementzip (1)\node_modules\.pnpm\@babel+parser@7.29.3\node_modules\@babel\parser\lib\index.js:11063:23)
      at TypeScriptParserMixin.parseMaybeUnary (C:\Users\user\Downloads\Problem-Statementzip (1)\node_modules\.pnpm\@babel+parser@7.29.3\node_modules\@babel\parser\lib\index.js:9854:18)
      at TypeScriptParserMixin.parseMaybeUnaryOrPrivate (C:\Users\user\Downloads\Problem-Statementzip (1)\node_modules\.pnpm\@babel+parser@7.29.3\node_modules\@babel\parser\lib\index.js:10916:61)
      at TypeScriptParserMixin.parseExprOps (C:\Users\user\Downloads\Problem-Statementzip (1)\node_modules\.pnpm\@babel+parser@7.29.3\node_modules\@babel\parser\lib\index.js:10921:23)
      at TypeScriptParserMixin.parseMaybeConditional (C:\Users\user\Downloads\Problem-Statementzip (1)\node_modules\.pnpm\@babel+parser@7.29.3\node_modules\@babel\parser\lib\index.js:10898:23)
      at TypeScriptParserMixin.parseMaybeAssign (C:\Users\user\Downloads\Problem-Statementzip (1)\node_modules\.pnpm\@babel+parser@7.29.3\node_modules\@babel\parser\lib\index.js:10848:21)
      at TypeScriptParserMixin.parseMaybeAssign (C:\Users\user\Downloads\Problem-Statementzip (1)\node_modules\.pnpm\@babel+parser@7.29.3\node_modules\@babel\parser\lib\index.js:9803:20)
      at TypeScriptParserMixin.parseExpressionBase (C:\Users\user\Downloads\Problem-Statementzip (1)\node_modules\.pnpm\@babel+parser@7.29.3\node_modules\@babel\parser\lib\index.js:10801:23)
      at C:\Users\user\Downloads\Problem-Statementzip (1)\node_modules\.pnpm\@babel+parser@7.29.3\node_modules\@babel\parser\lib\index.js:10797:39
      at TypeScriptParserMixin.allowInAnd (C:\Users\user\Downloads\Problem-Statementzip (1)\node_modules\.pnpm\@babel+parser@7.29.3\node_modules\@babel\parser\lib\index.js:12438:16)
      at TypeScriptParserMixin.parseExpression (C:\Users\user\Downloads\Problem-Statementzip (1)\node_modules\.pnpm\@babel+parser@7.29.3\node_modules\@babel\parser\lib\index.js:10797:17)
      at TypeScriptParserMixin.parseReturnStatement (C:\Users\user\Downloads\Problem-Statementzip (1)\node_modules\.pnpm\@babel+parser@7.29.3\node_modules\@babel\parser\lib\index.js:13159:28)
      at TypeScriptParserMixin.parseStatementContent (C:\Users\user\Downloads\Problem-Statementzip (1)\node_modules\.pnpm\@babel+parser@7.29.3\node_modules\@babel\parser\lib\index.js:12815:21)
      at TypeScriptParserMixin.parseStatementContent (C:\Users\user\Downloads\Problem-Statementzip (1)\node_modules\.pnpm\@babel+parser@7.29.3\node_modules\@babel\parser\lib\index.js:9525:18)
      at TypeScriptParserMixin.parseStatementLike (C:\Users\user\Downloads\Problem-Statementzip (1)\node_modules\.pnpm\@babel+parser@7.29.3\node_modules\@babel\parser\lib\index.js:12784:17)
      at TypeScriptParserMixin.parseStatementListItem (C:\Users\user\Downloads\Problem-Statementzip (1)\node_modules\.pnpm\@babel+parser@7.29.3\node_modules\@babel\parser\lib\index.js:12764:17)
      at TypeScriptParserMixin.parseBlockOrModuleBlockBody (C:\Users\user\Downloads\Problem-Statementzip (1)\node_modules\.pnpm\@babel+parser@7.29.3\node_modules\@babel\parser\lib\index.js:13333:61)
      at TypeScriptParserMixin.parseBlockBody (C:\Users\user\Downloads\Problem-Statementzip (1)\node_modules\.pnpm\@babel+parser@7.29.3\node_modules\@babel\parser\lib\index.js:13326:10)
      at TypeScriptParserMixin.parseBlock (C:\Users\user\Downloads\Problem-Statementzip (1)\node_modules\.pnpm\@babel+parser@7.29.3\node_modules\@babel\parser\lib\index.js:13314:10)
      at TypeScriptParserMixin.parseFunctionBody (C:\Users\user\Downloads\Problem-Statementzip (1)\node_modules\.pnpm\@babel+parser@7.29.3\node_modules\@babel\parser\lib\index.js:12117:24)
      at TypeScriptParserMixin.parseFunctionBodyAndFinish (C:\Users\user\Downloads\Problem-Statementzip (1)\node_modules\.pnpm\@babel+parser@7.29.3\node_modules\@babel\parser\lib\index.js:12103:10)
[2m3:41:09 AM[22m [31m[1m[vite][22m[39m [31mInternal server error: C:\Users\user\Downloads\Problem-Statementzip (1)\artifacts\sketch-to-component\src\pages\index.tsx: Expected corresponding JSX closing tag for <div>. (53:12)

[0m [90m 51 |[31m                 [33m<[31m[33m/[31m[33mLink[31m[33m>[31m
 [90m 52 |[31m               ))}
[31m[1m>[22m[31m[90m 53 |[31m             [33m<[31m[33m/[31m[33mmotion[31m[33m.[31mdiv[33m>[31m
 [90m    |[31m             [31m[1m^[22m[31m
 [90m 54 |[31m
 [90m 55 |[31m             [33m<[31m[33mThemeToggle[31m [33m/[31m[33m>[31m
 [90m 56 |[31m           [33m<[31m[33m/[31m[33mnav[31m[33m>[31m[0m[39m
  Plugin: [35mvite:react-babel[39m
  File: [36mC:/Users/user/Downloads/Problem-Statementzip (1)/artifacts/sketch-to-component/src/pages/index.tsx[39m:53:12
[33m  51 |                  </Link>
  52 |                ))}
  53 |              </motion.div>
     |              ^
  54 |  
  55 |              <ThemeToggle />[39m
      at constructor (C:\Users\user\Downloads\Problem-Statementzip (1)\node_modules\.pnpm\@babel+parser@7.29.3\node_modules\@babel\parser\lib\index.js:365:19)
      at TypeScriptParserMixin.raise (C:\Users\user\Downloads\Problem-Statementzip (1)\node_modules\.pnpm\@babel+parser@7.29.3\node_modules\@babel\parser\lib\index.js:6616:19)
      at TypeScriptParserMixin.jsxParseElementAt (C:\Users\user\Downloads\Problem-Statementzip (1)\node_modules\.pnpm\@babel+parser@7.29.3\node_modules\@babel\parser\lib\index.js:4739:16)
      at TypeScriptParserMixin.jsxParseElementAt (C:\Users\user\Downloads\Problem-Statementzip (1)\node_modules\.pnpm\@babel+parser@7.29.3\node_modules\@babel\parser\lib\index.js:4710:32)
      at TypeScriptParserMixin.jsxParseElementAt (C:\Users\user\Downloads\Problem-Statementzip (1)\node_modules\.pnpm\@babel+parser@7.29.3\node_modules\@babel\parser\lib\index.js:4710:32)
      at TypeScriptParserMixin.jsxParseElementAt (C:\Users\user\Downloads\Problem-Statementzip (1)\node_modules\.pnpm\@babel+parser@7.29.3\node_modules\@babel\parser\lib\index.js:4710:32)
      at TypeScriptParserMixin.jsxParseElementAt (C:\Users\user\Downloads\Problem-Statementzip (1)\node_modules\.pnpm\@babel+parser@7.29.3\node_modules\@babel\parser\lib\index.js:4710:32)
      at TypeScriptParserMixin.jsxParseElement (C:\Users\user\Downloads\Problem-Statementzip (1)\node_modules\.pnpm\@babel+parser@7.29.3\node_modules\@babel\parser\lib\index.js:4761:17)
      at TypeScriptParserMixin.parseExprAtom (C:\Users\user\Downloads\Problem-Statementzip (1)\node_modules\.pnpm\@babel+parser@7.29.3\node_modules\@babel\parser\lib\index.js:4771:19)
      at TypeScriptParserMixin.parseExprSubscripts (C:\Users\user\Downloads\Problem-Statementzip (1)\node_modules\.pnpm\@babel+parser@7.29.3\node_modules\@babel\parser\lib\index.js:11098:23)
      at TypeScriptParserMixin.parseUpdate (C:\Users\user\Downloads\Problem-Statementzip (1)\node_modules\.pnpm\@babel+parser@7.29.3\node_modules\@babel\parser\lib\index.js:11083:21)
      at TypeScriptParserMixin.parseMaybeUnary (C:\Users\user\Downloads\Problem-Statementzip (1)\node_modules\.pnpm\@babel+parser@7.29.3\node_modules\@babel\parser\lib\index.js:11063:23)
      at TypeScriptParserMixin.parseMaybeUnary (C:\Users\user\Downloads\Problem-Statementzip (1)\node_modules\.pnpm\@babel+parser@7.29.3\node_modules\@babel\parser\lib\index.js:9854:18)
      at TypeScriptParserMixin.parseMaybeUnaryOrPrivate (C:\Users\user\Downloads\Problem-Statementzip (1)\node_modules\.pnpm\@babel+parser@7.29.3\node_modules\@babel\parser\lib\index.js:10916:61)
      at TypeScriptParserMixin.parseExprOps (C:\Users\user\Downloads\Problem-Statementzip (1)\node_modules\.pnpm\@babel+parser@7.29.3\node_modules\@babel\parser\lib\index.js:10921:23)
      at TypeScriptParserMixin.parseMaybeConditional (C:\Users\user\Downloads\Problem-Statementzip (1)\node_modules\.pnpm\@babel+parser@7.29.3\node_modules\@babel\parser\lib\index.js:10898:23)
      at TypeScriptParserMixin.parseMaybeAssign (C:\Users\user\Downloads\Problem-Statementzip (1)\node_modules\.pnpm\@babel+parser@7.29.3\node_modules\@babel\parser\lib\index.js:10848:21)
      at C:\Users\user\Downloads\Problem-Statementzip (1)\node_modules\.pnpm\@babel+parser@7.29.3\node_modules\@babel\parser\lib\index.js:9792:39
      at TypeScriptParserMixin.tryParse (C:\Users\user\Downloads\Problem-Statementzip (1)\node_modules\.pnpm\@babel+parser@7.29.3\node_modules\@babel\parser\lib\index.js:6924:20)
      at TypeScriptParserMixin.parseMaybeAssign (C:\Users\user\Downloads\Problem-Statementzip (1)\node_modules\.pnpm\@babel+parser@7.29.3\node_modules\@babel\parser\lib\index.js:9792:18)
      at C:\Users\user\Downloads\Problem-Statementzip (1)\node_modules\.pnpm\@babel+parser@7.29.3\node_modules\@babel\parser\lib\index.js:10817:39
      at TypeScriptParserMixin.allowInAnd (C:\Users\user\Downloads\Problem-Statementzip (1)\node_modules\.pnpm\@babel+parser@7.29.3\node_modules\@babel\parser\lib\index.js:12443:12)
      at TypeScriptParserMixin.parseMaybeAssignAllowIn (C:\Users\user\Downloads\Problem-Statementzip (1)\node_modules\.pnpm\@babel+parser@7.29.3\node_modules\@babel\parser\lib\index.js:10817:17)
      at TypeScriptParserMixin.parseMaybeAssignAllowInOrVoidPattern (C:\Users\user\Downloads\Problem-Statementzip (1)\node_modules\.pnpm\@babel+parser@7.29.3\node_modules\@babel\parser\lib\index.js:12510:17)
      at TypeScriptParserMixin.parseParenAndDistinguishExpression (C:\Users\user\Downloads\Problem-Statementzip (1)\node_modules\.pnpm\@babel+parser@7.29.3\node_modules\@babel\parser\lib\index.js:11692:28)
      at TypeScriptParserMixin.parseExprAtom (C:\Users\user\Downloads\Problem-Statementzip (1)\node_modules\.pnpm\@babel+parser@7.29.3\node_modules\@babel\parser\lib\index.js:11348:23)
      at TypeScriptParserMixin.parseExprAtom (C:\Users\user\Downloads\Problem-Statementzip (1)\node_modules\.pnpm\@babel+parser@7.29.3\node_modules\@babel\parser\lib\index.js:4776:20)
      at TypeScriptParserMixin.parseExprSubscripts (C:\Users\user\Downloads\Problem-Statementzip (1)\node_modules\.pnpm\@babel+parser@7.29.3\node_modules\@babel\parser\lib\index.js:11098:23)
      at TypeScriptParserMixin.parseUpdate (C:\Users\user\Downloads\Problem-Statementzip (1)\node_modules\.pnpm\@babel+parser@7.29.3\node_modules\@babel\parser\lib\index.js:11083:21)
      at TypeScriptParserMixin.parseMaybeUnary (C:\Users\user\Downloads\Problem-Statementzip (1)\node_modules\.pnpm\@babel+parser@7.29.3\node_modules\@babel\parser\lib\index.js:11063:23)
      at TypeScriptParserMixin.parseMaybeUnary (C:\Users\user\Downloads\Problem-Statementzip (1)\node_modules\.pnpm\@babel+parser@7.29.3\node_modules\@babel\parser\lib\index.js:9854:18)
      at TypeScriptParserMixin.parseMaybeUnaryOrPrivate (C:\Users\user\Downloads\Problem-Statementzip (1)\node_modules\.pnpm\@babel+parser@7.29.3\node_modules\@babel\parser\lib\index.js:10916:61)
      at TypeScriptParserMixin.parseExprOps (C:\Users\user\Downloads\Problem-Statementzip (1)\node_modules\.pnpm\@babel+parser@7.29.3\node_modules\@babel\parser\lib\index.js:10921:23)
      at TypeScriptParserMixin.parseMaybeConditional (C:\Users\user\Downloads\Problem-Statementzip (1)\node_modules\.pnpm\@babel+parser@7.29.3\node_modules\@babel\parser\lib\index.js:10898:23)
      at TypeScriptParserMixin.parseMaybeAssign (C:\Users\user\Downloads\Problem-Statementzip (1)\node_modules\.pnpm\@babel+parser@7.29.3\node_modules\@babel\parser\lib\index.js:10848:21)
      at TypeScriptParserMixin.parseMaybeAssign (C:\Users\user\Downloads\Problem-Statementzip (1)\node_modules\.pnpm\@babel+parser@7.29.3\node_modules\@babel\parser\lib\index.js:9803:20)
      at TypeScriptParserMixin.parseExpressionBase (C:\Users\user\Downloads\Problem-Statementzip (1)\node_modules\.pnpm\@babel+parser@7.29.3\node_modules\@babel\parser\lib\index.js:10801:23)
      at C:\Users\user\Downloads\Problem-Statementzip (1)\node_modules\.pnpm\@babel+parser@7.29.3\node_modules\@babel\parser\lib\index.js:10797:39
      at TypeScriptParserMixin.allowInAnd (C:\Users\user\Downloads\Problem-Statementzip (1)\node_modules\.pnpm\@babel+parser@7.29.3\node_modules\@babel\parser\lib\index.js:12438:16)
      at TypeScriptParserMixin.parseExpression (C:\Users\user\Downloads\Problem-Statementzip (1)\node_modules\.pnpm\@babel+parser@7.29.3\node_modules\@babel\parser\lib\index.js:10797:17)
      at TypeScriptParserMixin.parseReturnStatement (C:\Users\user\Downloads\Problem-Statementzip (1)\node_modules\.pnpm\@babel+parser@7.29.3\node_modules\@babel\parser\lib\index.js:13159:28)
      at TypeScriptParserMixin.parseStatementContent (C:\Users\user\Downloads\Problem-Statementzip (1)\node_modules\.pnpm\@babel+parser@7.29.3\node_modules\@babel\parser\lib\index.js:12815:21)
      at TypeScriptParserMixin.parseStatementContent (C:\Users\user\Downloads\Problem-Statementzip (1)\node_modules\.pnpm\@babel+parser@7.29.3\node_modules\@babel\parser\lib\index.js:9525:18)
      at TypeScriptParserMixin.parseStatementLike (C:\Users\user\Downloads\Problem-Statementzip (1)\node_modules\.pnpm\@babel+parser@7.29.3\node_modules\@babel\parser\lib\index.js:12784:17)
      at TypeScriptParserMixin.parseStatementListItem (C:\Users\user\Downloads\Problem-Statementzip (1)\node_modules\.pnpm\@babel+parser@7.29.3\node_modules\@babel\parser\lib\index.js:12764:17)
      at TypeScriptParserMixin.parseBlockOrModuleBlockBody (C:\Users\user\Downloads\Problem-Statementzip (1)\node_modules\.pnpm\@babel+parser@7.29.3\node_modules\@babel\parser\lib\index.js:13333:61)
      at TypeScriptParserMixin.parseBlockBody (C:\Users\user\Downloads\Problem-Statementzip (1)\node_modules\.pnpm\@babel+parser@7.29.3\node_modules\@babel\parser\lib\index.js:13326:10)
      at TypeScriptParserMixin.parseBlock (C:\Users\user\Downloads\Problem-Statementzip (1)\node_modules\.pnpm\@babel+parser@7.29.3\node_modules\@babel\parser\lib\index.js:13314:10)
      at TypeScriptParserMixin.parseFunctionBody (C:\Users\user\Downloads\Problem-Statementzip (1)\node_modules\.pnpm\@babel+parser@7.29.3\node_modules\@babel\parser\lib\index.js:12117:24)
      at TypeScriptParserMixin.parseFunctionBodyAndFinish (C:\Users\user\Downloads\Problem-Statementzip (1)\node_modules\.pnpm\@babel+parser@7.29.3\node_modules\@babel\parser\lib\index.js:12103:10)
[33m[vite:css][postcss] @import must precede all other statements (besides @charset or empty @layer)
29 |    src: url(../../../node_modules/.pnpm/@fontsource+geist-sans@5.2.5/node_modules/@fontsource/geist-sans/files/geist-s...
30 |  }
31 |  @import url("https://api.fontshare.com/v2/css?f[]=general-sans@400,500,600,700&display=swap");
   |  ^^^^^^^^^^^^^^^^^^^^^^^^^^^^^^^^^^^^^^^^^^^^^^^^^^^^^^^^^^^^^^^^^^^^^^^^^^^^^^^^^^^^^^^^^^^^^^
32 |  @layer theme, base, components, utilities;
33 |  @layer theme {[39m
[2m3:41:16 AM[22m [31m[1m[vite][22m[39m [31mInternal server error: C:\Users\user\Downloads\Problem-Statementzip (1)\artifacts\sketch-to-component\src\pages\index.tsx: Expected corresponding JSX closing tag for <div>. (90:4)

[0m [90m 88 |[31m         [33m<[31m[33m/[31m[33msection[31m[33m>[31m
 [90m 89 |[31m       [33m<[31m[33m/[31m[33mdiv[31m[33m>[31m
[31m[1m>[22m[31m[90m 90 |[31m     [33m<[31m[33m/[31m[33mmotion[31m[33m.[31mdiv[33m>[31m
 [90m    |[31m     [31m[1m^[22m[31m
 [90m 91 |[31m   )[33m;[31m
 [90m 92 |[31m }
 [90m 93 |[31m[0m[39m
  Plugin: [35mvite:react-babel[39m
  File: [36mC:/Users/user/Downloads/Problem-Statementzip (1)/artifacts/sketch-to-component/src/pages/index.tsx[39m:90:4
[33m  88 |          </section>
  89 |        </div>
  90 |      </motion.div>
     |      ^
  91 |    );
  92 |  }[39m
      at constructor (C:\Users\user\Downloads\Problem-Statementzip (1)\node_modules\.pnpm\@babel+parser@7.29.3\node_modules\@babel\parser\lib\index.js:365:19)
      at TypeScriptParserMixin.raise (C:\Users\user\Downloads\Problem-Statementzip (1)\node_modules\.pnpm\@babel+parser@7.29.3\node_modules\@babel\parser\lib\index.js:6616:19)
      at TypeScriptParserMixin.jsxParseElementAt (C:\Users\user\Downloads\Problem-Statementzip (1)\node_modules\.pnpm\@babel+parser@7.29.3\node_modules\@babel\parser\lib\index.js:4739:16)
      at TypeScriptParserMixin.jsxParseElement (C:\Users\user\Downloads\Problem-Statementzip (1)\node_modules\.pnpm\@babel+parser@7.29.3\node_modules\@babel\parser\lib\index.js:4761:17)
      at TypeScriptParserMixin.parseExprAtom (C:\Users\user\Downloads\Problem-Statementzip (1)\node_modules\.pnpm\@babel+parser@7.29.3\node_modules\@babel\parser\lib\index.js:4771:19)
      at TypeScriptParserMixin.parseExprSubscripts (C:\Users\user\Downloads\Problem-Statementzip (1)\node_modules\.pnpm\@babel+parser@7.29.3\node_modules\@babel\parser\lib\index.js:11098:23)
      at TypeScriptParserMixin.parseUpdate (C:\Users\user\Downloads\Problem-Statementzip (1)\node_modules\.pnpm\@babel+parser@7.29.3\node_modules\@babel\parser\lib\index.js:11083:21)
      at TypeScriptParserMixin.parseMaybeUnary (C:\Users\user\Downloads\Problem-Statementzip (1)\node_modules\.pnpm\@babel+parser@7.29.3\node_modules\@babel\parser\lib\index.js:11063:23)
      at TypeScriptParserMixin.parseMaybeUnary (C:\Users\user\Downloads\Problem-Statementzip (1)\node_modules\.pnpm\@babel+parser@7.29.3\node_modules\@babel\parser\lib\index.js:9854:18)
      at TypeScriptParserMixin.parseMaybeUnaryOrPrivate (C:\Users\user\Downloads\Problem-Statementzip (1)\node_modules\.pnpm\@babel+parser@7.29.3\node_modules\@babel\parser\lib\index.js:10916:61)
      at TypeScriptParserMixin.parseExprOps (C:\Users\user\Downloads\Problem-Statementzip (1)\node_modules\.pnpm\@babel+parser@7.29.3\node_modules\@babel\parser\lib\index.js:10921:23)
      at TypeScriptParserMixin.parseMaybeConditional (C:\Users\user\Downloads\Problem-Statementzip (1)\node_modules\.pnpm\@babel+parser@7.29.3\node_modules\@babel\parser\lib\index.js:10898:23)
      at TypeScriptParserMixin.parseMaybeAssign (C:\Users\user\Downloads\Problem-Statementzip (1)\node_modules\.pnpm\@babel+parser@7.29.3\node_modules\@babel\parser\lib\index.js:10848:21)
      at C:\Users\user\Downloads\Problem-Statementzip (1)\node_modules\.pnpm\@babel+parser@7.29.3\node_modules\@babel\parser\lib\index.js:9792:39
      at TypeScriptParserMixin.tryParse (C:\Users\user\Downloads\Problem-Statementzip (1)\node_modules\.pnpm\@babel+parser@7.29.3\node_modules\@babel\parser\lib\index.js:6924:20)
      at TypeScriptParserMixin.parseMaybeAssign (C:\Users\user\Downloads\Problem-Statementzip (1)\node_modules\.pnpm\@babel+parser@7.29.3\node_modules\@babel\parser\lib\index.js:9792:18)
      at C:\Users\user\Downloads\Problem-Statementzip (1)\node_modules\.pnpm\@babel+parser@7.29.3\node_modules\@babel\parser\lib\index.js:10817:39
      at TypeScriptParserMixin.allowInAnd (C:\Users\user\Downloads\Problem-Statementzip (1)\node_modules\.pnpm\@babel+parser@7.29.3\node_modules\@babel\parser\lib\index.js:12443:12)
      at TypeScriptParserMixin.parseMaybeAssignAllowIn (C:\Users\user\Downloads\Problem-Statementzip (1)\node_modules\.pnpm\@babel+parser@7.29.3\node_modules\@babel\parser\lib\index.js:10817:17)
      at TypeScriptParserMixin.parseMaybeAssignAllowInOrVoidPattern (C:\Users\user\Downloads\Problem-Statementzip (1)\node_modules\.pnpm\@babel+parser@7.29.3\node_modules\@babel\parser\lib\index.js:12510:17)
      at TypeScriptParserMixin.parseParenAndDistinguishExpression (C:\Users\user\Downloads\Problem-Statementzip (1)\node_modules\.pnpm\@babel+parser@7.29.3\node_modules\@babel\parser\lib\index.js:11692:28)
      at TypeScriptParserMixin.parseExprAtom (C:\Users\user\Downloads\Problem-Statementzip (1)\node_modules\.pnpm\@babel+parser@7.29.3\node_modules\@babel\parser\lib\index.js:11348:23)
      at TypeScriptParserMixin.parseExprAtom (C:\Users\user\Downloads\Problem-Statementzip (1)\node_modules\.pnpm\@babel+parser@7.29.3\node_modules\@babel\parser\lib\index.js:4776:20)
      at TypeScriptParserMixin.parseExprSubscripts (C:\Users\user\Downloads\Problem-Statementzip (1)\node_modules\.pnpm\@babel+parser@7.29.3\node_modules\@babel\parser\lib\index.js:11098:23)
      at TypeScriptParserMixin.parseUpdate (C:\Users\user\Downloads\Problem-Statementzip (1)\node_modules\.pnpm\@babel+parser@7.29.3\node_modules\@babel\parser\lib\index.js:11083:21)
      at TypeScriptParserMixin.parseMaybeUnary (C:\Users\user\Downloads\Problem-Statementzip (1)\node_modules\.pnpm\@babel+parser@7.29.3\node_modules\@babel\parser\lib\index.js:11063:23)
      at TypeScriptParserMixin.parseMaybeUnary (C:\Users\user\Downloads\Problem-Statementzip (1)\node_modules\.pnpm\@babel+parser@7.29.3\node_modules\@babel\parser\lib\index.js:9854:18)
      at TypeScriptParserMixin.parseMaybeUnaryOrPrivate (C:\Users\user\Downloads\Problem-Statementzip (1)\node_modules\.pnpm\@babel+parser@7.29.3\node_modules\@babel\parser\lib\index.js:10916:61)
      at TypeScriptParserMixin.parseExprOps (C:\Users\user\Downloads\Problem-Statementzip (1)\node_modules\.pnpm\@babel+parser@7.29.3\node_modules\@babel\parser\lib\index.js:10921:23)
      at TypeScriptParserMixin.parseMaybeConditional (C:\Users\user\Downloads\Problem-Statementzip (1)\node_modules\.pnpm\@babel+parser@7.29.3\node_modules\@babel\parser\lib\index.js:10898:23)
      at TypeScriptParserMixin.parseMaybeAssign (C:\Users\user\Downloads\Problem-Statementzip (1)\node_modules\.pnpm\@babel+parser@7.29.3\node_modules\@babel\parser\lib\index.js:10848:21)
      at TypeScriptParserMixin.parseMaybeAssign (C:\Users\user\Downloads\Problem-Statementzip (1)\node_modules\.pnpm\@babel+parser@7.29.3\node_modules\@babel\parser\lib\index.js:9803:20)
      at TypeScriptParserMixin.parseExpressionBase (C:\Users\user\Downloads\Problem-Statementzip (1)\node_modules\.pnpm\@babel+parser@7.29.3\node_modules\@babel\parser\lib\index.js:10801:23)
      at C:\Users\user\Downloads\Problem-Statementzip (1)\node_modules\.pnpm\@babel+parser@7.29.3\node_modules\@babel\parser\lib\index.js:10797:39
      at TypeScriptParserMixin.allowInAnd (C:\Users\user\Downloads\Problem-Statementzip (1)\node_modules\.pnpm\@babel+parser@7.29.3\node_modules\@babel\parser\lib\index.js:12438:16)
      at TypeScriptParserMixin.parseExpression (C:\Users\user\Downloads\Problem-Statementzip (1)\node_modules\.pnpm\@babel+parser@7.29.3\node_modules\@babel\parser\lib\index.js:10797:17)
      at TypeScriptParserMixin.parseReturnStatement (C:\Users\user\Downloads\Problem-Statementzip (1)\node_modules\.pnpm\@babel+parser@7.29.3\node_modules\@babel\parser\lib\index.js:13159:28)
      at TypeScriptParserMixin.parseStatementContent (C:\Users\user\Downloads\Problem-Statementzip (1)\node_modules\.pnpm\@babel+parser@7.29.3\node_modules\@babel\parser\lib\index.js:12815:21)
      at TypeScriptParserMixin.parseStatementContent (C:\Users\user\Downloads\Problem-Statementzip (1)\node_modules\.pnpm\@babel+parser@7.29.3\node_modules\@babel\parser\lib\index.js:9525:18)
      at TypeScriptParserMixin.parseStatementLike (C:\Users\user\Downloads\Problem-Statementzip (1)\node_modules\.pnpm\@babel+parser@7.29.3\node_modules\@babel\parser\lib\index.js:12784:17)
      at TypeScriptParserMixin.parseStatementListItem (C:\Users\user\Downloads\Problem-Statementzip (1)\node_modules\.pnpm\@babel+parser@7.29.3\node_modules\@babel\parser\lib\index.js:12764:17)
      at TypeScriptParserMixin.parseBlockOrModuleBlockBody (C:\Users\user\Downloads\Problem-Statementzip (1)\node_modules\.pnpm\@babel+parser@7.29.3\node_modules\@babel\parser\lib\index.js:13333:61)
      at TypeScriptParserMixin.parseBlockBody (C:\Users\user\Downloads\Problem-Statementzip (1)\node_modules\.pnpm\@babel+parser@7.29.3\node_modules\@babel\parser\lib\index.js:13326:10)
      at TypeScriptParserMixin.parseBlock (C:\Users\user\Downloads\Problem-Statementzip (1)\node_modules\.pnpm\@babel+parser@7.29.3\node_modules\@babel\parser\lib\index.js:13314:10)
      at TypeScriptParserMixin.parseFunctionBody (C:\Users\user\Downloads\Problem-Statementzip (1)\node_modules\.pnpm\@babel+parser@7.29.3\node_modules\@babel\parser\lib\index.js:12117:24)
      at TypeScriptParserMixin.parseFunctionBodyAndFinish (C:\Users\user\Downloads\Problem-Statementzip (1)\node_modules\.pnpm\@babel+parser@7.29.3\node_modules\@babel\parser\lib\index.js:12103:10)
      at TypeScriptParserMixin.parseFunctionBodyAndFinish (C:\Users\user\Downloads\Problem-Statementzip (1)\node_modules\.pnpm\@babel+parser@7.29.3\node_modules\@babel\parser\lib\index.js:9189:18)
      at C:\Users\user\Downloads\Problem-Statementzip (1)\node_modules\.pnpm\@babel+parser@7.29.3\node_modules\@babel\parser\lib\index.js:13462:12
      at TypeScriptParserMixin.withSmartMixTopicForbiddingContext (C:\Users\user\Downloads\Problem-Statementzip (1)\node_modules\.pnpm\@babel+parser@7.29.3\node_modules\@babel\parser\lib\index.js:12420:14)
      at TypeScriptParserMixin.parseFunction (C:\Users\user\Downloads\Problem-Statementzip (1)\node_modules\.pnpm\@babel+parser@7.29.3\node_modules\@babel\parser\lib\index.js:13461:10)
[2m3:41:16 AM[22m [31m[1m[vite][22m[39m [31mInternal server error: C:\Users\user\Downloads\Problem-Statementzip (1)\artifacts\sketch-to-component\src\pages\index.tsx: Expected corresponding JSX closing tag for <div>. (90:4)

[0m [90m 88 |[31m         [33m<[31m[33m/[31m[33msection[31m[33m>[31m
 [90m 89 |[31m       [33m<[31m[33m/[31m[33mdiv[31m[33m>[31m
[31m[1m>[22m[31m[90m 90 |[31m     [33m<[31m[33m/[31m[33mmotion[31m[33m.[31mdiv[33m>[31m
 [90m    |[31m     [31m[1m^[22m[31m
 [90m 91 |[31m   )[33m;[31m
 [90m 92 |[31m }
 [90m 93 |[31m[0m[39m
  Plugin: [35mvite:react-babel[39m
  File: [36mC:/Users/user/Downloads/Problem-Statementzip (1)/artifacts/sketch-to-component/src/pages/index.tsx[39m:90:4
[33m  88 |          </section>
  89 |        </div>
  90 |      </motion.div>
     |      ^
  91 |    );
  92 |  }[39m
      at constructor (C:\Users\user\Downloads\Problem-Statementzip (1)\node_modules\.pnpm\@babel+parser@7.29.3\node_modules\@babel\parser\lib\index.js:365:19)
      at TypeScriptParserMixin.raise (C:\Users\user\Downloads\Problem-Statementzip (1)\node_modules\.pnpm\@babel+parser@7.29.3\node_modules\@babel\parser\lib\index.js:6616:19)
      at TypeScriptParserMixin.jsxParseElementAt (C:\Users\user\Downloads\Problem-Statementzip (1)\node_modules\.pnpm\@babel+parser@7.29.3\node_modules\@babel\parser\lib\index.js:4739:16)
      at TypeScriptParserMixin.jsxParseElement (C:\Users\user\Downloads\Problem-Statementzip (1)\node_modules\.pnpm\@babel+parser@7.29.3\node_modules\@babel\parser\lib\index.js:4761:17)
      at TypeScriptParserMixin.parseExprAtom (C:\Users\user\Downloads\Problem-Statementzip (1)\node_modules\.pnpm\@babel+parser@7.29.3\node_modules\@babel\parser\lib\index.js:4771:19)
      at TypeScriptParserMixin.parseExprSubscripts (C:\Users\user\Downloads\Problem-Statementzip (1)\node_modules\.pnpm\@babel+parser@7.29.3\node_modules\@babel\parser\lib\index.js:11098:23)
      at TypeScriptParserMixin.parseUpdate (C:\Users\user\Downloads\Problem-Statementzip (1)\node_modules\.pnpm\@babel+parser@7.29.3\node_modules\@babel\parser\lib\index.js:11083:21)
      at TypeScriptParserMixin.parseMaybeUnary (C:\Users\user\Downloads\Problem-Statementzip (1)\node_modules\.pnpm\@babel+parser@7.29.3\node_modules\@babel\parser\lib\index.js:11063:23)
      at TypeScriptParserMixin.parseMaybeUnary (C:\Users\user\Downloads\Problem-Statementzip (1)\node_modules\.pnpm\@babel+parser@7.29.3\node_modules\@babel\parser\lib\index.js:9854:18)
      at TypeScriptParserMixin.parseMaybeUnaryOrPrivate (C:\Users\user\Downloads\Problem-Statementzip (1)\node_modules\.pnpm\@babel+parser@7.29.3\node_modules\@babel\parser\lib\index.js:10916:61)
      at TypeScriptParserMixin.parseExprOps (C:\Users\user\Downloads\Problem-Statementzip (1)\node_modules\.pnpm\@babel+parser@7.29.3\node_modules\@babel\parser\lib\index.js:10921:23)
      at TypeScriptParserMixin.parseMaybeConditional (C:\Users\user\Downloads\Problem-Statementzip (1)\node_modules\.pnpm\@babel+parser@7.29.3\node_modules\@babel\parser\lib\index.js:10898:23)
      at TypeScriptParserMixin.parseMaybeAssign (C:\Users\user\Downloads\Problem-Statementzip (1)\node_modules\.pnpm\@babel+parser@7.29.3\node_modules\@babel\parser\lib\index.js:10848:21)
      at C:\Users\user\Downloads\Problem-Statementzip (1)\node_modules\.pnpm\@babel+parser@7.29.3\node_modules\@babel\parser\lib\index.js:9792:39
      at TypeScriptParserMixin.tryParse (C:\Users\user\Downloads\Problem-Statementzip (1)\node_modules\.pnpm\@babel+parser@7.29.3\node_modules\@babel\parser\lib\index.js:6924:20)
      at TypeScriptParserMixin.parseMaybeAssign (C:\Users\user\Downloads\Problem-Statementzip (1)\node_modules\.pnpm\@babel+parser@7.29.3\node_modules\@babel\parser\lib\index.js:9792:18)
      at C:\Users\user\Downloads\Problem-Statementzip (1)\node_modules\.pnpm\@babel+parser@7.29.3\node_modules\@babel\parser\lib\index.js:10817:39
      at TypeScriptParserMixin.allowInAnd (C:\Users\user\Downloads\Problem-Statementzip (1)\node_modules\.pnpm\@babel+parser@7.29.3\node_modules\@babel\parser\lib\index.js:12443:12)
      at TypeScriptParserMixin.parseMaybeAssignAllowIn (C:\Users\user\Downloads\Problem-Statementzip (1)\node_modules\.pnpm\@babel+parser@7.29.3\node_modules\@babel\parser\lib\index.js:10817:17)
      at TypeScriptParserMixin.parseMaybeAssignAllowInOrVoidPattern (C:\Users\user\Downloads\Problem-Statementzip (1)\node_modules\.pnpm\@babel+parser@7.29.3\node_modules\@babel\parser\lib\index.js:12510:17)
      at TypeScriptParserMixin.parseParenAndDistinguishExpression (C:\Users\user\Downloads\Problem-Statementzip (1)\node_modules\.pnpm\@babel+parser@7.29.3\node_modules\@babel\parser\lib\index.js:11692:28)
      at TypeScriptParserMixin.parseExprAtom (C:\Users\user\Downloads\Problem-Statementzip (1)\node_modules\.pnpm\@babel+parser@7.29.3\node_modules\@babel\parser\lib\index.js:11348:23)
      at TypeScriptParserMixin.parseExprAtom (C:\Users\user\Downloads\Problem-Statementzip (1)\node_modules\.pnpm\@babel+parser@7.29.3\node_modules\@babel\parser\lib\index.js:4776:20)
      at TypeScriptParserMixin.parseExprSubscripts (C:\Users\user\Downloads\Problem-Statementzip (1)\node_modules\.pnpm\@babel+parser@7.29.3\node_modules\@babel\parser\lib\index.js:11098:23)
      at TypeScriptParserMixin.parseUpdate (C:\Users\user\Downloads\Problem-Statementzip (1)\node_modules\.pnpm\@babel+parser@7.29.3\node_modules\@babel\parser\lib\index.js:11083:21)
      at TypeScriptParserMixin.parseMaybeUnary (C:\Users\user\Downloads\Problem-Statementzip (1)\node_modules\.pnpm\@babel+parser@7.29.3\node_modules\@babel\parser\lib\index.js:11063:23)
      at TypeScriptParserMixin.parseMaybeUnary (C:\Users\user\Downloads\Problem-Statementzip (1)\node_modules\.pnpm\@babel+parser@7.29.3\node_modules\@babel\parser\lib\index.js:9854:18)
      at TypeScriptParserMixin.parseMaybeUnaryOrPrivate (C:\Users\user\Downloads\Problem-Statementzip (1)\node_modules\.pnpm\@babel+parser@7.29.3\node_modules\@babel\parser\lib\index.js:10916:61)
      at TypeScriptParserMixin.parseExprOps (C:\Users\user\Downloads\Problem-Statementzip (1)\node_modules\.pnpm\@babel+parser@7.29.3\node_modules\@babel\parser\lib\index.js:10921:23)
      at TypeScriptParserMixin.parseMaybeConditional (C:\Users\user\Downloads\Problem-Statementzip (1)\node_modules\.pnpm\@babel+parser@7.29.3\node_modules\@babel\parser\lib\index.js:10898:23)
      at TypeScriptParserMixin.parseMaybeAssign (C:\Users\user\Downloads\Problem-Statementzip (1)\node_modules\.pnpm\@babel+parser@7.29.3\node_modules\@babel\parser\lib\index.js:10848:21)
      at TypeScriptParserMixin.parseMaybeAssign (C:\Users\user\Downloads\Problem-Statementzip (1)\node_modules\.pnpm\@babel+parser@7.29.3\node_modules\@babel\parser\lib\index.js:9803:20)
      at TypeScriptParserMixin.parseExpressionBase (C:\Users\user\Downloads\Problem-Statementzip (1)\node_modules\.pnpm\@babel+parser@7.29.3\node_modules\@babel\parser\lib\index.js:10801:23)
      at C:\Users\user\Downloads\Problem-Statementzip (1)\node_modules\.pnpm\@babel+parser@7.29.3\node_modules\@babel\parser\lib\index.js:10797:39
      at TypeScriptParserMixin.allowInAnd (C:\Users\user\Downloads\Problem-Statementzip (1)\node_modules\.pnpm\@babel+parser@7.29.3\node_modules\@babel\parser\lib\index.js:12438:16)
      at TypeScriptParserMixin.parseExpression (C:\Users\user\Downloads\Problem-Statementzip (1)\node_modules\.pnpm\@babel+parser@7.29.3\node_modules\@babel\parser\lib\index.js:10797:17)
      at TypeScriptParserMixin.parseReturnStatement (C:\Users\user\Downloads\Problem-Statementzip (1)\node_modules\.pnpm\@babel+parser@7.29.3\node_modules\@babel\parser\lib\index.js:13159:28)
      at TypeScriptParserMixin.parseStatementContent (C:\Users\user\Downloads\Problem-Statementzip (1)\node_modules\.pnpm\@babel+parser@7.29.3\node_modules\@babel\parser\lib\index.js:12815:21)
      at TypeScriptParserMixin.parseStatementContent (C:\Users\user\Downloads\Problem-Statementzip (1)\node_modules\.pnpm\@babel+parser@7.29.3\node_modules\@babel\parser\lib\index.js:9525:18)
      at TypeScriptParserMixin.parseStatementLike (C:\Users\user\Downloads\Problem-Statementzip (1)\node_modules\.pnpm\@babel+parser@7.29.3\node_modules\@babel\parser\lib\index.js:12784:17)
      at TypeScriptParserMixin.parseStatementListItem (C:\Users\user\Downloads\Problem-Statementzip (1)\node_modules\.pnpm\@babel+parser@7.29.3\node_modules\@babel\parser\lib\index.js:12764:17)
      at TypeScriptParserMixin.parseBlockOrModuleBlockBody (C:\Users\user\Downloads\Problem-Statementzip (1)\node_modules\.pnpm\@babel+parser@7.29.3\node_modules\@babel\parser\lib\index.js:13333:61)
      at TypeScriptParserMixin.parseBlockBody (C:\Users\user\Downloads\Problem-Statementzip (1)\node_modules\.pnpm\@babel+parser@7.29.3\node_modules\@babel\parser\lib\index.js:13326:10)
      at TypeScriptParserMixin.parseBlock (C:\Users\user\Downloads\Problem-Statementzip (1)\node_modules\.pnpm\@babel+parser@7.29.3\node_modules\@babel\parser\lib\index.js:13314:10)
      at TypeScriptParserMixin.parseFunctionBody (C:\Users\user\Downloads\Problem-Statementzip (1)\node_modules\.pnpm\@babel+parser@7.29.3\node_modules\@babel\parser\lib\index.js:12117:24)
      at TypeScriptParserMixin.parseFunctionBodyAndFinish (C:\Users\user\Downloads\Problem-Statementzip (1)\node_modules\.pnpm\@babel+parser@7.29.3\node_modules\@babel\parser\lib\index.js:12103:10)
      at TypeScriptParserMixin.parseFunctionBodyAndFinish (C:\Users\user\Downloads\Problem-Statementzip (1)\node_modules\.pnpm\@babel+parser@7.29.3\node_modules\@babel\parser\lib\index.js:9189:18)
      at C:\Users\user\Downloads\Problem-Statementzip (1)\node_modules\.pnpm\@babel+parser@7.29.3\node_modules\@babel\parser\lib\index.js:13462:12
      at TypeScriptParserMixin.withSmartMixTopicForbiddingContext (C:\Users\user\Downloads\Problem-Statementzip (1)\node_modules\.pnpm\@babel+parser@7.29.3\node_modules\@babel\parser\lib\index.js:12420:14)
      at TypeScriptParserMixin.parseFunction (C:\Users\user\Downloads\Problem-Statementzip (1)\node_modules\.pnpm\@babel+parser@7.29.3\node_modules\@babel\parser\lib\index.js:13461:10)
[33m[vite:css][postcss] @import must precede all other statements (besides @charset or empty @layer)
29 |    src: url(../../../node_modules/.pnpm/@fontsource+geist-sans@5.2.5/node_modules/@fontsource/geist-sans/files/geist-s...
30 |  }
31 |  @import url("https://api.fontshare.com/v2/css?f[]=general-sans@400,500,600,700&display=swap");
   |  ^^^^^^^^^^^^^^^^^^^^^^^^^^^^^^^^^^^^^^^^^^^^^^^^^^^^^^^^^^^^^^^^^^^^^^^^^^^^^^^^^^^^^^^^^^^^^^
32 |  @layer theme, base, components, utilities;
33 |  @layer theme {[39m
[33m[vite:css][postcss] @import must precede all other statements (besides @charset or empty @layer)
29 |    src: url(../../../node_modules/.pnpm/@fontsource+geist-sans@5.2.5/node_modules/@fontsource/geist-sans/files/geist-s...
30 |  }
31 |  @import url("https://api.fontshare.com/v2/css?f[]=general-sans@400,500,600,700&display=swap");
   |  ^^^^^^^^^^^^^^^^^^^^^^^^^^^^^^^^^^^^^^^^^^^^^^^^^^^^^^^^^^^^^^^^^^^^^^^^^^^^^^^^^^^^^^^^^^^^^^
32 |  @layer theme, base, components, utilities;
33 |  @layer theme {[39m
[2m3:41:19 AM[22m [31m[1m[vite][22m[39m [31mInternal server error: C:\Users\user\Downloads\Problem-Statementzip (1)\artifacts\sketch-to-component\src\components\layout.tsx: Expected corresponding JSX closing tag for <motion.div>. (120:12)

[0m [90m 118 |[31m               [33m<[31m[33mSparkles[31m className[33m=[31m[32m"h-2.5 w-2.5 text-primary"[31m [33m/[31m[33m>[31m
 [90m 119 |[31m               [33mStudio[31m
[31m[1m>[22m[31m[90m 120 |[31m             [33m<[31m[33m/[31m[33mdiv[31m[33m>[31m
 [90m     |[31m             [31m[1m^[22m[31m
 [90m 121 |[31m           [33m<[31m[33m/[31m[33mdiv[31m[33m>[31m
 [90m 122 |[31m         [33m<[31m[33m/[31m[33mLink[31m[33m>[31m
 [90m 123 |[31m[0m[39m
  Plugin: [35mvite:react-babel[39m
  File: [36mC:/Users/user/Downloads/Problem-Statementzip (1)/artifacts/sketch-to-component/src/components/layout.tsx[39m:120:12
[33m  118 |                <Sparkles className="h-2.5 w-2.5 text-primary" />
  119 |                Studio
  120 |              </div>
      |              ^
  121 |            </div>
  122 |          </Link>[39m
      at constructor (C:\Users\user\Downloads\Problem-Statementzip (1)\node_modules\.pnpm\@babel+parser@7.29.3\node_modules\@babel\parser\lib\index.js:365:19)
      at TypeScriptParserMixin.raise (C:\Users\user\Downloads\Problem-Statementzip (1)\node_modules\.pnpm\@babel+parser@7.29.3\node_modules\@babel\parser\lib\index.js:6616:19)
      at TypeScriptParserMixin.jsxParseElementAt (C:\Users\user\Downloads\Problem-Statementzip (1)\node_modules\.pnpm\@babel+parser@7.29.3\node_modules\@babel\parser\lib\index.js:4739:16)
      at TypeScriptParserMixin.jsxParseElementAt (C:\Users\user\Downloads\Problem-Statementzip (1)\node_modules\.pnpm\@babel+parser@7.29.3\node_modules\@babel\parser\lib\index.js:4710:32)
      at TypeScriptParserMixin.jsxParseElementAt (C:\Users\user\Downloads\Problem-Statementzip (1)\node_modules\.pnpm\@babel+parser@7.29.3\node_modules\@babel\parser\lib\index.js:4710:32)
      at TypeScriptParserMixin.jsxParseElementAt (C:\Users\user\Downloads\Problem-Statementzip (1)\node_modules\.pnpm\@babel+parser@7.29.3\node_modules\@babel\parser\lib\index.js:4710:32)
      at TypeScriptParserMixin.jsxParseElementAt (C:\Users\user\Downloads\Problem-Statementzip (1)\node_modules\.pnpm\@babel+parser@7.29.3\node_modules\@babel\parser\lib\index.js:4710:32)
      at TypeScriptParserMixin.jsxParseElement (C:\Users\user\Downloads\Problem-Statementzip (1)\node_modules\.pnpm\@babel+parser@7.29.3\node_modules\@babel\parser\lib\index.js:4761:17)
      at TypeScriptParserMixin.parseExprAtom (C:\Users\user\Downloads\Problem-Statementzip (1)\node_modules\.pnpm\@babel+parser@7.29.3\node_modules\@babel\parser\lib\index.js:4771:19)
      at TypeScriptParserMixin.parseExprSubscripts (C:\Users\user\Downloads\Problem-Statementzip (1)\node_modules\.pnpm\@babel+parser@7.29.3\node_modules\@babel\parser\lib\index.js:11098:23)
      at TypeScriptParserMixin.parseUpdate (C:\Users\user\Downloads\Problem-Statementzip (1)\node_modules\.pnpm\@babel+parser@7.29.3\node_modules\@babel\parser\lib\index.js:11083:21)
      at TypeScriptParserMixin.parseMaybeUnary (C:\Users\user\Downloads\Problem-Statementzip (1)\node_modules\.pnpm\@babel+parser@7.29.3\node_modules\@babel\parser\lib\index.js:11063:23)
      at TypeScriptParserMixin.parseMaybeUnary (C:\Users\user\Downloads\Problem-Statementzip (1)\node_modules\.pnpm\@babel+parser@7.29.3\node_modules\@babel\parser\lib\index.js:9854:18)
      at TypeScriptParserMixin.parseMaybeUnaryOrPrivate (C:\Users\user\Downloads\Problem-Statementzip (1)\node_modules\.pnpm\@babel+parser@7.29.3\node_modules\@babel\parser\lib\index.js:10916:61)
      at TypeScriptParserMixin.parseExprOps (C:\Users\user\Downloads\Problem-Statementzip (1)\node_modules\.pnpm\@babel+parser@7.29.3\node_modules\@babel\parser\lib\index.js:10921:23)
      at TypeScriptParserMixin.parseMaybeConditional (C:\Users\user\Downloads\Problem-Statementzip (1)\node_modules\.pnpm\@babel+parser@7.29.3\node_modules\@babel\parser\lib\index.js:10898:23)
      at TypeScriptParserMixin.parseMaybeAssign (C:\Users\user\Downloads\Problem-Statementzip (1)\node_modules\.pnpm\@babel+parser@7.29.3\node_modules\@babel\parser\lib\index.js:10848:21)
      at C:\Users\user\Downloads\Problem-Statementzip (1)\node_modules\.pnpm\@babel+parser@7.29.3\node_modules\@babel\parser\lib\index.js:9792:39
      at TypeScriptParserMixin.tryParse (C:\Users\user\Downloads\Problem-Statementzip (1)\node_modules\.pnpm\@babel+parser@7.29.3\node_modules\@babel\parser\lib\index.js:6924:20)
      at TypeScriptParserMixin.parseMaybeAssign (C:\Users\user\Downloads\Problem-Statementzip (1)\node_modules\.pnpm\@babel+parser@7.29.3\node_modules\@babel\parser\lib\index.js:9792:18)
      at C:\Users\user\Downloads\Problem-Statementzip (1)\node_modules\.pnpm\@babel+parser@7.29.3\node_modules\@babel\parser\lib\index.js:10817:39
      at TypeScriptParserMixin.allowInAnd (C:\Users\user\Downloads\Problem-Statementzip (1)\node_modules\.pnpm\@babel+parser@7.29.3\node_modules\@babel\parser\lib\index.js:12443:12)
      at TypeScriptParserMixin.parseMaybeAssignAllowIn (C:\Users\user\Downloads\Problem-Statementzip (1)\node_modules\.pnpm\@babel+parser@7.29.3\node_modules\@babel\parser\lib\index.js:10817:17)
      at TypeScriptParserMixin.parseMaybeAssignAllowInOrVoidPattern (C:\Users\user\Downloads\Problem-Statementzip (1)\node_modules\.pnpm\@babel+parser@7.29.3\node_modules\@babel\parser\lib\index.js:12510:17)
      at TypeScriptParserMixin.parseParenAndDistinguishExpression (C:\Users\user\Downloads\Problem-Statementzip (1)\node_modules\.pnpm\@babel+parser@7.29.3\node_modules\@babel\parser\lib\index.js:11692:28)
      at TypeScriptParserMixin.parseExprAtom (C:\Users\user\Downloads\Problem-Statementzip (1)\node_modules\.pnpm\@babel+parser@7.29.3\node_modules\@babel\parser\lib\index.js:11348:23)
      at TypeScriptParserMixin.parseExprAtom (C:\Users\user\Downloads\Problem-Statementzip (1)\node_modules\.pnpm\@babel+parser@7.29.3\node_modules\@babel\parser\lib\index.js:4776:20)
      at TypeScriptParserMixin.parseExprSubscripts (C:\Users\user\Downloads\Problem-Statementzip (1)\node_modules\.pnpm\@babel+parser@7.29.3\node_modules\@babel\parser\lib\index.js:11098:23)
      at TypeScriptParserMixin.parseUpdate (C:\Users\user\Downloads\Problem-Statementzip (1)\node_modules\.pnpm\@babel+parser@7.29.3\node_modules\@babel\parser\lib\index.js:11083:21)
      at TypeScriptParserMixin.parseMaybeUnary (C:\Users\user\Downloads\Problem-Statementzip (1)\node_modules\.pnpm\@babel+parser@7.29.3\node_modules\@babel\parser\lib\index.js:11063:23)
      at TypeScriptParserMixin.parseMaybeUnary (C:\Users\user\Downloads\Problem-Statementzip (1)\node_modules\.pnpm\@babel+parser@7.29.3\node_modules\@babel\parser\lib\index.js:9854:18)
      at TypeScriptParserMixin.parseMaybeUnaryOrPrivate (C:\Users\user\Downloads\Problem-Statementzip (1)\node_modules\.pnpm\@babel+parser@7.29.3\node_modules\@babel\parser\lib\index.js:10916:61)
      at TypeScriptParserMixin.parseExprOps (C:\Users\user\Downloads\Problem-Statementzip (1)\node_modules\.pnpm\@babel+parser@7.29.3\node_modules\@babel\parser\lib\index.js:10921:23)
      at TypeScriptParserMixin.parseMaybeConditional (C:\Users\user\Downloads\Problem-Statementzip (1)\node_modules\.pnpm\@babel+parser@7.29.3\node_modules\@babel\parser\lib\index.js:10898:23)
      at TypeScriptParserMixin.parseMaybeAssign (C:\Users\user\Downloads\Problem-Statementzip (1)\node_modules\.pnpm\@babel+parser@7.29.3\node_modules\@babel\parser\lib\index.js:10848:21)
      at TypeScriptParserMixin.parseMaybeAssign (C:\Users\user\Downloads\Problem-Statementzip (1)\node_modules\.pnpm\@babel+parser@7.29.3\node_modules\@babel\parser\lib\index.js:9803:20)
      at TypeScriptParserMixin.parseExpressionBase (C:\Users\user\Downloads\Problem-Statementzip (1)\node_modules\.pnpm\@babel+parser@7.29.3\node_modules\@babel\parser\lib\index.js:10801:23)
      at C:\Users\user\Downloads\Problem-Statementzip (1)\node_modules\.pnpm\@babel+parser@7.29.3\node_modules\@babel\parser\lib\index.js:10797:39
      at TypeScriptParserMixin.allowInAnd (C:\Users\user\Downloads\Problem-Statementzip (1)\node_modules\.pnpm\@babel+parser@7.29.3\node_modules\@babel\parser\lib\index.js:12438:16)
      at TypeScriptParserMixin.parseExpression (C:\Users\user\Downloads\Problem-Statementzip (1)\node_modules\.pnpm\@babel+parser@7.29.3\node_modules\@babel\parser\lib\index.js:10797:17)
      at TypeScriptParserMixin.parseReturnStatement (C:\Users\user\Downloads\Problem-Statementzip (1)\node_modules\.pnpm\@babel+parser@7.29.3\node_modules\@babel\parser\lib\index.js:13159:28)
      at TypeScriptParserMixin.parseStatementContent (C:\Users\user\Downloads\Problem-Statementzip (1)\node_modules\.pnpm\@babel+parser@7.29.3\node_modules\@babel\parser\lib\index.js:12815:21)
      at TypeScriptParserMixin.parseStatementContent (C:\Users\user\Downloads\Problem-Statementzip (1)\node_modules\.pnpm\@babel+parser@7.29.3\node_modules\@babel\parser\lib\index.js:9525:18)
      at TypeScriptParserMixin.parseStatementLike (C:\Users\user\Downloads\Problem-Statementzip (1)\node_modules\.pnpm\@babel+parser@7.29.3\node_modules\@babel\parser\lib\index.js:12784:17)
      at TypeScriptParserMixin.parseStatementListItem (C:\Users\user\Downloads\Problem-Statementzip (1)\node_modules\.pnpm\@babel+parser@7.29.3\node_modules\@babel\parser\lib\index.js:12764:17)
      at TypeScriptParserMixin.parseBlockOrModuleBlockBody (C:\Users\user\Downloads\Problem-Statementzip (1)\node_modules\.pnpm\@babel+parser@7.29.3\node_modules\@babel\parser\lib\index.js:13333:61)
      at TypeScriptParserMixin.parseBlockBody (C:\Users\user\Downloads\Problem-Statementzip (1)\node_modules\.pnpm\@babel+parser@7.29.3\node_modules\@babel\parser\lib\index.js:13326:10)
      at TypeScriptParserMixin.parseBlock (C:\Users\user\Downloads\Problem-Statementzip (1)\node_modules\.pnpm\@babel+parser@7.29.3\node_modules\@babel\parser\lib\index.js:13314:10)
      at TypeScriptParserMixin.parseFunctionBody (C:\Users\user\Downloads\Problem-Statementzip (1)\node_modules\.pnpm\@babel+parser@7.29.3\node_modules\@babel\parser\lib\index.js:12117:24)
      at TypeScriptParserMixin.parseFunctionBodyAndFinish (C:\Users\user\Downloads\Problem-Statementzip (1)\node_modules\.pnpm\@babel+parser@7.29.3\node_modules\@babel\parser\lib\index.js:12103:10)
[2m3:41:19 AM[22m [31m[1m[vite][22m[39m [31mInternal server error: C:\Users\user\Downloads\Problem-Statementzip (1)\artifacts\sketch-to-component\src\components\layout.tsx: Expected corresponding JSX closing tag for <motion.div>. (120:12)

[0m [90m 118 |[31m               [33m<[31m[33mSparkles[31m className[33m=[31m[32m"h-2.5 w-2.5 text-primary"[31m [33m/[31m[33m>[31m
 [90m 119 |[31m               [33mStudio[31m
[31m[1m>[22m[31m[90m 120 |[31m             [33m<[31m[33m/[31m[33mdiv[31m[33m>[31m
 [90m     |[31m             [31m[1m^[22m[31m
 [90m 121 |[31m           [33m<[31m[33m/[31m[33mdiv[31m[33m>[31m
 [90m 122 |[31m         [33m<[31m[33m/[31m[33mLink[31m[33m>[31m
 [90m 123 |[31m[0m[39m
  Plugin: [35mvite:react-babel[39m
  File: [36mC:/Users/user/Downloads/Problem-Statementzip (1)/artifacts/sketch-to-component/src/components/layout.tsx[39m:120:12
[33m  118 |                <Sparkles className="h-2.5 w-2.5 text-primary" />
  119 |                Studio
  120 |              </div>
      |              ^
  121 |            </div>
  122 |          </Link>[39m
      at constructor (C:\Users\user\Downloads\Problem-Statementzip (1)\node_modules\.pnpm\@babel+parser@7.29.3\node_modules\@babel\parser\lib\index.js:365:19)
      at TypeScriptParserMixin.raise (C:\Users\user\Downloads\Problem-Statementzip (1)\node_modules\.pnpm\@babel+parser@7.29.3\node_modules\@babel\parser\lib\index.js:6616:19)
      at TypeScriptParserMixin.jsxParseElementAt (C:\Users\user\Downloads\Problem-Statementzip (1)\node_modules\.pnpm\@babel+parser@7.29.3\node_modules\@babel\parser\lib\index.js:4739:16)
      at TypeScriptParserMixin.jsxParseElementAt (C:\Users\user\Downloads\Problem-Statementzip (1)\node_modules\.pnpm\@babel+parser@7.29.3\node_modules\@babel\parser\lib\index.js:4710:32)
      at TypeScriptParserMixin.jsxParseElementAt (C:\Users\user\Downloads\Problem-Statementzip (1)\node_modules\.pnpm\@babel+parser@7.29.3\node_modules\@babel\parser\lib\index.js:4710:32)
      at TypeScriptParserMixin.jsxParseElementAt (C:\Users\user\Downloads\Problem-Statementzip (1)\node_modules\.pnpm\@babel+parser@7.29.3\node_modules\@babel\parser\lib\index.js:4710:32)
      at TypeScriptParserMixin.jsxParseElementAt (C:\Users\user\Downloads\Problem-Statementzip (1)\node_modules\.pnpm\@babel+parser@7.29.3\node_modules\@babel\parser\lib\index.js:4710:32)
      at TypeScriptParserMixin.jsxParseElement (C:\Users\user\Downloads\Problem-Statementzip (1)\node_modules\.pnpm\@babel+parser@7.29.3\node_modules\@babel\parser\lib\index.js:4761:17)
      at TypeScriptParserMixin.parseExprAtom (C:\Users\user\Downloads\Problem-Statementzip (1)\node_modules\.pnpm\@babel+parser@7.29.3\node_modules\@babel\parser\lib\index.js:4771:19)
      at TypeScriptParserMixin.parseExprSubscripts (C:\Users\user\Downloads\Problem-Statementzip (1)\node_modules\.pnpm\@babel+parser@7.29.3\node_modules\@babel\parser\lib\index.js:11098:23)
      at TypeScriptParserMixin.parseUpdate (C:\Users\user\Downloads\Problem-Statementzip (1)\node_modules\.pnpm\@babel+parser@7.29.3\node_modules\@babel\parser\lib\index.js:11083:21)
      at TypeScriptParserMixin.parseMaybeUnary (C:\Users\user\Downloads\Problem-Statementzip (1)\node_modules\.pnpm\@babel+parser@7.29.3\node_modules\@babel\parser\lib\index.js:11063:23)
      at TypeScriptParserMixin.parseMaybeUnary (C:\Users\user\Downloads\Problem-Statementzip (1)\node_modules\.pnpm\@babel+parser@7.29.3\node_modules\@babel\parser\lib\index.js:9854:18)
      at TypeScriptParserMixin.parseMaybeUnaryOrPrivate (C:\Users\user\Downloads\Problem-Statementzip (1)\node_modules\.pnpm\@babel+parser@7.29.3\node_modules\@babel\parser\lib\index.js:10916:61)
      at TypeScriptParserMixin.parseExprOps (C:\Users\user\Downloads\Problem-Statementzip (1)\node_modules\.pnpm\@babel+parser@7.29.3\node_modules\@babel\parser\lib\index.js:10921:23)
      at TypeScriptParserMixin.parseMaybeConditional (C:\Users\user\Downloads\Problem-Statementzip (1)\node_modules\.pnpm\@babel+parser@7.29.3\node_modules\@babel\parser\lib\index.js:10898:23)
      at TypeScriptParserMixin.parseMaybeAssign (C:\Users\user\Downloads\Problem-Statementzip (1)\node_modules\.pnpm\@babel+parser@7.29.3\node_modules\@babel\parser\lib\index.js:10848:21)
      at C:\Users\user\Downloads\Problem-Statementzip (1)\node_modules\.pnpm\@babel+parser@7.29.3\node_modules\@babel\parser\lib\index.js:9792:39
      at TypeScriptParserMixin.tryParse (C:\Users\user\Downloads\Problem-Statementzip (1)\node_modules\.pnpm\@babel+parser@7.29.3\node_modules\@babel\parser\lib\index.js:6924:20)
      at TypeScriptParserMixin.parseMaybeAssign (C:\Users\user\Downloads\Problem-Statementzip (1)\node_modules\.pnpm\@babel+parser@7.29.3\node_modules\@babel\parser\lib\index.js:9792:18)
      at C:\Users\user\Downloads\Problem-Statementzip (1)\node_modules\.pnpm\@babel+parser@7.29.3\node_modules\@babel\parser\lib\index.js:10817:39
      at TypeScriptParserMixin.allowInAnd (C:\Users\user\Downloads\Problem-Statementzip (1)\node_modules\.pnpm\@babel+parser@7.29.3\node_modules\@babel\parser\lib\index.js:12443:12)
      at TypeScriptParserMixin.parseMaybeAssignAllowIn (C:\Users\user\Downloads\Problem-Statementzip (1)\node_modules\.pnpm\@babel+parser@7.29.3\node_modules\@babel\parser\lib\index.js:10817:17)
      at TypeScriptParserMixin.parseMaybeAssignAllowInOrVoidPattern (C:\Users\user\Downloads\Problem-Statementzip (1)\node_modules\.pnpm\@babel+parser@7.29.3\node_modules\@babel\parser\lib\index.js:12510:17)
      at TypeScriptParserMixin.parseParenAndDistinguishExpression (C:\Users\user\Downloads\Problem-Statementzip (1)\node_modules\.pnpm\@babel+parser@7.29.3\node_modules\@babel\parser\lib\index.js:11692:28)
      at TypeScriptParserMixin.parseExprAtom (C:\Users\user\Downloads\Problem-Statementzip (1)\node_modules\.pnpm\@babel+parser@7.29.3\node_modules\@babel\parser\lib\index.js:11348:23)
      at TypeScriptParserMixin.parseExprAtom (C:\Users\user\Downloads\Problem-Statementzip (1)\node_modules\.pnpm\@babel+parser@7.29.3\node_modules\@babel\parser\lib\index.js:4776:20)
      at TypeScriptParserMixin.parseExprSubscripts (C:\Users\user\Downloads\Problem-Statementzip (1)\node_modules\.pnpm\@babel+parser@7.29.3\node_modules\@babel\parser\lib\index.js:11098:23)
      at TypeScriptParserMixin.parseUpdate (C:\Users\user\Downloads\Problem-Statementzip (1)\node_modules\.pnpm\@babel+parser@7.29.3\node_modules\@babel\parser\lib\index.js:11083:21)
      at TypeScriptParserMixin.parseMaybeUnary (C:\Users\user\Downloads\Problem-Statementzip (1)\node_modules\.pnpm\@babel+parser@7.29.3\node_modules\@babel\parser\lib\index.js:11063:23)
      at TypeScriptParserMixin.parseMaybeUnary (C:\Users\user\Downloads\Problem-Statementzip (1)\node_modules\.pnpm\@babel+parser@7.29.3\node_modules\@babel\parser\lib\index.js:9854:18)
      at TypeScriptParserMixin.parseMaybeUnaryOrPrivate (C:\Users\user\Downloads\Problem-Statementzip (1)\node_modules\.pnpm\@babel+parser@7.29.3\node_modules\@babel\parser\lib\index.js:10916:61)
      at TypeScriptParserMixin.parseExprOps (C:\Users\user\Downloads\Problem-Statementzip (1)\node_modules\.pnpm\@babel+parser@7.29.3\node_modules\@babel\parser\lib\index.js:10921:23)
      at TypeScriptParserMixin.parseMaybeConditional (C:\Users\user\Downloads\Problem-Statementzip (1)\node_modules\.pnpm\@babel+parser@7.29.3\node_modules\@babel\parser\lib\index.js:10898:23)
      at TypeScriptParserMixin.parseMaybeAssign (C:\Users\user\Downloads\Problem-Statementzip (1)\node_modules\.pnpm\@babel+parser@7.29.3\node_modules\@babel\parser\lib\index.js:10848:21)
      at TypeScriptParserMixin.parseMaybeAssign (C:\Users\user\Downloads\Problem-Statementzip (1)\node_modules\.pnpm\@babel+parser@7.29.3\node_modules\@babel\parser\lib\index.js:9803:20)
      at TypeScriptParserMixin.parseExpressionBase (C:\Users\user\Downloads\Problem-Statementzip (1)\node_modules\.pnpm\@babel+parser@7.29.3\node_modules\@babel\parser\lib\index.js:10801:23)
      at C:\Users\user\Downloads\Problem-Statementzip (1)\node_modules\.pnpm\@babel+parser@7.29.3\node_modules\@babel\parser\lib\index.js:10797:39
      at TypeScriptParserMixin.allowInAnd (C:\Users\user\Downloads\Problem-Statementzip (1)\node_modules\.pnpm\@babel+parser@7.29.3\node_modules\@babel\parser\lib\index.js:12438:16)
      at TypeScriptParserMixin.parseExpression (C:\Users\user\Downloads\Problem-Statementzip (1)\node_modules\.pnpm\@babel+parser@7.29.3\node_modules\@babel\parser\lib\index.js:10797:17)
      at TypeScriptParserMixin.parseReturnStatement (C:\Users\user\Downloads\Problem-Statementzip (1)\node_modules\.pnpm\@babel+parser@7.29.3\node_modules\@babel\parser\lib\index.js:13159:28)
      at TypeScriptParserMixin.parseStatementContent (C:\Users\user\Downloads\Problem-Statementzip (1)\node_modules\.pnpm\@babel+parser@7.29.3\node_modules\@babel\parser\lib\index.js:12815:21)
      at TypeScriptParserMixin.parseStatementContent (C:\Users\user\Downloads\Problem-Statementzip (1)\node_modules\.pnpm\@babel+parser@7.29.3\node_modules\@babel\parser\lib\index.js:9525:18)
      at TypeScriptParserMixin.parseStatementLike (C:\Users\user\Downloads\Problem-Statementzip (1)\node_modules\.pnpm\@babel+parser@7.29.3\node_modules\@babel\parser\lib\index.js:12784:17)
      at TypeScriptParserMixin.parseStatementListItem (C:\Users\user\Downloads\Problem-Statementzip (1)\node_modules\.pnpm\@babel+parser@7.29.3\node_modules\@babel\parser\lib\index.js:12764:17)
      at TypeScriptParserMixin.parseBlockOrModuleBlockBody (C:\Users\user\Downloads\Problem-Statementzip (1)\node_modules\.pnpm\@babel+parser@7.29.3\node_modules\@babel\parser\lib\index.js:13333:61)
      at TypeScriptParserMixin.parseBlockBody (C:\Users\user\Downloads\Problem-Statementzip (1)\node_modules\.pnpm\@babel+parser@7.29.3\node_modules\@babel\parser\lib\index.js:13326:10)
      at TypeScriptParserMixin.parseBlock (C:\Users\user\Downloads\Problem-Statementzip (1)\node_modules\.pnpm\@babel+parser@7.29.3\node_modules\@babel\parser\lib\index.js:13314:10)
      at TypeScriptParserMixin.parseFunctionBody (C:\Users\user\Downloads\Problem-Statementzip (1)\node_modules\.pnpm\@babel+parser@7.29.3\node_modules\@babel\parser\lib\index.js:12117:24)
      at TypeScriptParserMixin.parseFunctionBodyAndFinish (C:\Users\user\Downloads\Problem-Statementzip (1)\node_modules\.pnpm\@babel+parser@7.29.3\node_modules\@babel\parser\lib\index.js:12103:10)
[33m[vite:css][postcss] @import must precede all other statements (besides @charset or empty @layer)
29 |    src: url(../../../node_modules/.pnpm/@fontsource+geist-sans@5.2.5/node_modules/@fontsource/geist-sans/files/geist-s...
30 |  }
31 |  @import url("https://api.fontshare.com/v2/css?f[]=general-sans@400,500,600,700&display=swap");
   |  ^^^^^^^^^^^^^^^^^^^^^^^^^^^^^^^^^^^^^^^^^^^^^^^^^^^^^^^^^^^^^^^^^^^^^^^^^^^^^^^^^^^^^^^^^^^^^^
32 |  @layer theme, base, components, utilities;
33 |  @layer theme {[39m
[33m[vite:css][postcss] @import must precede all other statements (besides @charset or empty @layer)
29 |    src: url(../../../node_modules/.pnpm/@fontsource+geist-sans@5.2.5/node_modules/@fontsource/geist-sans/files/geist-s...
30 |  }
31 |  @import url("https://api.fontshare.com/v2/css?f[]=general-sans@400,500,600,700&display=swap");
   |  ^^^^^^^^^^^^^^^^^^^^^^^^^^^^^^^^^^^^^^^^^^^^^^^^^^^^^^^^^^^^^^^^^^^^^^^^^^^^^^^^^^^^^^^^^^^^^^
32 |  @layer theme, base, components, utilities;
33 |  @layer theme {[39m
[33m[vite:css][postcss] @import must precede all other statements (besides @charset or empty @layer)
29 |    src: url(../../../node_modules/.pnpm/@fontsource+geist-sans@5.2.5/node_modules/@fontsource/geist-sans/files/geist-s...
30 |  }
31 |  @import url("https://api.fontshare.com/v2/css?f[]=general-sans@400,500,600,700&display=swap");
   |  ^^^^^^^^^^^^^^^^^^^^^^^^^^^^^^^^^^^^^^^^^^^^^^^^^^^^^^^^^^^^^^^^^^^^^^^^^^^^^^^^^^^^^^^^^^^^^^
32 |  @layer theme, base, components, utilities;
33 |  @layer theme {[39m
[33m[vite:css][postcss] @import must precede all other statements (besides @charset or empty @layer)
29 |    src: url(../../../node_modules/.pnpm/@fontsource+geist-sans@5.2.5/node_modules/@fontsource/geist-sans/files/geist-s...
30 |  }
31 |  @import url("https://api.fontshare.com/v2/css?f[]=general-sans@400,500,600,700&display=swap");
   |  ^^^^^^^^^^^^^^^^^^^^^^^^^^^^^^^^^^^^^^^^^^^^^^^^^^^^^^^^^^^^^^^^^^^^^^^^^^^^^^^^^^^^^^^^^^^^^^
32 |  @layer theme, base, components, utilities;
33 |  @layer theme {[39m
[33m[vite:css][postcss] @import must precede all other statements (besides @charset or empty @layer)
29 |    src: url(../../../node_modules/.pnpm/@fontsource+geist-sans@5.2.5/node_modules/@fontsource/geist-sans/files/geist-s...
30 |  }
31 |  @import url("https://api.fontshare.com/v2/css?f[]=general-sans@400,500,600,700&display=swap");
   |  ^^^^^^^^^^^^^^^^^^^^^^^^^^^^^^^^^^^^^^^^^^^^^^^^^^^^^^^^^^^^^^^^^^^^^^^^^^^^^^^^^^^^^^^^^^^^^^
32 |  @layer theme, base, components, utilities;
33 |  @layer theme {[39m
[2m3:42:23 AM[22m [31m[1m[vite][22m[39m [31mInternal server error: C:\Users\user\Downloads\Problem-Statementzip (1)\artifacts\sketch-to-component\src\pages\history.tsx: Expected corresponding JSX closing tag for <div>. (113:14)

[0m [90m 111 |[31m                   [33m<[31m[33m/[31m[33mdiv[31m[33m>[31m
 [90m 112 |[31m                 ))}
[31m[1m>[22m[31m[90m 113 |[31m               [33m<[31m[33m/[31m[33mmotion[31m[33m.[31mdiv[33m>[31m
 [90m     |[31m               [31m[1m^[22m[31m
 [90m 114 |[31m             [33m<[31m[33m/[31m[33mmotion[31m[33m.[31mdiv[33m>[31m
 [90m 115 |[31m           ))}
 [90m 116 |[31m         [33m<[31m[33m/[31m[33mmotion[31m[33m.[31mdiv[33m>[31m[0m[39m
  Plugin: [35mvite:react-babel[39m
  File: [36mC:/Users/user/Downloads/Problem-Statementzip (1)/artifacts/sketch-to-component/src/pages/history.tsx[39m:113:14
[33m  111 |                    </div>
  112 |                  ))}
  113 |                </motion.div>
      |                ^
  114 |              </motion.div>
  115 |            ))}[39m
      at constructor (C:\Users\user\Downloads\Problem-Statementzip (1)\node_modules\.pnpm\@babel+parser@7.29.3\node_modules\@babel\parser\lib\index.js:365:19)
      at TypeScriptParserMixin.raise (C:\Users\user\Downloads\Problem-Statementzip (1)\node_modules\.pnpm\@babel+parser@7.29.3\node_modules\@babel\parser\lib\index.js:6616:19)
      at TypeScriptParserMixin.jsxParseElementAt (C:\Users\user\Downloads\Problem-Statementzip (1)\node_modules\.pnpm\@babel+parser@7.29.3\node_modules\@babel\parser\lib\index.js:4739:16)
      at TypeScriptParserMixin.jsxParseElementAt (C:\Users\user\Downloads\Problem-Statementzip (1)\node_modules\.pnpm\@babel+parser@7.29.3\node_modules\@babel\parser\lib\index.js:4710:32)
      at TypeScriptParserMixin.jsxParseElement (C:\Users\user\Downloads\Problem-Statementzip (1)\node_modules\.pnpm\@babel+parser@7.29.3\node_modules\@babel\parser\lib\index.js:4761:17)
      at TypeScriptParserMixin.parseExprAtom (C:\Users\user\Downloads\Problem-Statementzip (1)\node_modules\.pnpm\@babel+parser@7.29.3\node_modules\@babel\parser\lib\index.js:4771:19)
      at TypeScriptParserMixin.parseExprSubscripts (C:\Users\user\Downloads\Problem-Statementzip (1)\node_modules\.pnpm\@babel+parser@7.29.3\node_modules\@babel\parser\lib\index.js:11098:23)
      at TypeScriptParserMixin.parseUpdate (C:\Users\user\Downloads\Problem-Statementzip (1)\node_modules\.pnpm\@babel+parser@7.29.3\node_modules\@babel\parser\lib\index.js:11083:21)
      at TypeScriptParserMixin.parseMaybeUnary (C:\Users\user\Downloads\Problem-Statementzip (1)\node_modules\.pnpm\@babel+parser@7.29.3\node_modules\@babel\parser\lib\index.js:11063:23)
      at TypeScriptParserMixin.parseMaybeUnary (C:\Users\user\Downloads\Problem-Statementzip (1)\node_modules\.pnpm\@babel+parser@7.29.3\node_modules\@babel\parser\lib\index.js:9854:18)
      at TypeScriptParserMixin.parseMaybeUnaryOrPrivate (C:\Users\user\Downloads\Problem-Statementzip (1)\node_modules\.pnpm\@babel+parser@7.29.3\node_modules\@babel\parser\lib\index.js:10916:61)
      at TypeScriptParserMixin.parseExprOps (C:\Users\user\Downloads\Problem-Statementzip (1)\node_modules\.pnpm\@babel+parser@7.29.3\node_modules\@babel\parser\lib\index.js:10921:23)
      at TypeScriptParserMixin.parseMaybeConditional (C:\Users\user\Downloads\Problem-Statementzip (1)\node_modules\.pnpm\@babel+parser@7.29.3\node_modules\@babel\parser\lib\index.js:10898:23)
      at TypeScriptParserMixin.parseMaybeAssign (C:\Users\user\Downloads\Problem-Statementzip (1)\node_modules\.pnpm\@babel+parser@7.29.3\node_modules\@babel\parser\lib\index.js:10848:21)
      at C:\Users\user\Downloads\Problem-Statementzip (1)\node_modules\.pnpm\@babel+parser@7.29.3\node_modules\@babel\parser\lib\index.js:9792:39
      at TypeScriptParserMixin.tryParse (C:\Users\user\Downloads\Problem-Statementzip (1)\node_modules\.pnpm\@babel+parser@7.29.3\node_modules\@babel\parser\lib\index.js:6924:20)
      at TypeScriptParserMixin.parseMaybeAssign (C:\Users\user\Downloads\Problem-Statementzip (1)\node_modules\.pnpm\@babel+parser@7.29.3\node_modules\@babel\parser\lib\index.js:9792:18)
      at C:\Users\user\Downloads\Problem-Statementzip (1)\node_modules\.pnpm\@babel+parser@7.29.3\node_modules\@babel\parser\lib\index.js:10817:39
      at TypeScriptParserMixin.allowInAnd (C:\Users\user\Downloads\Problem-Statementzip (1)\node_modules\.pnpm\@babel+parser@7.29.3\node_modules\@babel\parser\lib\index.js:12443:12)
      at TypeScriptParserMixin.parseMaybeAssignAllowIn (C:\Users\user\Downloads\Problem-Statementzip (1)\node_modules\.pnpm\@babel+parser@7.29.3\node_modules\@babel\parser\lib\index.js:10817:17)
      at TypeScriptParserMixin.parseMaybeAssignAllowInOrVoidPattern (C:\Users\user\Downloads\Problem-Statementzip (1)\node_modules\.pnpm\@babel+parser@7.29.3\node_modules\@babel\parser\lib\index.js:12510:17)
      at TypeScriptParserMixin.parseParenAndDistinguishExpression (C:\Users\user\Downloads\Problem-Statementzip (1)\node_modules\.pnpm\@babel+parser@7.29.3\node_modules\@babel\parser\lib\index.js:11692:28)
      at TypeScriptParserMixin.parseExprAtom (C:\Users\user\Downloads\Problem-Statementzip (1)\node_modules\.pnpm\@babel+parser@7.29.3\node_modules\@babel\parser\lib\index.js:11348:23)
      at TypeScriptParserMixin.parseExprAtom (C:\Users\user\Downloads\Problem-Statementzip (1)\node_modules\.pnpm\@babel+parser@7.29.3\node_modules\@babel\parser\lib\index.js:4776:20)
      at TypeScriptParserMixin.parseExprSubscripts (C:\Users\user\Downloads\Problem-Statementzip (1)\node_modules\.pnpm\@babel+parser@7.29.3\node_modules\@babel\parser\lib\index.js:11098:23)
      at TypeScriptParserMixin.parseUpdate (C:\Users\user\Downloads\Problem-Statementzip (1)\node_modules\.pnpm\@babel+parser@7.29.3\node_modules\@babel\parser\lib\index.js:11083:21)
      at TypeScriptParserMixin.parseMaybeUnary (C:\Users\user\Downloads\Problem-Statementzip (1)\node_modules\.pnpm\@babel+parser@7.29.3\node_modules\@babel\parser\lib\index.js:11063:23)
      at TypeScriptParserMixin.parseMaybeUnary (C:\Users\user\Downloads\Problem-Statementzip (1)\node_modules\.pnpm\@babel+parser@7.29.3\node_modules\@babel\parser\lib\index.js:9854:18)
      at TypeScriptParserMixin.parseMaybeUnaryOrPrivate (C:\Users\user\Downloads\Problem-Statementzip (1)\node_modules\.pnpm\@babel+parser@7.29.3\node_modules\@babel\parser\lib\index.js:10916:61)
      at TypeScriptParserMixin.parseExprOps (C:\Users\user\Downloads\Problem-Statementzip (1)\node_modules\.pnpm\@babel+parser@7.29.3\node_modules\@babel\parser\lib\index.js:10921:23)
      at TypeScriptParserMixin.parseMaybeConditional (C:\Users\user\Downloads\Problem-Statementzip (1)\node_modules\.pnpm\@babel+parser@7.29.3\node_modules\@babel\parser\lib\index.js:10898:23)
      at TypeScriptParserMixin.parseMaybeAssign (C:\Users\user\Downloads\Problem-Statementzip (1)\node_modules\.pnpm\@babel+parser@7.29.3\node_modules\@babel\parser\lib\index.js:10848:21)
      at TypeScriptParserMixin.parseMaybeAssign (C:\Users\user\Downloads\Problem-Statementzip (1)\node_modules\.pnpm\@babel+parser@7.29.3\node_modules\@babel\parser\lib\index.js:9803:20)
      at TypeScriptParserMixin.parseFunctionBody (C:\Users\user\Downloads\Problem-Statementzip (1)\node_modules\.pnpm\@babel+parser@7.29.3\node_modules\@babel\parser\lib\index.js:12110:24)
      at TypeScriptParserMixin.parseArrowExpression (C:\Users\user\Downloads\Problem-Statementzip (1)\node_modules\.pnpm\@babel+parser@7.29.3\node_modules\@babel\parser\lib\index.js:12092:10)
      at TypeScriptParserMixin.parseParenAndDistinguishExpression (C:\Users\user\Downloads\Problem-Statementzip (1)\node_modules\.pnpm\@babel+parser@7.29.3\node_modules\@babel\parser\lib\index.js:11704:12)
      at TypeScriptParserMixin.parseExprAtom (C:\Users\user\Downloads\Problem-Statementzip (1)\node_modules\.pnpm\@babel+parser@7.29.3\node_modules\@babel\parser\lib\index.js:11348:23)
      at TypeScriptParserMixin.parseExprAtom (C:\Users\user\Downloads\Problem-Statementzip (1)\node_modules\.pnpm\@babel+parser@7.29.3\node_modules\@babel\parser\lib\index.js:4776:20)
      at TypeScriptParserMixin.parseExprSubscripts (C:\Users\user\Downloads\Problem-Statementzip (1)\node_modules\.pnpm\@babel+parser@7.29.3\node_modules\@babel\parser\lib\index.js:11098:23)
      at TypeScriptParserMixin.parseUpdate (C:\Users\user\Downloads\Problem-Statementzip (1)\node_modules\.pnpm\@babel+parser@7.29.3\node_modules\@babel\parser\lib\index.js:11083:21)
      at TypeScriptParserMixin.parseMaybeUnary (C:\Users\user\Downloads\Problem-Statementzip (1)\node_modules\.pnpm\@babel+parser@7.29.3\node_modules\@babel\parser\lib\index.js:11063:23)
      at TypeScriptParserMixin.parseMaybeUnary (C:\Users\user\Downloads\Problem-Statementzip (1)\node_modules\.pnpm\@babel+parser@7.29.3\node_modules\@babel\parser\lib\index.js:9854:18)
      at TypeScriptParserMixin.parseMaybeUnaryOrPrivate (C:\Users\user\Downloads\Problem-Statementzip (1)\node_modules\.pnpm\@babel+parser@7.29.3\node_modules\@babel\parser\lib\index.js:10916:61)
      at TypeScriptParserMixin.parseExprOps (C:\Users\user\Downloads\Problem-Statementzip (1)\node_modules\.pnpm\@babel+parser@7.29.3\node_modules\@babel\parser\lib\index.js:10921:23)
      at TypeScriptParserMixin.parseMaybeConditional (C:\Users\user\Downloads\Problem-Statementzip (1)\node_modules\.pnpm\@babel+parser@7.29.3\node_modules\@babel\parser\lib\index.js:10898:23)
      at TypeScriptParserMixin.parseMaybeAssign (C:\Users\user\Downloads\Problem-Statementzip (1)\node_modules\.pnpm\@babel+parser@7.29.3\node_modules\@babel\parser\lib\index.js:10848:21)
      at TypeScriptParserMixin.parseMaybeAssign (C:\Users\user\Downloads\Problem-Statementzip (1)\node_modules\.pnpm\@babel+parser@7.29.3\node_modules\@babel\parser\lib\index.js:9803:20)
      at C:\Users\user\Downloads\Problem-Statementzip (1)\node_modules\.pnpm\@babel+parser@7.29.3\node_modules\@babel\parser\lib\index.js:10817:39
      at TypeScriptParserMixin.allowInAnd (C:\Users\user\Downloads\Problem-Statementzip (1)\node_modules\.pnpm\@babel+parser@7.29.3\node_modules\@babel\parser\lib\index.js:12443:12)
      at TypeScriptParserMixin.parseMaybeAssignAllowIn (C:\Users\user\Downloads\Problem-Statementzip (1)\node_modules\.pnpm\@babel+parser@7.29.3\node_modules\@babel\parser\lib\index.js:10817:17)
[2m3:42:23 AM[22m [31m[1m[vite][22m[39m [31mInternal server error: C:\Users\user\Downloads\Problem-Statementzip (1)\artifacts\sketch-to-component\src\pages\history.tsx: Expected corresponding JSX closing tag for <div>. (113:14)

[0m [90m 111 |[31m                   [33m<[31m[33m/[31m[33mdiv[31m[33m>[31m
 [90m 112 |[31m                 ))}
[31m[1m>[22m[31m[90m 113 |[31m               [33m<[31m[33m/[31m[33mmotion[31m[33m.[31mdiv[33m>[31m
 [90m     |[31m               [31m[1m^[22m[31m
 [90m 114 |[31m             [33m<[31m[33m/[31m[33mmotion[31m[33m.[31mdiv[33m>[31m
 [90m 115 |[31m           ))}
 [90m 116 |[31m         [33m<[31m[33m/[31m[33mmotion[31m[33m.[31mdiv[33m>[31m[0m[39m
  Plugin: [35mvite:react-babel[39m
  File: [36mC:/Users/user/Downloads/Problem-Statementzip (1)/artifacts/sketch-to-component/src/pages/history.tsx[39m:113:14
[33m  111 |                    </div>
  112 |                  ))}
  113 |                </motion.div>
      |                ^
  114 |              </motion.div>
  115 |            ))}[39m
      at constructor (C:\Users\user\Downloads\Problem-Statementzip (1)\node_modules\.pnpm\@babel+parser@7.29.3\node_modules\@babel\parser\lib\index.js:365:19)
      at TypeScriptParserMixin.raise (C:\Users\user\Downloads\Problem-Statementzip (1)\node_modules\.pnpm\@babel+parser@7.29.3\node_modules\@babel\parser\lib\index.js:6616:19)
      at TypeScriptParserMixin.jsxParseElementAt (C:\Users\user\Downloads\Problem-Statementzip (1)\node_modules\.pnpm\@babel+parser@7.29.3\node_modules\@babel\parser\lib\index.js:4739:16)
      at TypeScriptParserMixin.jsxParseElementAt (C:\Users\user\Downloads\Problem-Statementzip (1)\node_modules\.pnpm\@babel+parser@7.29.3\node_modules\@babel\parser\lib\index.js:4710:32)
      at TypeScriptParserMixin.jsxParseElement (C:\Users\user\Downloads\Problem-Statementzip (1)\node_modules\.pnpm\@babel+parser@7.29.3\node_modules\@babel\parser\lib\index.js:4761:17)
      at TypeScriptParserMixin.parseExprAtom (C:\Users\user\Downloads\Problem-Statementzip (1)\node_modules\.pnpm\@babel+parser@7.29.3\node_modules\@babel\parser\lib\index.js:4771:19)
      at TypeScriptParserMixin.parseExprSubscripts (C:\Users\user\Downloads\Problem-Statementzip (1)\node_modules\.pnpm\@babel+parser@7.29.3\node_modules\@babel\parser\lib\index.js:11098:23)
      at TypeScriptParserMixin.parseUpdate (C:\Users\user\Downloads\Problem-Statementzip (1)\node_modules\.pnpm\@babel+parser@7.29.3\node_modules\@babel\parser\lib\index.js:11083:21)
      at TypeScriptParserMixin.parseMaybeUnary (C:\Users\user\Downloads\Problem-Statementzip (1)\node_modules\.pnpm\@babel+parser@7.29.3\node_modules\@babel\parser\lib\index.js:11063:23)
      at TypeScriptParserMixin.parseMaybeUnary (C:\Users\user\Downloads\Problem-Statementzip (1)\node_modules\.pnpm\@babel+parser@7.29.3\node_modules\@babel\parser\lib\index.js:9854:18)
      at TypeScriptParserMixin.parseMaybeUnaryOrPrivate (C:\Users\user\Downloads\Problem-Statementzip (1)\node_modules\.pnpm\@babel+parser@7.29.3\node_modules\@babel\parser\lib\index.js:10916:61)
      at TypeScriptParserMixin.parseExprOps (C:\Users\user\Downloads\Problem-Statementzip (1)\node_modules\.pnpm\@babel+parser@7.29.3\node_modules\@babel\parser\lib\index.js:10921:23)
      at TypeScriptParserMixin.parseMaybeConditional (C:\Users\user\Downloads\Problem-Statementzip (1)\node_modules\.pnpm\@babel+parser@7.29.3\node_modules\@babel\parser\lib\index.js:10898:23)
      at TypeScriptParserMixin.parseMaybeAssign (C:\Users\user\Downloads\Problem-Statementzip (1)\node_modules\.pnpm\@babel+parser@7.29.3\node_modules\@babel\parser\lib\index.js:10848:21)
      at C:\Users\user\Downloads\Problem-Statementzip (1)\node_modules\.pnpm\@babel+parser@7.29.3\node_modules\@babel\parser\lib\index.js:9792:39
      at TypeScriptParserMixin.tryParse (C:\Users\user\Downloads\Problem-Statementzip (1)\node_modules\.pnpm\@babel+parser@7.29.3\node_modules\@babel\parser\lib\index.js:6924:20)
      at TypeScriptParserMixin.parseMaybeAssign (C:\Users\user\Downloads\Problem-Statementzip (1)\node_modules\.pnpm\@babel+parser@7.29.3\node_modules\@babel\parser\lib\index.js:9792:18)
      at C:\Users\user\Downloads\Problem-Statementzip (1)\node_modules\.pnpm\@babel+parser@7.29.3\node_modules\@babel\parser\lib\index.js:10817:39
      at TypeScriptParserMixin.allowInAnd (C:\Users\user\Downloads\Problem-Statementzip (1)\node_modules\.pnpm\@babel+parser@7.29.3\node_modules\@babel\parser\lib\index.js:12443:12)
      at TypeScriptParserMixin.parseMaybeAssignAllowIn (C:\Users\user\Downloads\Problem-Statementzip (1)\node_modules\.pnpm\@babel+parser@7.29.3\node_modules\@babel\parser\lib\index.js:10817:17)
      at TypeScriptParserMixin.parseMaybeAssignAllowInOrVoidPattern (C:\Users\user\Downloads\Problem-Statementzip (1)\node_modules\.pnpm\@babel+parser@7.29.3\node_modules\@babel\parser\lib\index.js:12510:17)
      at TypeScriptParserMixin.parseParenAndDistinguishExpression (C:\Users\user\Downloads\Problem-Statementzip (1)\node_modules\.pnpm\@babel+parser@7.29.3\node_modules\@babel\parser\lib\index.js:11692:28)
      at TypeScriptParserMixin.parseExprAtom (C:\Users\user\Downloads\Problem-Statementzip (1)\node_modules\.pnpm\@babel+parser@7.29.3\node_modules\@babel\parser\lib\index.js:11348:23)
      at TypeScriptParserMixin.parseExprAtom (C:\Users\user\Downloads\Problem-Statementzip (1)\node_modules\.pnpm\@babel+parser@7.29.3\node_modules\@babel\parser\lib\index.js:4776:20)
      at TypeScriptParserMixin.parseExprSubscripts (C:\Users\user\Downloads\Problem-Statementzip (1)\node_modules\.pnpm\@babel+parser@7.29.3\node_modules\@babel\parser\lib\index.js:11098:23)
      at TypeScriptParserMixin.parseUpdate (C:\Users\user\Downloads\Problem-Statementzip (1)\node_modules\.pnpm\@babel+parser@7.29.3\node_modules\@babel\parser\lib\index.js:11083:21)
      at TypeScriptParserMixin.parseMaybeUnary (C:\Users\user\Downloads\Problem-Statementzip (1)\node_modules\.pnpm\@babel+parser@7.29.3\node_modules\@babel\parser\lib\index.js:11063:23)
      at TypeScriptParserMixin.parseMaybeUnary (C:\Users\user\Downloads\Problem-Statementzip (1)\node_modules\.pnpm\@babel+parser@7.29.3\node_modules\@babel\parser\lib\index.js:9854:18)
      at TypeScriptParserMixin.parseMaybeUnaryOrPrivate (C:\Users\user\Downloads\Problem-Statementzip (1)\node_modules\.pnpm\@babel+parser@7.29.3\node_modules\@babel\parser\lib\index.js:10916:61)
      at TypeScriptParserMixin.parseExprOps (C:\Users\user\Downloads\Problem-Statementzip (1)\node_modules\.pnpm\@babel+parser@7.29.3\node_modules\@babel\parser\lib\index.js:10921:23)
      at TypeScriptParserMixin.parseMaybeConditional (C:\Users\user\Downloads\Problem-Statementzip (1)\node_modules\.pnpm\@babel+parser@7.29.3\node_modules\@babel\parser\lib\index.js:10898:23)
      at TypeScriptParserMixin.parseMaybeAssign (C:\Users\user\Downloads\Problem-Statementzip (1)\node_modules\.pnpm\@babel+parser@7.29.3\node_modules\@babel\parser\lib\index.js:10848:21)
      at TypeScriptParserMixin.parseMaybeAssign (C:\Users\user\Downloads\Problem-Statementzip (1)\node_modules\.pnpm\@babel+parser@7.29.3\node_modules\@babel\parser\lib\index.js:9803:20)
      at TypeScriptParserMixin.parseFunctionBody (C:\Users\user\Downloads\Problem-Statementzip (1)\node_modules\.pnpm\@babel+parser@7.29.3\node_modules\@babel\parser\lib\index.js:12110:24)
      at TypeScriptParserMixin.parseArrowExpression (C:\Users\user\Downloads\Problem-Statementzip (1)\node_modules\.pnpm\@babel+parser@7.29.3\node_modules\@babel\parser\lib\index.js:12092:10)
      at TypeScriptParserMixin.parseParenAndDistinguishExpression (C:\Users\user\Downloads\Problem-Statementzip (1)\node_modules\.pnpm\@babel+parser@7.29.3\node_modules\@babel\parser\lib\index.js:11704:12)
      at TypeScriptParserMixin.parseExprAtom (C:\Users\user\Downloads\Problem-Statementzip (1)\node_modules\.pnpm\@babel+parser@7.29.3\node_modules\@babel\parser\lib\index.js:11348:23)
      at TypeScriptParserMixin.parseExprAtom (C:\Users\user\Downloads\Problem-Statementzip (1)\node_modules\.pnpm\@babel+parser@7.29.3\node_modules\@babel\parser\lib\index.js:4776:20)
      at TypeScriptParserMixin.parseExprSubscripts (C:\Users\user\Downloads\Problem-Statementzip (1)\node_modules\.pnpm\@babel+parser@7.29.3\node_modules\@babel\parser\lib\index.js:11098:23)
      at TypeScriptParserMixin.parseUpdate (C:\Users\user\Downloads\Problem-Statementzip (1)\node_modules\.pnpm\@babel+parser@7.29.3\node_modules\@babel\parser\lib\index.js:11083:21)
      at TypeScriptParserMixin.parseMaybeUnary (C:\Users\user\Downloads\Problem-Statementzip (1)\node_modules\.pnpm\@babel+parser@7.29.3\node_modules\@babel\parser\lib\index.js:11063:23)
      at TypeScriptParserMixin.parseMaybeUnary (C:\Users\user\Downloads\Problem-Statementzip (1)\node_modules\.pnpm\@babel+parser@7.29.3\node_modules\@babel\parser\lib\index.js:9854:18)
      at TypeScriptParserMixin.parseMaybeUnaryOrPrivate (C:\Users\user\Downloads\Problem-Statementzip (1)\node_modules\.pnpm\@babel+parser@7.29.3\node_modules\@babel\parser\lib\index.js:10916:61)
      at TypeScriptParserMixin.parseExprOps (C:\Users\user\Downloads\Problem-Statementzip (1)\node_modules\.pnpm\@babel+parser@7.29.3\node_modules\@babel\parser\lib\index.js:10921:23)
      at TypeScriptParserMixin.parseMaybeConditional (C:\Users\user\Downloads\Problem-Statementzip (1)\node_modules\.pnpm\@babel+parser@7.29.3\node_modules\@babel\parser\lib\index.js:10898:23)
      at TypeScriptParserMixin.parseMaybeAssign (C:\Users\user\Downloads\Problem-Statementzip (1)\node_modules\.pnpm\@babel+parser@7.29.3\node_modules\@babel\parser\lib\index.js:10848:21)
      at TypeScriptParserMixin.parseMaybeAssign (C:\Users\user\Downloads\Problem-Statementzip (1)\node_modules\.pnpm\@babel+parser@7.29.3\node_modules\@babel\parser\lib\index.js:9803:20)
      at C:\Users\user\Downloads\Problem-Statementzip (1)\node_modules\.pnpm\@babel+parser@7.29.3\node_modules\@babel\parser\lib\index.js:10817:39
      at TypeScriptParserMixin.allowInAnd (C:\Users\user\Downloads\Problem-Statementzip (1)\node_modules\.pnpm\@babel+parser@7.29.3\node_modules\@babel\parser\lib\index.js:12443:12)
      at TypeScriptParserMixin.parseMaybeAssignAllowIn (C:\Users\user\Downloads\Problem-Statementzip (1)\node_modules\.pnpm\@babel+parser@7.29.3\node_modules\@babel\parser\lib\index.js:10817:17)
[33m[vite:css][postcss] @import must precede all other statements (besides @charset or empty @layer)
29 |    src: url(../../../node_modules/.pnpm/@fontsource+geist-sans@5.2.5/node_modules/@fontsource/geist-sans/files/geist-s...
30 |  }
31 |  @import url("https://api.fontshare.com/v2/css?f[]=general-sans@400,500,600,700&display=swap");
   |  ^^^^^^^^^^^^^^^^^^^^^^^^^^^^^^^^^^^^^^^^^^^^^^^^^^^^^^^^^^^^^^^^^^^^^^^^^^^^^^^^^^^^^^^^^^^^^^
32 |  @layer theme, base, components, utilities;
33 |  @layer theme {[39m
[2m3:42:59 AM[22m [31m[1m[vite][22m[39m [31mInternal server error: C:\Users\user\Downloads\Problem-Statementzip (1)\artifacts\sketch-to-component\src\pages\history.tsx: Expected corresponding JSX closing tag for <div>. (211:22)

[0m [90m 209 |[31m                               [33m<[31m[33m/[31m[33mdiv[31m[33m>[31m
 [90m 210 |[31m                         [33m<[31m[33m/[31m[33mdiv[31m[33m>[31m
[31m[1m>[22m[31m[90m 211 |[31m                       [33m<[31m[33m/[31m[33mLink[31m[33m>[31m
 [90m     |[31m                       [31m[1m^[22m[31m
 [90m 212 |[31m                     )[33m;[31m
 [90m 213 |[31m                   })}
 [90m 214 |[31m                 [33m<[31m[33m/[31m[33mdiv[31m[33m>[31m[0m[39m
  Plugin: [35mvite:react-babel[39m
  File: [36mC:/Users/user/Downloads/Problem-Statementzip (1)/artifacts/sketch-to-component/src/pages/history.tsx[39m:211:22
[33m  209 |                                </div>
  210 |                          </div>
  211 |                        </Link>
      |                        ^
  212 |                      );
  213 |                    })}[39m
      at constructor (C:\Users\user\Downloads\Problem-Statementzip (1)\node_modules\.pnpm\@babel+parser@7.29.3\node_modules\@babel\parser\lib\index.js:365:19)
      at TypeScriptParserMixin.raise (C:\Users\user\Downloads\Problem-Statementzip (1)\node_modules\.pnpm\@babel+parser@7.29.3\node_modules\@babel\parser\lib\index.js:6616:19)
      at TypeScriptParserMixin.jsxParseElementAt (C:\Users\user\Downloads\Problem-Statementzip (1)\node_modules\.pnpm\@babel+parser@7.29.3\node_modules\@babel\parser\lib\index.js:4739:16)
      at TypeScriptParserMixin.jsxParseElementAt (C:\Users\user\Downloads\Problem-Statementzip (1)\node_modules\.pnpm\@babel+parser@7.29.3\node_modules\@babel\parser\lib\index.js:4710:32)
      at TypeScriptParserMixin.jsxParseElementAt (C:\Users\user\Downloads\Problem-Statementzip (1)\node_modules\.pnpm\@babel+parser@7.29.3\node_modules\@babel\parser\lib\index.js:4710:32)
      at TypeScriptParserMixin.jsxParseElement (C:\Users\user\Downloads\Problem-Statementzip (1)\node_modules\.pnpm\@babel+parser@7.29.3\node_modules\@babel\parser\lib\index.js:4761:17)
      at TypeScriptParserMixin.parseExprAtom (C:\Users\user\Downloads\Problem-Statementzip (1)\node_modules\.pnpm\@babel+parser@7.29.3\node_modules\@babel\parser\lib\index.js:4771:19)
      at TypeScriptParserMixin.parseExprSubscripts (C:\Users\user\Downloads\Problem-Statementzip (1)\node_modules\.pnpm\@babel+parser@7.29.3\node_modules\@babel\parser\lib\index.js:11098:23)
      at TypeScriptParserMixin.parseUpdate (C:\Users\user\Downloads\Problem-Statementzip (1)\node_modules\.pnpm\@babel+parser@7.29.3\node_modules\@babel\parser\lib\index.js:11083:21)
      at TypeScriptParserMixin.parseMaybeUnary (C:\Users\user\Downloads\Problem-Statementzip (1)\node_modules\.pnpm\@babel+parser@7.29.3\node_modules\@babel\parser\lib\index.js:11063:23)
      at TypeScriptParserMixin.parseMaybeUnary (C:\Users\user\Downloads\Problem-Statementzip (1)\node_modules\.pnpm\@babel+parser@7.29.3\node_modules\@babel\parser\lib\index.js:9854:18)
      at TypeScriptParserMixin.parseMaybeUnaryOrPrivate (C:\Users\user\Downloads\Problem-Statementzip (1)\node_modules\.pnpm\@babel+parser@7.29.3\node_modules\@babel\parser\lib\index.js:10916:61)
      at TypeScriptParserMixin.parseExprOps (C:\Users\user\Downloads\Problem-Statementzip (1)\node_modules\.pnpm\@babel+parser@7.29.3\node_modules\@babel\parser\lib\index.js:10921:23)
      at TypeScriptParserMixin.parseMaybeConditional (C:\Users\user\Downloads\Problem-Statementzip (1)\node_modules\.pnpm\@babel+parser@7.29.3\node_modules\@babel\parser\lib\index.js:10898:23)
      at TypeScriptParserMixin.parseMaybeAssign (C:\Users\user\Downloads\Problem-Statementzip (1)\node_modules\.pnpm\@babel+parser@7.29.3\node_modules\@babel\parser\lib\index.js:10848:21)
      at C:\Users\user\Downloads\Problem-Statementzip (1)\node_modules\.pnpm\@babel+parser@7.29.3\node_modules\@babel\parser\lib\index.js:9792:39
      at TypeScriptParserMixin.tryParse (C:\Users\user\Downloads\Problem-Statementzip (1)\node_modules\.pnpm\@babel+parser@7.29.3\node_modules\@babel\parser\lib\index.js:6924:20)
      at TypeScriptParserMixin.parseMaybeAssign (C:\Users\user\Downloads\Problem-Statementzip (1)\node_modules\.pnpm\@babel+parser@7.29.3\node_modules\@babel\parser\lib\index.js:9792:18)
      at C:\Users\user\Downloads\Problem-Statementzip (1)\node_modules\.pnpm\@babel+parser@7.29.3\node_modules\@babel\parser\lib\index.js:10817:39
      at TypeScriptParserMixin.allowInAnd (C:\Users\user\Downloads\Problem-Statementzip (1)\node_modules\.pnpm\@babel+parser@7.29.3\node_modules\@babel\parser\lib\index.js:12443:12)
      at TypeScriptParserMixin.parseMaybeAssignAllowIn (C:\Users\user\Downloads\Problem-Statementzip (1)\node_modules\.pnpm\@babel+parser@7.29.3\node_modules\@babel\parser\lib\index.js:10817:17)
      at TypeScriptParserMixin.parseMaybeAssignAllowInOrVoidPattern (C:\Users\user\Downloads\Problem-Statementzip (1)\node_modules\.pnpm\@babel+parser@7.29.3\node_modules\@babel\parser\lib\index.js:12510:17)
      at TypeScriptParserMixin.parseParenAndDistinguishExpression (C:\Users\user\Downloads\Problem-Statementzip (1)\node_modules\.pnpm\@babel+parser@7.29.3\node_modules\@babel\parser\lib\index.js:11692:28)
      at TypeScriptParserMixin.parseExprAtom (C:\Users\user\Downloads\Problem-Statementzip (1)\node_modules\.pnpm\@babel+parser@7.29.3\node_modules\@babel\parser\lib\index.js:11348:23)
      at TypeScriptParserMixin.parseExprAtom (C:\Users\user\Downloads\Problem-Statementzip (1)\node_modules\.pnpm\@babel+parser@7.29.3\node_modules\@babel\parser\lib\index.js:4776:20)
      at TypeScriptParserMixin.parseExprSubscripts (C:\Users\user\Downloads\Problem-Statementzip (1)\node_modules\.pnpm\@babel+parser@7.29.3\node_modules\@babel\parser\lib\index.js:11098:23)
      at TypeScriptParserMixin.parseUpdate (C:\Users\user\Downloads\Problem-Statementzip (1)\node_modules\.pnpm\@babel+parser@7.29.3\node_modules\@babel\parser\lib\index.js:11083:21)
      at TypeScriptParserMixin.parseMaybeUnary (C:\Users\user\Downloads\Problem-Statementzip (1)\node_modules\.pnpm\@babel+parser@7.29.3\node_modules\@babel\parser\lib\index.js:11063:23)
      at TypeScriptParserMixin.parseMaybeUnary (C:\Users\user\Downloads\Problem-Statementzip (1)\node_modules\.pnpm\@babel+parser@7.29.3\node_modules\@babel\parser\lib\index.js:9854:18)
      at TypeScriptParserMixin.parseMaybeUnaryOrPrivate (C:\Users\user\Downloads\Problem-Statementzip (1)\node_modules\.pnpm\@babel+parser@7.29.3\node_modules\@babel\parser\lib\index.js:10916:61)
      at TypeScriptParserMixin.parseExprOps (C:\Users\user\Downloads\Problem-Statementzip (1)\node_modules\.pnpm\@babel+parser@7.29.3\node_modules\@babel\parser\lib\index.js:10921:23)
      at TypeScriptParserMixin.parseMaybeConditional (C:\Users\user\Downloads\Problem-Statementzip (1)\node_modules\.pnpm\@babel+parser@7.29.3\node_modules\@babel\parser\lib\index.js:10898:23)
      at TypeScriptParserMixin.parseMaybeAssign (C:\Users\user\Downloads\Problem-Statementzip (1)\node_modules\.pnpm\@babel+parser@7.29.3\node_modules\@babel\parser\lib\index.js:10848:21)
      at TypeScriptParserMixin.parseMaybeAssign (C:\Users\user\Downloads\Problem-Statementzip (1)\node_modules\.pnpm\@babel+parser@7.29.3\node_modules\@babel\parser\lib\index.js:9803:20)
      at TypeScriptParserMixin.parseExpressionBase (C:\Users\user\Downloads\Problem-Statementzip (1)\node_modules\.pnpm\@babel+parser@7.29.3\node_modules\@babel\parser\lib\index.js:10801:23)
      at C:\Users\user\Downloads\Problem-Statementzip (1)\node_modules\.pnpm\@babel+parser@7.29.3\node_modules\@babel\parser\lib\index.js:10797:39
      at TypeScriptParserMixin.allowInAnd (C:\Users\user\Downloads\Problem-Statementzip (1)\node_modules\.pnpm\@babel+parser@7.29.3\node_modules\@babel\parser\lib\index.js:12438:16)
      at TypeScriptParserMixin.parseExpression (C:\Users\user\Downloads\Problem-Statementzip (1)\node_modules\.pnpm\@babel+parser@7.29.3\node_modules\@babel\parser\lib\index.js:10797:17)
      at TypeScriptParserMixin.parseReturnStatement (C:\Users\user\Downloads\Problem-Statementzip (1)\node_modules\.pnpm\@babel+parser@7.29.3\node_modules\@babel\parser\lib\index.js:13159:28)
      at TypeScriptParserMixin.parseStatementContent (C:\Users\user\Downloads\Problem-Statementzip (1)\node_modules\.pnpm\@babel+parser@7.29.3\node_modules\@babel\parser\lib\index.js:12815:21)
      at TypeScriptParserMixin.parseStatementContent (C:\Users\user\Downloads\Problem-Statementzip (1)\node_modules\.pnpm\@babel+parser@7.29.3\node_modules\@babel\parser\lib\index.js:9525:18)
      at TypeScriptParserMixin.parseStatementLike (C:\Users\user\Downloads\Problem-Statementzip (1)\node_modules\.pnpm\@babel+parser@7.29.3\node_modules\@babel\parser\lib\index.js:12784:17)
      at TypeScriptParserMixin.parseStatementListItem (C:\Users\user\Downloads\Problem-Statementzip (1)\node_modules\.pnpm\@babel+parser@7.29.3\node_modules\@babel\parser\lib\index.js:12764:17)
      at TypeScriptParserMixin.parseBlockOrModuleBlockBody (C:\Users\user\Downloads\Problem-Statementzip (1)\node_modules\.pnpm\@babel+parser@7.29.3\node_modules\@babel\parser\lib\index.js:13333:61)
      at TypeScriptParserMixin.parseBlockBody (C:\Users\user\Downloads\Problem-Statementzip (1)\node_modules\.pnpm\@babel+parser@7.29.3\node_modules\@babel\parser\lib\index.js:13326:10)
      at TypeScriptParserMixin.parseBlock (C:\Users\user\Downloads\Problem-Statementzip (1)\node_modules\.pnpm\@babel+parser@7.29.3\node_modules\@babel\parser\lib\index.js:13314:10)
      at TypeScriptParserMixin.parseFunctionBody (C:\Users\user\Downloads\Problem-Statementzip (1)\node_modules\.pnpm\@babel+parser@7.29.3\node_modules\@babel\parser\lib\index.js:12117:24)
      at TypeScriptParserMixin.parseArrowExpression (C:\Users\user\Downloads\Problem-Statementzip (1)\node_modules\.pnpm\@babel+parser@7.29.3\node_modules\@babel\parser\lib\index.js:12092:10)
      at TypeScriptParserMixin.parseParenAndDistinguishExpression (C:\Users\user\Downloads\Problem-Statementzip (1)\node_modules\.pnpm\@babel+parser@7.29.3\node_modules\@babel\parser\lib\index.js:11704:12)
      at TypeScriptParserMixin.parseExprAtom (C:\Users\user\Downloads\Problem-Statementzip (1)\node_modules\.pnpm\@babel+parser@7.29.3\node_modules\@babel\parser\lib\index.js:11348:23)
[33m[vite:css][postcss] @import must precede all other statements (besides @charset or empty @layer)
29 |    src: url(../../../node_modules/.pnpm/@fontsource+geist-sans@5.2.5/node_modules/@fontsource/geist-sans/files/geist-s...
30 |  }
31 |  @import url("https://api.fontshare.com/v2/css?f[]=general-sans@400,500,600,700&display=swap");
   |  ^^^^^^^^^^^^^^^^^^^^^^^^^^^^^^^^^^^^^^^^^^^^^^^^^^^^^^^^^^^^^^^^^^^^^^^^^^^^^^^^^^^^^^^^^^^^^^
32 |  @layer theme, base, components, utilities;
33 |  @layer theme {[39m
[2m3:43:00 AM[22m [31m[1m[vite][22m[39m [31mInternal server error: C:\Users\user\Downloads\Problem-Statementzip (1)\artifacts\sketch-to-component\src\pages\history.tsx: Expected corresponding JSX closing tag for <div>. (211:22)

[0m [90m 209 |[31m                               [33m<[31m[33m/[31m[33mdiv[31m[33m>[31m
 [90m 210 |[31m                         [33m<[31m[33m/[31m[33mdiv[31m[33m>[31m
[31m[1m>[22m[31m[90m 211 |[31m                       [33m<[31m[33m/[31m[33mLink[31m[33m>[31m
 [90m     |[31m                       [31m[1m^[22m[31m
 [90m 212 |[31m                     )[33m;[31m
 [90m 213 |[31m                   })}
 [90m 214 |[31m                 [33m<[31m[33m/[31m[33mdiv[31m[33m>[31m[0m[39m
  Plugin: [35mvite:react-babel[39m
  File: [36mC:/Users/user/Downloads/Problem-Statementzip (1)/artifacts/sketch-to-component/src/pages/history.tsx[39m:211:22
[33m  209 |                                </div>
  210 |                          </div>
  211 |                        </Link>
      |                        ^
  212 |                      );
  213 |                    })}[39m
      at constructor (C:\Users\user\Downloads\Problem-Statementzip (1)\node_modules\.pnpm\@babel+parser@7.29.3\node_modules\@babel\parser\lib\index.js:365:19)
      at TypeScriptParserMixin.raise (C:\Users\user\Downloads\Problem-Statementzip (1)\node_modules\.pnpm\@babel+parser@7.29.3\node_modules\@babel\parser\lib\index.js:6616:19)
      at TypeScriptParserMixin.jsxParseElementAt (C:\Users\user\Downloads\Problem-Statementzip (1)\node_modules\.pnpm\@babel+parser@7.29.3\node_modules\@babel\parser\lib\index.js:4739:16)
      at TypeScriptParserMixin.jsxParseElementAt (C:\Users\user\Downloads\Problem-Statementzip (1)\node_modules\.pnpm\@babel+parser@7.29.3\node_modules\@babel\parser\lib\index.js:4710:32)
      at TypeScriptParserMixin.jsxParseElementAt (C:\Users\user\Downloads\Problem-Statementzip (1)\node_modules\.pnpm\@babel+parser@7.29.3\node_modules\@babel\parser\lib\index.js:4710:32)
      at TypeScriptParserMixin.jsxParseElement (C:\Users\user\Downloads\Problem-Statementzip (1)\node_modules\.pnpm\@babel+parser@7.29.3\node_modules\@babel\parser\lib\index.js:4761:17)
      at TypeScriptParserMixin.parseExprAtom (C:\Users\user\Downloads\Problem-Statementzip (1)\node_modules\.pnpm\@babel+parser@7.29.3\node_modules\@babel\parser\lib\index.js:4771:19)
      at TypeScriptParserMixin.parseExprSubscripts (C:\Users\user\Downloads\Problem-Statementzip (1)\node_modules\.pnpm\@babel+parser@7.29.3\node_modules\@babel\parser\lib\index.js:11098:23)
      at TypeScriptParserMixin.parseUpdate (C:\Users\user\Downloads\Problem-Statementzip (1)\node_modules\.pnpm\@babel+parser@7.29.3\node_modules\@babel\parser\lib\index.js:11083:21)
      at TypeScriptParserMixin.parseMaybeUnary (C:\Users\user\Downloads\Problem-Statementzip (1)\node_modules\.pnpm\@babel+parser@7.29.3\node_modules\@babel\parser\lib\index.js:11063:23)
      at TypeScriptParserMixin.parseMaybeUnary (C:\Users\user\Downloads\Problem-Statementzip (1)\node_modules\.pnpm\@babel+parser@7.29.3\node_modules\@babel\parser\lib\index.js:9854:18)
      at TypeScriptParserMixin.parseMaybeUnaryOrPrivate (C:\Users\user\Downloads\Problem-Statementzip (1)\node_modules\.pnpm\@babel+parser@7.29.3\node_modules\@babel\parser\lib\index.js:10916:61)
      at TypeScriptParserMixin.parseExprOps (C:\Users\user\Downloads\Problem-Statementzip (1)\node_modules\.pnpm\@babel+parser@7.29.3\node_modules\@babel\parser\lib\index.js:10921:23)
      at TypeScriptParserMixin.parseMaybeConditional (C:\Users\user\Downloads\Problem-Statementzip (1)\node_modules\.pnpm\@babel+parser@7.29.3\node_modules\@babel\parser\lib\index.js:10898:23)
      at TypeScriptParserMixin.parseMaybeAssign (C:\Users\user\Downloads\Problem-Statementzip (1)\node_modules\.pnpm\@babel+parser@7.29.3\node_modules\@babel\parser\lib\index.js:10848:21)
      at C:\Users\user\Downloads\Problem-Statementzip (1)\node_modules\.pnpm\@babel+parser@7.29.3\node_modules\@babel\parser\lib\index.js:9792:39
      at TypeScriptParserMixin.tryParse (C:\Users\user\Downloads\Problem-Statementzip (1)\node_modules\.pnpm\@babel+parser@7.29.3\node_modules\@babel\parser\lib\index.js:6924:20)
      at TypeScriptParserMixin.parseMaybeAssign (C:\Users\user\Downloads\Problem-Statementzip (1)\node_modules\.pnpm\@babel+parser@7.29.3\node_modules\@babel\parser\lib\index.js:9792:18)
      at C:\Users\user\Downloads\Problem-Statementzip (1)\node_modules\.pnpm\@babel+parser@7.29.3\node_modules\@babel\parser\lib\index.js:10817:39
      at TypeScriptParserMixin.allowInAnd (C:\Users\user\Downloads\Problem-Statementzip (1)\node_modules\.pnpm\@babel+parser@7.29.3\node_modules\@babel\parser\lib\index.js:12443:12)
      at TypeScriptParserMixin.parseMaybeAssignAllowIn (C:\Users\user\Downloads\Problem-Statementzip (1)\node_modules\.pnpm\@babel+parser@7.29.3\node_modules\@babel\parser\lib\index.js:10817:17)
      at TypeScriptParserMixin.parseMaybeAssignAllowInOrVoidPattern (C:\Users\user\Downloads\Problem-Statementzip (1)\node_modules\.pnpm\@babel+parser@7.29.3\node_modules\@babel\parser\lib\index.js:12510:17)
      at TypeScriptParserMixin.parseParenAndDistinguishExpression (C:\Users\user\Downloads\Problem-Statementzip (1)\node_modules\.pnpm\@babel+parser@7.29.3\node_modules\@babel\parser\lib\index.js:11692:28)
      at TypeScriptParserMixin.parseExprAtom (C:\Users\user\Downloads\Problem-Statementzip (1)\node_modules\.pnpm\@babel+parser@7.29.3\node_modules\@babel\parser\lib\index.js:11348:23)
      at TypeScriptParserMixin.parseExprAtom (C:\Users\user\Downloads\Problem-Statementzip (1)\node_modules\.pnpm\@babel+parser@7.29.3\node_modules\@babel\parser\lib\index.js:4776:20)
      at TypeScriptParserMixin.parseExprSubscripts (C:\Users\user\Downloads\Problem-Statementzip (1)\node_modules\.pnpm\@babel+parser@7.29.3\node_modules\@babel\parser\lib\index.js:11098:23)
      at TypeScriptParserMixin.parseUpdate (C:\Users\user\Downloads\Problem-Statementzip (1)\node_modules\.pnpm\@babel+parser@7.29.3\node_modules\@babel\parser\lib\index.js:11083:21)
      at TypeScriptParserMixin.parseMaybeUnary (C:\Users\user\Downloads\Problem-Statementzip (1)\node_modules\.pnpm\@babel+parser@7.29.3\node_modules\@babel\parser\lib\index.js:11063:23)
      at TypeScriptParserMixin.parseMaybeUnary (C:\Users\user\Downloads\Problem-Statementzip (1)\node_modules\.pnpm\@babel+parser@7.29.3\node_modules\@babel\parser\lib\index.js:9854:18)
      at TypeScriptParserMixin.parseMaybeUnaryOrPrivate (C:\Users\user\Downloads\Problem-Statementzip (1)\node_modules\.pnpm\@babel+parser@7.29.3\node_modules\@babel\parser\lib\index.js:10916:61)
      at TypeScriptParserMixin.parseExprOps (C:\Users\user\Downloads\Problem-Statementzip (1)\node_modules\.pnpm\@babel+parser@7.29.3\node_modules\@babel\parser\lib\index.js:10921:23)
      at TypeScriptParserMixin.parseMaybeConditional (C:\Users\user\Downloads\Problem-Statementzip (1)\node_modules\.pnpm\@babel+parser@7.29.3\node_modules\@babel\parser\lib\index.js:10898:23)
      at TypeScriptParserMixin.parseMaybeAssign (C:\Users\user\Downloads\Problem-Statementzip (1)\node_modules\.pnpm\@babel+parser@7.29.3\node_modules\@babel\parser\lib\index.js:10848:21)
      at TypeScriptParserMixin.parseMaybeAssign (C:\Users\user\Downloads\Problem-Statementzip (1)\node_modules\.pnpm\@babel+parser@7.29.3\node_modules\@babel\parser\lib\index.js:9803:20)
      at TypeScriptParserMixin.parseExpressionBase (C:\Users\user\Downloads\Problem-Statementzip (1)\node_modules\.pnpm\@babel+parser@7.29.3\node_modules\@babel\parser\lib\index.js:10801:23)
      at C:\Users\user\Downloads\Problem-Statementzip (1)\node_modules\.pnpm\@babel+parser@7.29.3\node_modules\@babel\parser\lib\index.js:10797:39
      at TypeScriptParserMixin.allowInAnd (C:\Users\user\Downloads\Problem-Statementzip (1)\node_modules\.pnpm\@babel+parser@7.29.3\node_modules\@babel\parser\lib\index.js:12438:16)
      at TypeScriptParserMixin.parseExpression (C:\Users\user\Downloads\Problem-Statementzip (1)\node_modules\.pnpm\@babel+parser@7.29.3\node_modules\@babel\parser\lib\index.js:10797:17)
      at TypeScriptParserMixin.parseReturnStatement (C:\Users\user\Downloads\Problem-Statementzip (1)\node_modules\.pnpm\@babel+parser@7.29.3\node_modules\@babel\parser\lib\index.js:13159:28)
      at TypeScriptParserMixin.parseStatementContent (C:\Users\user\Downloads\Problem-Statementzip (1)\node_modules\.pnpm\@babel+parser@7.29.3\node_modules\@babel\parser\lib\index.js:12815:21)
      at TypeScriptParserMixin.parseStatementContent (C:\Users\user\Downloads\Problem-Statementzip (1)\node_modules\.pnpm\@babel+parser@7.29.3\node_modules\@babel\parser\lib\index.js:9525:18)
      at TypeScriptParserMixin.parseStatementLike (C:\Users\user\Downloads\Problem-Statementzip (1)\node_modules\.pnpm\@babel+parser@7.29.3\node_modules\@babel\parser\lib\index.js:12784:17)
      at TypeScriptParserMixin.parseStatementListItem (C:\Users\user\Downloads\Problem-Statementzip (1)\node_modules\.pnpm\@babel+parser@7.29.3\node_modules\@babel\parser\lib\index.js:12764:17)
      at TypeScriptParserMixin.parseBlockOrModuleBlockBody (C:\Users\user\Downloads\Problem-Statementzip (1)\node_modules\.pnpm\@babel+parser@7.29.3\node_modules\@babel\parser\lib\index.js:13333:61)
      at TypeScriptParserMixin.parseBlockBody (C:\Users\user\Downloads\Problem-Statementzip (1)\node_modules\.pnpm\@babel+parser@7.29.3\node_modules\@babel\parser\lib\index.js:13326:10)
      at TypeScriptParserMixin.parseBlock (C:\Users\user\Downloads\Problem-Statementzip (1)\node_modules\.pnpm\@babel+parser@7.29.3\node_modules\@babel\parser\lib\index.js:13314:10)
      at TypeScriptParserMixin.parseFunctionBody (C:\Users\user\Downloads\Problem-Statementzip (1)\node_modules\.pnpm\@babel+parser@7.29.3\node_modules\@babel\parser\lib\index.js:12117:24)
      at TypeScriptParserMixin.parseArrowExpression (C:\Users\user\Downloads\Problem-Statementzip (1)\node_modules\.pnpm\@babel+parser@7.29.3\node_modules\@babel\parser\lib\index.js:12092:10)
      at TypeScriptParserMixin.parseParenAndDistinguishExpression (C:\Users\user\Downloads\Problem-Statementzip (1)\node_modules\.pnpm\@babel+parser@7.29.3\node_modules\@babel\parser\lib\index.js:11704:12)
      at TypeScriptParserMixin.parseExprAtom (C:\Users\user\Downloads\Problem-Statementzip (1)\node_modules\.pnpm\@babel+parser@7.29.3\node_modules\@babel\parser\lib\index.js:11348:23)
[33m[vite:css][postcss] @import must precede all other statements (besides @charset or empty @layer)
29 |    src: url(../../../node_modules/.pnpm/@fontsource+geist-sans@5.2.5/node_modules/@fontsource/geist-sans/files/geist-s...
30 |  }
31 |  @import url("https://api.fontshare.com/v2/css?f[]=general-sans@400,500,600,700&display=swap");
   |  ^^^^^^^^^^^^^^^^^^^^^^^^^^^^^^^^^^^^^^^^^^^^^^^^^^^^^^^^^^^^^^^^^^^^^^^^^^^^^^^^^^^^^^^^^^^^^^
32 |  @layer theme, base, components, utilities;
33 |  @layer theme {[39m
[33m[vite:css][postcss] @import must precede all other statements (besides @charset or empty @layer)
29 |    src: url(../../../node_modules/.pnpm/@fontsource+geist-sans@5.2.5/node_modules/@fontsource/geist-sans/files/geist-s...
30 |  }
31 |  @import url("https://api.fontshare.com/v2/css?f[]=general-sans@400,500,600,700&display=swap");
   |  ^^^^^^^^^^^^^^^^^^^^^^^^^^^^^^^^^^^^^^^^^^^^^^^^^^^^^^^^^^^^^^^^^^^^^^^^^^^^^^^^^^^^^^^^^^^^^^
32 |  @layer theme, base, components, utilities;
33 |  @layer theme {[39m
[33m[vite:css][postcss] @import must precede all other statements (besides @charset or empty @layer)
29 |    src: url(../../../node_modules/.pnpm/@fontsource+geist-sans@5.2.5/node_modules/@fontsource/geist-sans/files/geist-s...
30 |  }
31 |  @import url("https://api.fontshare.com/v2/css?f[]=general-sans@400,500,600,700&display=swap");
   |  ^^^^^^^^^^^^^^^^^^^^^^^^^^^^^^^^^^^^^^^^^^^^^^^^^^^^^^^^^^^^^^^^^^^^^^^^^^^^^^^^^^^^^^^^^^^^^^
32 |  @layer theme, base, components, utilities;
33 |  @layer theme {[39m
[33m[vite:css][postcss] @import must precede all other statements (besides @charset or empty @layer)
29 |    src: url(../../../node_modules/.pnpm/@fontsource+geist-sans@5.2.5/node_modules/@fontsource/geist-sans/files/geist-s...
30 |  }
31 |  @import url("https://api.fontshare.com/v2/css?f[]=general-sans@400,500,600,700&display=swap");
   |  ^^^^^^^^^^^^^^^^^^^^^^^^^^^^^^^^^^^^^^^^^^^^^^^^^^^^^^^^^^^^^^^^^^^^^^^^^^^^^^^^^^^^^^^^^^^^^^
32 |  @layer theme, base, components, utilities;
33 |  @layer theme {[39m
[33m[vite:css][postcss] @import must precede all other statements (besides @charset or empty @layer)
29 |    src: url(../../../node_modules/.pnpm/@fontsource+geist-sans@5.2.5/node_modules/@fontsource/geist-sans/files/geist-s...
30 |  }
31 |  @import url("https://api.fontshare.com/v2/css?f[]=general-sans@400,500,600,700&display=swap");
   |  ^^^^^^^^^^^^^^^^^^^^^^^^^^^^^^^^^^^^^^^^^^^^^^^^^^^^^^^^^^^^^^^^^^^^^^^^^^^^^^^^^^^^^^^^^^^^^^
32 |  @layer theme, base, components, utilities;
33 |  @layer theme {[39m
[33m[vite:css][postcss] @import must precede all other statements (besides @charset or empty @layer)
29 |    src: url(../../../node_modules/.pnpm/@fontsource+geist-sans@5.2.5/node_modules/@fontsource/geist-sans/files/geist-s...
30 |  }
31 |  @import url("https://api.fontshare.com/v2/css?f[]=general-sans@400,500,600,700&display=swap");
   |  ^^^^^^^^^^^^^^^^^^^^^^^^^^^^^^^^^^^^^^^^^^^^^^^^^^^^^^^^^^^^^^^^^^^^^^^^^^^^^^^^^^^^^^^^^^^^^^
32 |  @layer theme, base, components, utilities;
33 |  @layer theme {[39m
[33m[vite:css][postcss] @import must precede all other statements (besides @charset or empty @layer)
29 |    src: url(../../../node_modules/.pnpm/@fontsource+geist-sans@5.2.5/node_modules/@fontsource/geist-sans/files/geist-s...
30 |  }
31 |  @import url("https://api.fontshare.com/v2/css?f[]=general-sans@400,500,600,700&display=swap");
   |  ^^^^^^^^^^^^^^^^^^^^^^^^^^^^^^^^^^^^^^^^^^^^^^^^^^^^^^^^^^^^^^^^^^^^^^^^^^^^^^^^^^^^^^^^^^^^^^
32 |  @layer theme, base, components, utilities;
33 |  @layer theme {[39m
[33m[vite:css][postcss] @import must precede all other statements (besides @charset or empty @layer)
29 |    src: url(../../../node_modules/.pnpm/@fontsource+geist-sans@5.2.5/node_modules/@fontsource/geist-sans/files/geist-s...
30 |  }
31 |  @import url("https://api.fontshare.com/v2/css?f[]=general-sans@400,500,600,700&display=swap");
   |  ^^^^^^^^^^^^^^^^^^^^^^^^^^^^^^^^^^^^^^^^^^^^^^^^^^^^^^^^^^^^^^^^^^^^^^^^^^^^^^^^^^^^^^^^^^^^^^
32 |  @layer theme, base, components, utilities;
33 |  @layer theme {[39m
[33m[vite:css][postcss] @import must precede all other statements (besides @charset or empty @layer)
29 |    src: url(../../../node_modules/.pnpm/@fontsource+geist-sans@5.2.5/node_modules/@fontsource/geist-sans/files/geist-s...
30 |  }
31 |  @import url("https://api.fontshare.com/v2/css?f[]=general-sans@400,500,600,700&display=swap");
   |  ^^^^^^^^^^^^^^^^^^^^^^^^^^^^^^^^^^^^^^^^^^^^^^^^^^^^^^^^^^^^^^^^^^^^^^^^^^^^^^^^^^^^^^^^^^^^^^
32 |  @layer theme, base, components, utilities;
33 |  @layer theme {[39m
[33m[vite:css][postcss] @import must precede all other statements (besides @charset or empty @layer)
29 |    src: url(../../../node_modules/.pnpm/@fontsource+geist-sans@5.2.5/node_modules/@fontsource/geist-sans/files/geist-s...
30 |  }
31 |  @import url("https://api.fontshare.com/v2/css?f[]=general-sans@400,500,600,700&display=swap");
   |  ^^^^^^^^^^^^^^^^^^^^^^^^^^^^^^^^^^^^^^^^^^^^^^^^^^^^^^^^^^^^^^^^^^^^^^^^^^^^^^^^^^^^^^^^^^^^^^
32 |  @layer theme, base, components, utilities;
33 |  @layer theme {[39m
[33m[vite:css][postcss] @import must precede all other statements (besides @charset or empty @layer)
29 |    src: url(../../../node_modules/.pnpm/@fontsource+geist-sans@5.2.5/node_modules/@fontsource/geist-sans/files/geist-s...
30 |  }
31 |  @import url("https://api.fontshare.com/v2/css?f[]=general-sans@400,500,600,700&display=swap");
   |  ^^^^^^^^^^^^^^^^^^^^^^^^^^^^^^^^^^^^^^^^^^^^^^^^^^^^^^^^^^^^^^^^^^^^^^^^^^^^^^^^^^^^^^^^^^^^^^
32 |  @layer theme, base, components, utilities;
33 |  @layer theme {[39m
[33m[vite:css][postcss] @import must precede all other statements (besides @charset or empty @layer)
29 |    src: url(../../../node_modules/.pnpm/@fontsource+geist-sans@5.2.5/node_modules/@fontsource/geist-sans/files/geist-s...
30 |  }
31 |  @import url("https://api.fontshare.com/v2/css?f[]=general-sans@400,500,600,700&display=swap");
   |  ^^^^^^^^^^^^^^^^^^^^^^^^^^^^^^^^^^^^^^^^^^^^^^^^^^^^^^^^^^^^^^^^^^^^^^^^^^^^^^^^^^^^^^^^^^^^^^
32 |  @layer theme, base, components, utilities;
33 |  @layer theme {[39m
[33m[vite:css][postcss] @import must precede all other statements (besides @charset or empty @layer)
29 |    src: url(../../../node_modules/.pnpm/@fontsource+geist-sans@5.2.5/node_modules/@fontsource/geist-sans/files/geist-s...
30 |  }
31 |  @import url("https://api.fontshare.com/v2/css?f[]=general-sans@400,500,600,700&display=swap");
   |  ^^^^^^^^^^^^^^^^^^^^^^^^^^^^^^^^^^^^^^^^^^^^^^^^^^^^^^^^^^^^^^^^^^^^^^^^^^^^^^^^^^^^^^^^^^^^^^
32 |  @layer theme, base, components, utilities;
33 |  @layer theme {[39m
[33m[vite:css][postcss] @import must precede all other statements (besides @charset or empty @layer)
29 |    src: url(../../../node_modules/.pnpm/@fontsource+geist-sans@5.2.5/node_modules/@fontsource/geist-sans/files/geist-s...
30 |  }
31 |  @import url("https://api.fontshare.com/v2/css?f[]=general-sans@400,500,600,700&display=swap");
   |  ^^^^^^^^^^^^^^^^^^^^^^^^^^^^^^^^^^^^^^^^^^^^^^^^^^^^^^^^^^^^^^^^^^^^^^^^^^^^^^^^^^^^^^^^^^^^^^
32 |  @layer theme, base, components, utilities;
33 |  @layer theme {[39m
[33m[vite:css][postcss] @import must precede all other statements (besides @charset or empty @layer)
29 |    src: url(../../../node_modules/.pnpm/@fontsource+geist-sans@5.2.5/node_modules/@fontsource/geist-sans/files/geist-s...
30 |  }
31 |  @import url("https://api.fontshare.com/v2/css?f[]=general-sans@400,500,600,700&display=swap");
   |  ^^^^^^^^^^^^^^^^^^^^^^^^^^^^^^^^^^^^^^^^^^^^^^^^^^^^^^^^^^^^^^^^^^^^^^^^^^^^^^^^^^^^^^^^^^^^^^
32 |  @layer theme, base, components, utilities;
33 |  @layer theme {[39m
[33m[vite:css][postcss] @import must precede all other statements (besides @charset or empty @layer)
29 |    src: url(../../../node_modules/.pnpm/@fontsource+geist-sans@5.2.5/node_modules/@fontsource/geist-sans/files/geist-s...
30 |  }
31 |  @import url("https://api.fontshare.com/v2/css?f[]=general-sans@400,500,600,700&display=swap");
   |  ^^^^^^^^^^^^^^^^^^^^^^^^^^^^^^^^^^^^^^^^^^^^^^^^^^^^^^^^^^^^^^^^^^^^^^^^^^^^^^^^^^^^^^^^^^^^^^
32 |  @layer theme, base, components, utilities;
33 |  @layer theme {[39m
[33m[vite:css][postcss] @import must precede all other statements (besides @charset or empty @layer)
29 |    src: url(../../../node_modules/.pnpm/@fontsource+geist-sans@5.2.5/node_modules/@fontsource/geist-sans/files/geist-s...
30 |  }
31 |  @import url("https://api.fontshare.com/v2/css?f[]=general-sans@400,500,600,700&display=swap");
   |  ^^^^^^^^^^^^^^^^^^^^^^^^^^^^^^^^^^^^^^^^^^^^^^^^^^^^^^^^^^^^^^^^^^^^^^^^^^^^^^^^^^^^^^^^^^^^^^
32 |  @layer theme, base, components, utilities;
33 |  @layer theme {[39m
[33m[vite:css][postcss] @import must precede all other statements (besides @charset or empty @layer)
29 |    src: url(../../../node_modules/.pnpm/@fontsource+geist-sans@5.2.5/node_modules/@fontsource/geist-sans/files/geist-s...
30 |  }
31 |  @import url("https://api.fontshare.com/v2/css?f[]=general-sans@400,500,600,700&display=swap");
   |  ^^^^^^^^^^^^^^^^^^^^^^^^^^^^^^^^^^^^^^^^^^^^^^^^^^^^^^^^^^^^^^^^^^^^^^^^^^^^^^^^^^^^^^^^^^^^^^
32 |  @layer theme, base, components, utilities;
33 |  @layer theme {[39m
[33m[vite:css][postcss] @import must precede all other statements (besides @charset or empty @layer)
29 |    src: url(../../../node_modules/.pnpm/@fontsource+geist-sans@5.2.5/node_modules/@fontsource/geist-sans/files/geist-s...
30 |  }
31 |  @import url("https://api.fontshare.com/v2/css?f[]=general-sans@400,500,600,700&display=swap");
   |  ^^^^^^^^^^^^^^^^^^^^^^^^^^^^^^^^^^^^^^^^^^^^^^^^^^^^^^^^^^^^^^^^^^^^^^^^^^^^^^^^^^^^^^^^^^^^^^
32 |  @layer theme, base, components, utilities;
33 |  @layer theme {[39m
[2m3:45:12 AM[22m [31m[1m[vite][22m[39m [31mInternal server error: C:\Users\user\Downloads\Problem-Statementzip (1)\artifacts\sketch-to-component\src\components\code-block.tsx: Unexpected digit after hash token. (56:22)

[0m [90m 54 |[31m     {
 [90m 55 |[31m       types[33m:[31m [[32m"function"[31m[33m,[31m [32m"class-name"[31m[33m,[31m [32m"attr-name"[31m[33m,[31m [32m"selector"[31m[33m,[31m [32m"variable"[31m][33m,[31m
[31m[1m>[22m[31m[90m 56 |[31m       style[33m:[31m { color[33m:[31m [33m#[31m[35m7[31mc3aed[32m" },[31m
 [90m    |[31m                       [31m[1m^[22m[31m
 [90m 57 |[31m     }[33m,[31m
 [90m 58 |[31m     {
 [90m 59 |[31m       types[33m:[31m [[32m"punctuation"[31m][33m,[31m[0m[39m
  Plugin: [35mvite:react-babel[39m
  File: [36mC:/Users/user/Downloads/Problem-Statementzip (1)/artifacts/sketch-to-component/src/components/code-block.tsx[39m:56:22
[33m  54 |      {
  55 |        types: ["function", "class-name", "attr-name", "selector", "variable"],
  56 |        style: { color: #7c3aed" },
     |                        ^
  57 |      },
  58 |      {[39m
      at constructor (C:\Users\user\Downloads\Problem-Statementzip (1)\node_modules\.pnpm\@babel+parser@7.29.3\node_modules\@babel\parser\lib\index.js:365:19)
      at TypeScriptParserMixin.raise (C:\Users\user\Downloads\Problem-Statementzip (1)\node_modules\.pnpm\@babel+parser@7.29.3\node_modules\@babel\parser\lib\index.js:6616:19)
      at TypeScriptParserMixin.readToken_numberSign (C:\Users\user\Downloads\Problem-Statementzip (1)\node_modules\.pnpm\@babel+parser@7.29.3\node_modules\@babel\parser\lib\index.js:5959:18)
      at TypeScriptParserMixin.getTokenFromCode (C:\Users\user\Downloads\Problem-Statementzip (1)\node_modules\.pnpm\@babel+parser@7.29.3\node_modules\@babel\parser\lib\index.js:6312:14)
      at TypeScriptParserMixin.getTokenFromCode (C:\Users\user\Downloads\Problem-Statementzip (1)\node_modules\.pnpm\@babel+parser@7.29.3\node_modules\@babel\parser\lib\index.js:4809:11)
      at TypeScriptParserMixin.getTokenFromCode (C:\Users\user\Downloads\Problem-Statementzip (1)\node_modules\.pnpm\@babel+parser@7.29.3\node_modules\@babel\parser\lib\index.js:10004:11)
      at TypeScriptParserMixin.nextToken (C:\Users\user\Downloads\Problem-Statementzip (1)\node_modules\.pnpm\@babel+parser@7.29.3\node_modules\@babel\parser\lib\index.js:5799:10)
      at TypeScriptParserMixin.next (C:\Users\user\Downloads\Problem-Statementzip (1)\node_modules\.pnpm\@babel+parser@7.29.3\node_modules\@babel\parser\lib\index.js:5709:10)
      at TypeScriptParserMixin.eat (C:\Users\user\Downloads\Problem-Statementzip (1)\node_modules\.pnpm\@babel+parser@7.29.3\node_modules\@babel\parser\lib\index.js:5713:12)
      at TypeScriptParserMixin.parseObjectProperty (C:\Users\user\Downloads\Problem-Statementzip (1)\node_modules\.pnpm\@babel+parser@7.29.3\node_modules\@babel\parser\lib\index.js:11966:14)
      at TypeScriptParserMixin.parseObjPropValue (C:\Users\user\Downloads\Problem-Statementzip (1)\node_modules\.pnpm\@babel+parser@7.29.3\node_modules\@babel\parser\lib\index.js:11995:100)
      at TypeScriptParserMixin.parseObjPropValue (C:\Users\user\Downloads\Problem-Statementzip (1)\node_modules\.pnpm\@babel+parser@7.29.3\node_modules\@babel\parser\lib\index.js:9761:18)
      at TypeScriptParserMixin.parsePropertyDefinition (C:\Users\user\Downloads\Problem-Statementzip (1)\node_modules\.pnpm\@babel+parser@7.29.3\node_modules\@babel\parser\lib\index.js:11932:17)
      at TypeScriptParserMixin.parseObjectLike (C:\Users\user\Downloads\Problem-Statementzip (1)\node_modules\.pnpm\@babel+parser@7.29.3\node_modules\@babel\parser\lib\index.js:11849:21)
      at TypeScriptParserMixin.parseExprAtom (C:\Users\user\Downloads\Problem-Statementzip (1)\node_modules\.pnpm\@babel+parser@7.29.3\node_modules\@babel\parser\lib\index.js:11356:23)
      at TypeScriptParserMixin.parseExprAtom (C:\Users\user\Downloads\Problem-Statementzip (1)\node_modules\.pnpm\@babel+parser@7.29.3\node_modules\@babel\parser\lib\index.js:4776:20)
      at TypeScriptParserMixin.parseExprSubscripts (C:\Users\user\Downloads\Problem-Statementzip (1)\node_modules\.pnpm\@babel+parser@7.29.3\node_modules\@babel\parser\lib\index.js:11098:23)
      at TypeScriptParserMixin.parseUpdate (C:\Users\user\Downloads\Problem-Statementzip (1)\node_modules\.pnpm\@babel+parser@7.29.3\node_modules\@babel\parser\lib\index.js:11083:21)
      at TypeScriptParserMixin.parseMaybeUnary (C:\Users\user\Downloads\Problem-Statementzip (1)\node_modules\.pnpm\@babel+parser@7.29.3\node_modules\@babel\parser\lib\index.js:11063:23)
      at TypeScriptParserMixin.parseMaybeUnary (C:\Users\user\Downloads\Problem-Statementzip (1)\node_modules\.pnpm\@babel+parser@7.29.3\node_modules\@babel\parser\lib\index.js:9854:18)
      at TypeScriptParserMixin.parseMaybeUnaryOrPrivate (C:\Users\user\Downloads\Problem-Statementzip (1)\node_modules\.pnpm\@babel+parser@7.29.3\node_modules\@babel\parser\lib\index.js:10916:61)
      at TypeScriptParserMixin.parseExprOps (C:\Users\user\Downloads\Problem-Statementzip (1)\node_modules\.pnpm\@babel+parser@7.29.3\node_modules\@babel\parser\lib\index.js:10921:23)
      at TypeScriptParserMixin.parseMaybeConditional (C:\Users\user\Downloads\Problem-Statementzip (1)\node_modules\.pnpm\@babel+parser@7.29.3\node_modules\@babel\parser\lib\index.js:10898:23)
      at TypeScriptParserMixin.parseMaybeAssign (C:\Users\user\Downloads\Problem-Statementzip (1)\node_modules\.pnpm\@babel+parser@7.29.3\node_modules\@babel\parser\lib\index.js:10848:21)
      at TypeScriptParserMixin.parseMaybeAssign (C:\Users\user\Downloads\Problem-Statementzip (1)\node_modules\.pnpm\@babel+parser@7.29.3\node_modules\@babel\parser\lib\index.js:9803:20)
      at C:\Users\user\Downloads\Problem-Statementzip (1)\node_modules\.pnpm\@babel+parser@7.29.3\node_modules\@babel\parser\lib\index.js:10817:39
      at TypeScriptParserMixin.allowInAnd (C:\Users\user\Downloads\Problem-Statementzip (1)\node_modules\.pnpm\@babel+parser@7.29.3\node_modules\@babel\parser\lib\index.js:12443:12)
      at TypeScriptParserMixin.parseMaybeAssignAllowIn (C:\Users\user\Downloads\Problem-Statementzip (1)\node_modules\.pnpm\@babel+parser@7.29.3\node_modules\@babel\parser\lib\index.js:10817:17)
      at TypeScriptParserMixin.parseMaybeAssignAllowInOrVoidPattern (C:\Users\user\Downloads\Problem-Statementzip (1)\node_modules\.pnpm\@babel+parser@7.29.3\node_modules\@babel\parser\lib\index.js:12510:17)
      at TypeScriptParserMixin.parseObjectProperty (C:\Users\user\Downloads\Problem-Statementzip (1)\node_modules\.pnpm\@babel+parser@7.29.3\node_modules\@babel\parser\lib\index.js:11967:83)
      at TypeScriptParserMixin.parseObjPropValue (C:\Users\user\Downloads\Problem-Statementzip (1)\node_modules\.pnpm\@babel+parser@7.29.3\node_modules\@babel\parser\lib\index.js:11995:100)
      at TypeScriptParserMixin.parseObjPropValue (C:\Users\user\Downloads\Problem-Statementzip (1)\node_modules\.pnpm\@babel+parser@7.29.3\node_modules\@babel\parser\lib\index.js:9761:18)
      at TypeScriptParserMixin.parsePropertyDefinition (C:\Users\user\Downloads\Problem-Statementzip (1)\node_modules\.pnpm\@babel+parser@7.29.3\node_modules\@babel\parser\lib\index.js:11932:17)
      at TypeScriptParserMixin.parseObjectLike (C:\Users\user\Downloads\Problem-Statementzip (1)\node_modules\.pnpm\@babel+parser@7.29.3\node_modules\@babel\parser\lib\index.js:11849:21)
      at TypeScriptParserMixin.parseExprAtom (C:\Users\user\Downloads\Problem-Statementzip (1)\node_modules\.pnpm\@babel+parser@7.29.3\node_modules\@babel\parser\lib\index.js:11356:23)
      at TypeScriptParserMixin.parseExprAtom (C:\Users\user\Downloads\Problem-Statementzip (1)\node_modules\.pnpm\@babel+parser@7.29.3\node_modules\@babel\parser\lib\index.js:4776:20)
      at TypeScriptParserMixin.parseExprSubscripts (C:\Users\user\Downloads\Problem-Statementzip (1)\node_modules\.pnpm\@babel+parser@7.29.3\node_modules\@babel\parser\lib\index.js:11098:23)
      at TypeScriptParserMixin.parseUpdate (C:\Users\user\Downloads\Problem-Statementzip (1)\node_modules\.pnpm\@babel+parser@7.29.3\node_modules\@babel\parser\lib\index.js:11083:21)
      at TypeScriptParserMixin.parseMaybeUnary (C:\Users\user\Downloads\Problem-Statementzip (1)\node_modules\.pnpm\@babel+parser@7.29.3\node_modules\@babel\parser\lib\index.js:11063:23)
      at TypeScriptParserMixin.parseMaybeUnary (C:\Users\user\Downloads\Problem-Statementzip (1)\node_modules\.pnpm\@babel+parser@7.29.3\node_modules\@babel\parser\lib\index.js:9854:18)
      at TypeScriptParserMixin.parseMaybeUnaryOrPrivate (C:\Users\user\Downloads\Problem-Statementzip (1)\node_modules\.pnpm\@babel+parser@7.29.3\node_modules\@babel\parser\lib\index.js:10916:61)
      at TypeScriptParserMixin.parseExprOps (C:\Users\user\Downloads\Problem-Statementzip (1)\node_modules\.pnpm\@babel+parser@7.29.3\node_modules\@babel\parser\lib\index.js:10921:23)
      at TypeScriptParserMixin.parseMaybeConditional (C:\Users\user\Downloads\Problem-Statementzip (1)\node_modules\.pnpm\@babel+parser@7.29.3\node_modules\@babel\parser\lib\index.js:10898:23)
      at TypeScriptParserMixin.parseMaybeAssign (C:\Users\user\Downloads\Problem-Statementzip (1)\node_modules\.pnpm\@babel+parser@7.29.3\node_modules\@babel\parser\lib\index.js:10848:21)
      at TypeScriptParserMixin.parseMaybeAssign (C:\Users\user\Downloads\Problem-Statementzip (1)\node_modules\.pnpm\@babel+parser@7.29.3\node_modules\@babel\parser\lib\index.js:9803:20)
      at C:\Users\user\Downloads\Problem-Statementzip (1)\node_modules\.pnpm\@babel+parser@7.29.3\node_modules\@babel\parser\lib\index.js:10817:39
      at TypeScriptParserMixin.allowInAnd (C:\Users\user\Downloads\Problem-Statementzip (1)\node_modules\.pnpm\@babel+parser@7.29.3\node_modules\@babel\parser\lib\index.js:12443:12)
      at TypeScriptParserMixin.parseMaybeAssignAllowIn (C:\Users\user\Downloads\Problem-Statementzip (1)\node_modules\.pnpm\@babel+parser@7.29.3\node_modules\@babel\parser\lib\index.js:10817:17)
      at TypeScriptParserMixin.parseMaybeAssignAllowInOrVoidPattern (C:\Users\user\Downloads\Problem-Statementzip (1)\node_modules\.pnpm\@babel+parser@7.29.3\node_modules\@babel\parser\lib\index.js:12510:17)
      at TypeScriptParserMixin.parseExprListItem (C:\Users\user\Downloads\Problem-Statementzip (1)\node_modules\.pnpm\@babel+parser@7.29.3\node_modules\@babel\parser\lib\index.js:12192:18)
[2m3:45:12 AM[22m [31m[1m[vite][22m[39m [31mInternal server error: C:\Users\user\Downloads\Problem-Statementzip (1)\artifacts\sketch-to-component\src\components\code-block.tsx: Unexpected digit after hash token. (56:22)

[0m [90m 54 |[31m     {
 [90m 55 |[31m       types[33m:[31m [[32m"function"[31m[33m,[31m [32m"class-name"[31m[33m,[31m [32m"attr-name"[31m[33m,[31m [32m"selector"[31m[33m,[31m [32m"variable"[31m][33m,[31m
[31m[1m>[22m[31m[90m 56 |[31m       style[33m:[31m { color[33m:[31m [33m#[31m[35m7[31mc3aed[32m" },[31m
 [90m    |[31m                       [31m[1m^[22m[31m
 [90m 57 |[31m     }[33m,[31m
 [90m 58 |[31m     {
 [90m 59 |[31m       types[33m:[31m [[32m"punctuation"[31m][33m,[31m[0m[39m
  Plugin: [35mvite:react-babel[39m
  File: [36mC:/Users/user/Downloads/Problem-Statementzip (1)/artifacts/sketch-to-component/src/components/code-block.tsx[39m:56:22
[33m  54 |      {
  55 |        types: ["function", "class-name", "attr-name", "selector", "variable"],
  56 |        style: { color: #7c3aed" },
     |                        ^
  57 |      },
  58 |      {[39m
      at constructor (C:\Users\user\Downloads\Problem-Statementzip (1)\node_modules\.pnpm\@babel+parser@7.29.3\node_modules\@babel\parser\lib\index.js:365:19)
      at TypeScriptParserMixin.raise (C:\Users\user\Downloads\Problem-Statementzip (1)\node_modules\.pnpm\@babel+parser@7.29.3\node_modules\@babel\parser\lib\index.js:6616:19)
      at TypeScriptParserMixin.readToken_numberSign (C:\Users\user\Downloads\Problem-Statementzip (1)\node_modules\.pnpm\@babel+parser@7.29.3\node_modules\@babel\parser\lib\index.js:5959:18)
      at TypeScriptParserMixin.getTokenFromCode (C:\Users\user\Downloads\Problem-Statementzip (1)\node_modules\.pnpm\@babel+parser@7.29.3\node_modules\@babel\parser\lib\index.js:6312:14)
      at TypeScriptParserMixin.getTokenFromCode (C:\Users\user\Downloads\Problem-Statementzip (1)\node_modules\.pnpm\@babel+parser@7.29.3\node_modules\@babel\parser\lib\index.js:4809:11)
      at TypeScriptParserMixin.getTokenFromCode (C:\Users\user\Downloads\Problem-Statementzip (1)\node_modules\.pnpm\@babel+parser@7.29.3\node_modules\@babel\parser\lib\index.js:10004:11)
      at TypeScriptParserMixin.nextToken (C:\Users\user\Downloads\Problem-Statementzip (1)\node_modules\.pnpm\@babel+parser@7.29.3\node_modules\@babel\parser\lib\index.js:5799:10)
      at TypeScriptParserMixin.next (C:\Users\user\Downloads\Problem-Statementzip (1)\node_modules\.pnpm\@babel+parser@7.29.3\node_modules\@babel\parser\lib\index.js:5709:10)
      at TypeScriptParserMixin.eat (C:\Users\user\Downloads\Problem-Statementzip (1)\node_modules\.pnpm\@babel+parser@7.29.3\node_modules\@babel\parser\lib\index.js:5713:12)
      at TypeScriptParserMixin.parseObjectProperty (C:\Users\user\Downloads\Problem-Statementzip (1)\node_modules\.pnpm\@babel+parser@7.29.3\node_modules\@babel\parser\lib\index.js:11966:14)
      at TypeScriptParserMixin.parseObjPropValue (C:\Users\user\Downloads\Problem-Statementzip (1)\node_modules\.pnpm\@babel+parser@7.29.3\node_modules\@babel\parser\lib\index.js:11995:100)
      at TypeScriptParserMixin.parseObjPropValue (C:\Users\user\Downloads\Problem-Statementzip (1)\node_modules\.pnpm\@babel+parser@7.29.3\node_modules\@babel\parser\lib\index.js:9761:18)
      at TypeScriptParserMixin.parsePropertyDefinition (C:\Users\user\Downloads\Problem-Statementzip (1)\node_modules\.pnpm\@babel+parser@7.29.3\node_modules\@babel\parser\lib\index.js:11932:17)
      at TypeScriptParserMixin.parseObjectLike (C:\Users\user\Downloads\Problem-Statementzip (1)\node_modules\.pnpm\@babel+parser@7.29.3\node_modules\@babel\parser\lib\index.js:11849:21)
      at TypeScriptParserMixin.parseExprAtom (C:\Users\user\Downloads\Problem-Statementzip (1)\node_modules\.pnpm\@babel+parser@7.29.3\node_modules\@babel\parser\lib\index.js:11356:23)
      at TypeScriptParserMixin.parseExprAtom (C:\Users\user\Downloads\Problem-Statementzip (1)\node_modules\.pnpm\@babel+parser@7.29.3\node_modules\@babel\parser\lib\index.js:4776:20)
      at TypeScriptParserMixin.parseExprSubscripts (C:\Users\user\Downloads\Problem-Statementzip (1)\node_modules\.pnpm\@babel+parser@7.29.3\node_modules\@babel\parser\lib\index.js:11098:23)
      at TypeScriptParserMixin.parseUpdate (C:\Users\user\Downloads\Problem-Statementzip (1)\node_modules\.pnpm\@babel+parser@7.29.3\node_modules\@babel\parser\lib\index.js:11083:21)
      at TypeScriptParserMixin.parseMaybeUnary (C:\Users\user\Downloads\Problem-Statementzip (1)\node_modules\.pnpm\@babel+parser@7.29.3\node_modules\@babel\parser\lib\index.js:11063:23)
      at TypeScriptParserMixin.parseMaybeUnary (C:\Users\user\Downloads\Problem-Statementzip (1)\node_modules\.pnpm\@babel+parser@7.29.3\node_modules\@babel\parser\lib\index.js:9854:18)
      at TypeScriptParserMixin.parseMaybeUnaryOrPrivate (C:\Users\user\Downloads\Problem-Statementzip (1)\node_modules\.pnpm\@babel+parser@7.29.3\node_modules\@babel\parser\lib\index.js:10916:61)
      at TypeScriptParserMixin.parseExprOps (C:\Users\user\Downloads\Problem-Statementzip (1)\node_modules\.pnpm\@babel+parser@7.29.3\node_modules\@babel\parser\lib\index.js:10921:23)
      at TypeScriptParserMixin.parseMaybeConditional (C:\Users\user\Downloads\Problem-Statementzip (1)\node_modules\.pnpm\@babel+parser@7.29.3\node_modules\@babel\parser\lib\index.js:10898:23)
      at TypeScriptParserMixin.parseMaybeAssign (C:\Users\user\Downloads\Problem-Statementzip (1)\node_modules\.pnpm\@babel+parser@7.29.3\node_modules\@babel\parser\lib\index.js:10848:21)
      at TypeScriptParserMixin.parseMaybeAssign (C:\Users\user\Downloads\Problem-Statementzip (1)\node_modules\.pnpm\@babel+parser@7.29.3\node_modules\@babel\parser\lib\index.js:9803:20)
      at C:\Users\user\Downloads\Problem-Statementzip (1)\node_modules\.pnpm\@babel+parser@7.29.3\node_modules\@babel\parser\lib\index.js:10817:39
      at TypeScriptParserMixin.allowInAnd (C:\Users\user\Downloads\Problem-Statementzip (1)\node_modules\.pnpm\@babel+parser@7.29.3\node_modules\@babel\parser\lib\index.js:12443:12)
      at TypeScriptParserMixin.parseMaybeAssignAllowIn (C:\Users\user\Downloads\Problem-Statementzip (1)\node_modules\.pnpm\@babel+parser@7.29.3\node_modules\@babel\parser\lib\index.js:10817:17)
      at TypeScriptParserMixin.parseMaybeAssignAllowInOrVoidPattern (C:\Users\user\Downloads\Problem-Statementzip (1)\node_modules\.pnpm\@babel+parser@7.29.3\node_modules\@babel\parser\lib\index.js:12510:17)
      at TypeScriptParserMixin.parseObjectProperty (C:\Users\user\Downloads\Problem-Statementzip (1)\node_modules\.pnpm\@babel+parser@7.29.3\node_modules\@babel\parser\lib\index.js:11967:83)
      at TypeScriptParserMixin.parseObjPropValue (C:\Users\user\Downloads\Problem-Statementzip (1)\node_modules\.pnpm\@babel+parser@7.29.3\node_modules\@babel\parser\lib\index.js:11995:100)
      at TypeScriptParserMixin.parseObjPropValue (C:\Users\user\Downloads\Problem-Statementzip (1)\node_modules\.pnpm\@babel+parser@7.29.3\node_modules\@babel\parser\lib\index.js:9761:18)
      at TypeScriptParserMixin.parsePropertyDefinition (C:\Users\user\Downloads\Problem-Statementzip (1)\node_modules\.pnpm\@babel+parser@7.29.3\node_modules\@babel\parser\lib\index.js:11932:17)
      at TypeScriptParserMixin.parseObjectLike (C:\Users\user\Downloads\Problem-Statementzip (1)\node_modules\.pnpm\@babel+parser@7.29.3\node_modules\@babel\parser\lib\index.js:11849:21)
      at TypeScriptParserMixin.parseExprAtom (C:\Users\user\Downloads\Problem-Statementzip (1)\node_modules\.pnpm\@babel+parser@7.29.3\node_modules\@babel\parser\lib\index.js:11356:23)
      at TypeScriptParserMixin.parseExprAtom (C:\Users\user\Downloads\Problem-Statementzip (1)\node_modules\.pnpm\@babel+parser@7.29.3\node_modules\@babel\parser\lib\index.js:4776:20)
      at TypeScriptParserMixin.parseExprSubscripts (C:\Users\user\Downloads\Problem-Statementzip (1)\node_modules\.pnpm\@babel+parser@7.29.3\node_modules\@babel\parser\lib\index.js:11098:23)
      at TypeScriptParserMixin.parseUpdate (C:\Users\user\Downloads\Problem-Statementzip (1)\node_modules\.pnpm\@babel+parser@7.29.3\node_modules\@babel\parser\lib\index.js:11083:21)
      at TypeScriptParserMixin.parseMaybeUnary (C:\Users\user\Downloads\Problem-Statementzip (1)\node_modules\.pnpm\@babel+parser@7.29.3\node_modules\@babel\parser\lib\index.js:11063:23)
      at TypeScriptParserMixin.parseMaybeUnary (C:\Users\user\Downloads\Problem-Statementzip (1)\node_modules\.pnpm\@babel+parser@7.29.3\node_modules\@babel\parser\lib\index.js:9854:18)
      at TypeScriptParserMixin.parseMaybeUnaryOrPrivate (C:\Users\user\Downloads\Problem-Statementzip (1)\node_modules\.pnpm\@babel+parser@7.29.3\node_modules\@babel\parser\lib\index.js:10916:61)
      at TypeScriptParserMixin.parseExprOps (C:\Users\user\Downloads\Problem-Statementzip (1)\node_modules\.pnpm\@babel+parser@7.29.3\node_modules\@babel\parser\lib\index.js:10921:23)
      at TypeScriptParserMixin.parseMaybeConditional (C:\Users\user\Downloads\Problem-Statementzip (1)\node_modules\.pnpm\@babel+parser@7.29.3\node_modules\@babel\parser\lib\index.js:10898:23)
      at TypeScriptParserMixin.parseMaybeAssign (C:\Users\user\Downloads\Problem-Statementzip (1)\node_modules\.pnpm\@babel+parser@7.29.3\node_modules\@babel\parser\lib\index.js:10848:21)
      at TypeScriptParserMixin.parseMaybeAssign (C:\Users\user\Downloads\Problem-Statementzip (1)\node_modules\.pnpm\@babel+parser@7.29.3\node_modules\@babel\parser\lib\index.js:9803:20)
      at C:\Users\user\Downloads\Problem-Statementzip (1)\node_modules\.pnpm\@babel+parser@7.29.3\node_modules\@babel\parser\lib\index.js:10817:39
      at TypeScriptParserMixin.allowInAnd (C:\Users\user\Downloads\Problem-Statementzip (1)\node_modules\.pnpm\@babel+parser@7.29.3\node_modules\@babel\parser\lib\index.js:12443:12)
      at TypeScriptParserMixin.parseMaybeAssignAllowIn (C:\Users\user\Downloads\Problem-Statementzip (1)\node_modules\.pnpm\@babel+parser@7.29.3\node_modules\@babel\parser\lib\index.js:10817:17)
      at TypeScriptParserMixin.parseMaybeAssignAllowInOrVoidPattern (C:\Users\user\Downloads\Problem-Statementzip (1)\node_modules\.pnpm\@babel+parser@7.29.3\node_modules\@babel\parser\lib\index.js:12510:17)
      at TypeScriptParserMixin.parseExprListItem (C:\Users\user\Downloads\Problem-Statementzip (1)\node_modules\.pnpm\@babel+parser@7.29.3\node_modules\@babel\parser\lib\index.js:12192:18)
[33m[vite:css][postcss] @import must precede all other statements (besides @charset or empty @layer)
29 |    src: url(../../../node_modules/.pnpm/@fontsource+geist-sans@5.2.5/node_modules/@fontsource/geist-sans/files/geist-s...
30 |  }
31 |  @import url("https://api.fontshare.com/v2/css?f[]=general-sans@400,500,600,700&display=swap");
   |  ^^^^^^^^^^^^^^^^^^^^^^^^^^^^^^^^^^^^^^^^^^^^^^^^^^^^^^^^^^^^^^^^^^^^^^^^^^^^^^^^^^^^^^^^^^^^^^
32 |  @layer theme, base, components, utilities;
33 |  @layer theme {[39m
[2m3:45:22 AM[22m [31m[1m[vite][22m[39m [31mInternal server error: C:\Users\user\Downloads\Problem-Statementzip (1)\artifacts\sketch-to-component\src\components\code-block.tsx: Expected corresponding JSX closing tag for <div>. (84:8)

[0m [90m 82 |[31m           [33m<[31m[33mCode2[31m className[33m=[31m[32m"h-3.5 w-3.5 text-primary"[31m [33m/[31m[33m>[31m
 [90m 83 |[31m           [33m<[31m[33mspan[31m[33m>[31mgenerated[33m-[31mcomponent[33m.[31m{prismLang [33m===[31m [32m"html"[31m [33m?[31m [32m"html"[31m [33m:[31m [32m"tsx"[31m}[33m<[31m[33m/[31m[33mspan[31m[33m>[31m
[31m[1m>[22m[31m[90m 84 |[31m         [33m<[31m[33m/[31m[33mmotion[31m[33m.[31mdiv[33m>[31m
 [90m    |[31m         [31m[1m^[22m[31m
 [90m 85 |[31m         [33m<[31m[33mButton[31m
 [90m 86 |[31m           variant[33m=[31m[32m"ghost"[31m
 [90m 87 |[31m           size[33m=[31m[32m"sm"[31m[0m[39m
  Plugin: [35mvite:react-babel[39m
  File: [36mC:/Users/user/Downloads/Problem-Statementzip (1)/artifacts/sketch-to-component/src/components/code-block.tsx[39m:84:8
[33m  82 |            <Code2 className="h-3.5 w-3.5 text-primary" />
  83 |            <span>generated-component.{prismLang === "html" ? "html" : "tsx"}</span>
  84 |          </motion.div>
     |          ^
  85 |          <Button
  86 |            variant="ghost"[39m
      at constructor (C:\Users\user\Downloads\Problem-Statementzip (1)\node_modules\.pnpm\@babel+parser@7.29.3\node_modules\@babel\parser\lib\index.js:365:19)
      at TypeScriptParserMixin.raise (C:\Users\user\Downloads\Problem-Statementzip (1)\node_modules\.pnpm\@babel+parser@7.29.3\node_modules\@babel\parser\lib\index.js:6616:19)
      at TypeScriptParserMixin.jsxParseElementAt (C:\Users\user\Downloads\Problem-Statementzip (1)\node_modules\.pnpm\@babel+parser@7.29.3\node_modules\@babel\parser\lib\index.js:4739:16)
      at TypeScriptParserMixin.jsxParseElementAt (C:\Users\user\Downloads\Problem-Statementzip (1)\node_modules\.pnpm\@babel+parser@7.29.3\node_modules\@babel\parser\lib\index.js:4710:32)
      at TypeScriptParserMixin.jsxParseElementAt (C:\Users\user\Downloads\Problem-Statementzip (1)\node_modules\.pnpm\@babel+parser@7.29.3\node_modules\@babel\parser\lib\index.js:4710:32)
      at TypeScriptParserMixin.jsxParseElement (C:\Users\user\Downloads\Problem-Statementzip (1)\node_modules\.pnpm\@babel+parser@7.29.3\node_modules\@babel\parser\lib\index.js:4761:17)
      at TypeScriptParserMixin.parseExprAtom (C:\Users\user\Downloads\Problem-Statementzip (1)\node_modules\.pnpm\@babel+parser@7.29.3\node_modules\@babel\parser\lib\index.js:4771:19)
      at TypeScriptParserMixin.parseExprSubscripts (C:\Users\user\Downloads\Problem-Statementzip (1)\node_modules\.pnpm\@babel+parser@7.29.3\node_modules\@babel\parser\lib\index.js:11098:23)
      at TypeScriptParserMixin.parseUpdate (C:\Users\user\Downloads\Problem-Statementzip (1)\node_modules\.pnpm\@babel+parser@7.29.3\node_modules\@babel\parser\lib\index.js:11083:21)
      at TypeScriptParserMixin.parseMaybeUnary (C:\Users\user\Downloads\Problem-Statementzip (1)\node_modules\.pnpm\@babel+parser@7.29.3\node_modules\@babel\parser\lib\index.js:11063:23)
      at TypeScriptParserMixin.parseMaybeUnary (C:\Users\user\Downloads\Problem-Statementzip (1)\node_modules\.pnpm\@babel+parser@7.29.3\node_modules\@babel\parser\lib\index.js:9854:18)
      at TypeScriptParserMixin.parseMaybeUnaryOrPrivate (C:\Users\user\Downloads\Problem-Statementzip (1)\node_modules\.pnpm\@babel+parser@7.29.3\node_modules\@babel\parser\lib\index.js:10916:61)
      at TypeScriptParserMixin.parseExprOps (C:\Users\user\Downloads\Problem-Statementzip (1)\node_modules\.pnpm\@babel+parser@7.29.3\node_modules\@babel\parser\lib\index.js:10921:23)
      at TypeScriptParserMixin.parseMaybeConditional (C:\Users\user\Downloads\Problem-Statementzip (1)\node_modules\.pnpm\@babel+parser@7.29.3\node_modules\@babel\parser\lib\index.js:10898:23)
      at TypeScriptParserMixin.parseMaybeAssign (C:\Users\user\Downloads\Problem-Statementzip (1)\node_modules\.pnpm\@babel+parser@7.29.3\node_modules\@babel\parser\lib\index.js:10848:21)
      at C:\Users\user\Downloads\Problem-Statementzip (1)\node_modules\.pnpm\@babel+parser@7.29.3\node_modules\@babel\parser\lib\index.js:9792:39
      at TypeScriptParserMixin.tryParse (C:\Users\user\Downloads\Problem-Statementzip (1)\node_modules\.pnpm\@babel+parser@7.29.3\node_modules\@babel\parser\lib\index.js:6924:20)
      at TypeScriptParserMixin.parseMaybeAssign (C:\Users\user\Downloads\Problem-Statementzip (1)\node_modules\.pnpm\@babel+parser@7.29.3\node_modules\@babel\parser\lib\index.js:9792:18)
      at C:\Users\user\Downloads\Problem-Statementzip (1)\node_modules\.pnpm\@babel+parser@7.29.3\node_modules\@babel\parser\lib\index.js:10817:39
      at TypeScriptParserMixin.allowInAnd (C:\Users\user\Downloads\Problem-Statementzip (1)\node_modules\.pnpm\@babel+parser@7.29.3\node_modules\@babel\parser\lib\index.js:12443:12)
      at TypeScriptParserMixin.parseMaybeAssignAllowIn (C:\Users\user\Downloads\Problem-Statementzip (1)\node_modules\.pnpm\@babel+parser@7.29.3\node_modules\@babel\parser\lib\index.js:10817:17)
      at TypeScriptParserMixin.parseMaybeAssignAllowInOrVoidPattern (C:\Users\user\Downloads\Problem-Statementzip (1)\node_modules\.pnpm\@babel+parser@7.29.3\node_modules\@babel\parser\lib\index.js:12510:17)
      at TypeScriptParserMixin.parseParenAndDistinguishExpression (C:\Users\user\Downloads\Problem-Statementzip (1)\node_modules\.pnpm\@babel+parser@7.29.3\node_modules\@babel\parser\lib\index.js:11692:28)
      at TypeScriptParserMixin.parseExprAtom (C:\Users\user\Downloads\Problem-Statementzip (1)\node_modules\.pnpm\@babel+parser@7.29.3\node_modules\@babel\parser\lib\index.js:11348:23)
      at TypeScriptParserMixin.parseExprAtom (C:\Users\user\Downloads\Problem-Statementzip (1)\node_modules\.pnpm\@babel+parser@7.29.3\node_modules\@babel\parser\lib\index.js:4776:20)
      at TypeScriptParserMixin.parseExprSubscripts (C:\Users\user\Downloads\Problem-Statementzip (1)\node_modules\.pnpm\@babel+parser@7.29.3\node_modules\@babel\parser\lib\index.js:11098:23)
      at TypeScriptParserMixin.parseUpdate (C:\Users\user\Downloads\Problem-Statementzip (1)\node_modules\.pnpm\@babel+parser@7.29.3\node_modules\@babel\parser\lib\index.js:11083:21)
      at TypeScriptParserMixin.parseMaybeUnary (C:\Users\user\Downloads\Problem-Statementzip (1)\node_modules\.pnpm\@babel+parser@7.29.3\node_modules\@babel\parser\lib\index.js:11063:23)
      at TypeScriptParserMixin.parseMaybeUnary (C:\Users\user\Downloads\Problem-Statementzip (1)\node_modules\.pnpm\@babel+parser@7.29.3\node_modules\@babel\parser\lib\index.js:9854:18)
      at TypeScriptParserMixin.parseMaybeUnaryOrPrivate (C:\Users\user\Downloads\Problem-Statementzip (1)\node_modules\.pnpm\@babel+parser@7.29.3\node_modules\@babel\parser\lib\index.js:10916:61)
      at TypeScriptParserMixin.parseExprOps (C:\Users\user\Downloads\Problem-Statementzip (1)\node_modules\.pnpm\@babel+parser@7.29.3\node_modules\@babel\parser\lib\index.js:10921:23)
      at TypeScriptParserMixin.parseMaybeConditional (C:\Users\user\Downloads\Problem-Statementzip (1)\node_modules\.pnpm\@babel+parser@7.29.3\node_modules\@babel\parser\lib\index.js:10898:23)
      at TypeScriptParserMixin.parseMaybeAssign (C:\Users\user\Downloads\Problem-Statementzip (1)\node_modules\.pnpm\@babel+parser@7.29.3\node_modules\@babel\parser\lib\index.js:10848:21)
      at TypeScriptParserMixin.parseMaybeAssign (C:\Users\user\Downloads\Problem-Statementzip (1)\node_modules\.pnpm\@babel+parser@7.29.3\node_modules\@babel\parser\lib\index.js:9803:20)
      at TypeScriptParserMixin.parseExpressionBase (C:\Users\user\Downloads\Problem-Statementzip (1)\node_modules\.pnpm\@babel+parser@7.29.3\node_modules\@babel\parser\lib\index.js:10801:23)
      at C:\Users\user\Downloads\Problem-Statementzip (1)\node_modules\.pnpm\@babel+parser@7.29.3\node_modules\@babel\parser\lib\index.js:10797:39
      at TypeScriptParserMixin.allowInAnd (C:\Users\user\Downloads\Problem-Statementzip (1)\node_modules\.pnpm\@babel+parser@7.29.3\node_modules\@babel\parser\lib\index.js:12438:16)
      at TypeScriptParserMixin.parseExpression (C:\Users\user\Downloads\Problem-Statementzip (1)\node_modules\.pnpm\@babel+parser@7.29.3\node_modules\@babel\parser\lib\index.js:10797:17)
      at TypeScriptParserMixin.parseReturnStatement (C:\Users\user\Downloads\Problem-Statementzip (1)\node_modules\.pnpm\@babel+parser@7.29.3\node_modules\@babel\parser\lib\index.js:13159:28)
      at TypeScriptParserMixin.parseStatementContent (C:\Users\user\Downloads\Problem-Statementzip (1)\node_modules\.pnpm\@babel+parser@7.29.3\node_modules\@babel\parser\lib\index.js:12815:21)
      at TypeScriptParserMixin.parseStatementContent (C:\Users\user\Downloads\Problem-Statementzip (1)\node_modules\.pnpm\@babel+parser@7.29.3\node_modules\@babel\parser\lib\index.js:9525:18)
      at TypeScriptParserMixin.parseStatementLike (C:\Users\user\Downloads\Problem-Statementzip (1)\node_modules\.pnpm\@babel+parser@7.29.3\node_modules\@babel\parser\lib\index.js:12784:17)
      at TypeScriptParserMixin.parseStatementListItem (C:\Users\user\Downloads\Problem-Statementzip (1)\node_modules\.pnpm\@babel+parser@7.29.3\node_modules\@babel\parser\lib\index.js:12764:17)
      at TypeScriptParserMixin.parseBlockOrModuleBlockBody (C:\Users\user\Downloads\Problem-Statementzip (1)\node_modules\.pnpm\@babel+parser@7.29.3\node_modules\@babel\parser\lib\index.js:13333:61)
      at TypeScriptParserMixin.parseBlockBody (C:\Users\user\Downloads\Problem-Statementzip (1)\node_modules\.pnpm\@babel+parser@7.29.3\node_modules\@babel\parser\lib\index.js:13326:10)
      at TypeScriptParserMixin.parseBlock (C:\Users\user\Downloads\Problem-Statementzip (1)\node_modules\.pnpm\@babel+parser@7.29.3\node_modules\@babel\parser\lib\index.js:13314:10)
      at TypeScriptParserMixin.parseFunctionBody (C:\Users\user\Downloads\Problem-Statementzip (1)\node_modules\.pnpm\@babel+parser@7.29.3\node_modules\@babel\parser\lib\index.js:12117:24)
      at TypeScriptParserMixin.parseFunctionBodyAndFinish (C:\Users\user\Downloads\Problem-Statementzip (1)\node_modules\.pnpm\@babel+parser@7.29.3\node_modules\@babel\parser\lib\index.js:12103:10)
      at TypeScriptParserMixin.parseFunctionBodyAndFinish (C:\Users\user\Downloads\Problem-Statementzip (1)\node_modules\.pnpm\@babel+parser@7.29.3\node_modules\@babel\parser\lib\index.js:9189:18)
      at C:\Users\user\Downloads\Problem-Statementzip (1)\node_modules\.pnpm\@babel+parser@7.29.3\node_modules\@babel\parser\lib\index.js:13462:12
[33m[vite:css][postcss] @import must precede all other statements (besides @charset or empty @layer)
29 |    src: url(../../../node_modules/.pnpm/@fontsource+geist-sans@5.2.5/node_modules/@fontsource/geist-sans/files/geist-s...
30 |  }
31 |  @import url("https://api.fontshare.com/v2/css?f[]=general-sans@400,500,600,700&display=swap");
   |  ^^^^^^^^^^^^^^^^^^^^^^^^^^^^^^^^^^^^^^^^^^^^^^^^^^^^^^^^^^^^^^^^^^^^^^^^^^^^^^^^^^^^^^^^^^^^^^
32 |  @layer theme, base, components, utilities;
33 |  @layer theme {[39m
[2m3:45:22 AM[22m [31m[1m[vite][22m[39m [31mInternal server error: C:\Users\user\Downloads\Problem-Statementzip (1)\artifacts\sketch-to-component\src\components\code-block.tsx: Expected corresponding JSX closing tag for <div>. (84:8)

[0m [90m 82 |[31m           [33m<[31m[33mCode2[31m className[33m=[31m[32m"h-3.5 w-3.5 text-primary"[31m [33m/[31m[33m>[31m
 [90m 83 |[31m           [33m<[31m[33mspan[31m[33m>[31mgenerated[33m-[31mcomponent[33m.[31m{prismLang [33m===[31m [32m"html"[31m [33m?[31m [32m"html"[31m [33m:[31m [32m"tsx"[31m}[33m<[31m[33m/[31m[33mspan[31m[33m>[31m
[31m[1m>[22m[31m[90m 84 |[31m         [33m<[31m[33m/[31m[33mmotion[31m[33m.[31mdiv[33m>[31m
 [90m    |[31m         [31m[1m^[22m[31m
 [90m 85 |[31m         [33m<[31m[33mButton[31m
 [90m 86 |[31m           variant[33m=[31m[32m"ghost"[31m
 [90m 87 |[31m           size[33m=[31m[32m"sm"[31m[0m[39m
  Plugin: [35mvite:react-babel[39m
  File: [36mC:/Users/user/Downloads/Problem-Statementzip (1)/artifacts/sketch-to-component/src/components/code-block.tsx[39m:84:8
[33m  82 |            <Code2 className="h-3.5 w-3.5 text-primary" />
  83 |            <span>generated-component.{prismLang === "html" ? "html" : "tsx"}</span>
  84 |          </motion.div>
     |          ^
  85 |          <Button
  86 |            variant="ghost"[39m
      at constructor (C:\Users\user\Downloads\Problem-Statementzip (1)\node_modules\.pnpm\@babel+parser@7.29.3\node_modules\@babel\parser\lib\index.js:365:19)
      at TypeScriptParserMixin.raise (C:\Users\user\Downloads\Problem-Statementzip (1)\node_modules\.pnpm\@babel+parser@7.29.3\node_modules\@babel\parser\lib\index.js:6616:19)
      at TypeScriptParserMixin.jsxParseElementAt (C:\Users\user\Downloads\Problem-Statementzip (1)\node_modules\.pnpm\@babel+parser@7.29.3\node_modules\@babel\parser\lib\index.js:4739:16)
      at TypeScriptParserMixin.jsxParseElementAt (C:\Users\user\Downloads\Problem-Statementzip (1)\node_modules\.pnpm\@babel+parser@7.29.3\node_modules\@babel\parser\lib\index.js:4710:32)
      at TypeScriptParserMixin.jsxParseElementAt (C:\Users\user\Downloads\Problem-Statementzip (1)\node_modules\.pnpm\@babel+parser@7.29.3\node_modules\@babel\parser\lib\index.js:4710:32)
      at TypeScriptParserMixin.jsxParseElement (C:\Users\user\Downloads\Problem-Statementzip (1)\node_modules\.pnpm\@babel+parser@7.29.3\node_modules\@babel\parser\lib\index.js:4761:17)
      at TypeScriptParserMixin.parseExprAtom (C:\Users\user\Downloads\Problem-Statementzip (1)\node_modules\.pnpm\@babel+parser@7.29.3\node_modules\@babel\parser\lib\index.js:4771:19)
      at TypeScriptParserMixin.parseExprSubscripts (C:\Users\user\Downloads\Problem-Statementzip (1)\node_modules\.pnpm\@babel+parser@7.29.3\node_modules\@babel\parser\lib\index.js:11098:23)
      at TypeScriptParserMixin.parseUpdate (C:\Users\user\Downloads\Problem-Statementzip (1)\node_modules\.pnpm\@babel+parser@7.29.3\node_modules\@babel\parser\lib\index.js:11083:21)
      at TypeScriptParserMixin.parseMaybeUnary (C:\Users\user\Downloads\Problem-Statementzip (1)\node_modules\.pnpm\@babel+parser@7.29.3\node_modules\@babel\parser\lib\index.js:11063:23)
      at TypeScriptParserMixin.parseMaybeUnary (C:\Users\user\Downloads\Problem-Statementzip (1)\node_modules\.pnpm\@babel+parser@7.29.3\node_modules\@babel\parser\lib\index.js:9854:18)
      at TypeScriptParserMixin.parseMaybeUnaryOrPrivate (C:\Users\user\Downloads\Problem-Statementzip (1)\node_modules\.pnpm\@babel+parser@7.29.3\node_modules\@babel\parser\lib\index.js:10916:61)
      at TypeScriptParserMixin.parseExprOps (C:\Users\user\Downloads\Problem-Statementzip (1)\node_modules\.pnpm\@babel+parser@7.29.3\node_modules\@babel\parser\lib\index.js:10921:23)
      at TypeScriptParserMixin.parseMaybeConditional (C:\Users\user\Downloads\Problem-Statementzip (1)\node_modules\.pnpm\@babel+parser@7.29.3\node_modules\@babel\parser\lib\index.js:10898:23)
      at TypeScriptParserMixin.parseMaybeAssign (C:\Users\user\Downloads\Problem-Statementzip (1)\node_modules\.pnpm\@babel+parser@7.29.3\node_modules\@babel\parser\lib\index.js:10848:21)
      at C:\Users\user\Downloads\Problem-Statementzip (1)\node_modules\.pnpm\@babel+parser@7.29.3\node_modules\@babel\parser\lib\index.js:9792:39
      at TypeScriptParserMixin.tryParse (C:\Users\user\Downloads\Problem-Statementzip (1)\node_modules\.pnpm\@babel+parser@7.29.3\node_modules\@babel\parser\lib\index.js:6924:20)
      at TypeScriptParserMixin.parseMaybeAssign (C:\Users\user\Downloads\Problem-Statementzip (1)\node_modules\.pnpm\@babel+parser@7.29.3\node_modules\@babel\parser\lib\index.js:9792:18)
      at C:\Users\user\Downloads\Problem-Statementzip (1)\node_modules\.pnpm\@babel+parser@7.29.3\node_modules\@babel\parser\lib\index.js:10817:39
      at TypeScriptParserMixin.allowInAnd (C:\Users\user\Downloads\Problem-Statementzip (1)\node_modules\.pnpm\@babel+parser@7.29.3\node_modules\@babel\parser\lib\index.js:12443:12)
      at TypeScriptParserMixin.parseMaybeAssignAllowIn (C:\Users\user\Downloads\Problem-Statementzip (1)\node_modules\.pnpm\@babel+parser@7.29.3\node_modules\@babel\parser\lib\index.js:10817:17)
      at TypeScriptParserMixin.parseMaybeAssignAllowInOrVoidPattern (C:\Users\user\Downloads\Problem-Statementzip (1)\node_modules\.pnpm\@babel+parser@7.29.3\node_modules\@babel\parser\lib\index.js:12510:17)
      at TypeScriptParserMixin.parseParenAndDistinguishExpression (C:\Users\user\Downloads\Problem-Statementzip (1)\node_modules\.pnpm\@babel+parser@7.29.3\node_modules\@babel\parser\lib\index.js:11692:28)
      at TypeScriptParserMixin.parseExprAtom (C:\Users\user\Downloads\Problem-Statementzip (1)\node_modules\.pnpm\@babel+parser@7.29.3\node_modules\@babel\parser\lib\index.js:11348:23)
      at TypeScriptParserMixin.parseExprAtom (C:\Users\user\Downloads\Problem-Statementzip (1)\node_modules\.pnpm\@babel+parser@7.29.3\node_modules\@babel\parser\lib\index.js:4776:20)
      at TypeScriptParserMixin.parseExprSubscripts (C:\Users\user\Downloads\Problem-Statementzip (1)\node_modules\.pnpm\@babel+parser@7.29.3\node_modules\@babel\parser\lib\index.js:11098:23)
      at TypeScriptParserMixin.parseUpdate (C:\Users\user\Downloads\Problem-Statementzip (1)\node_modules\.pnpm\@babel+parser@7.29.3\node_modules\@babel\parser\lib\index.js:11083:21)
      at TypeScriptParserMixin.parseMaybeUnary (C:\Users\user\Downloads\Problem-Statementzip (1)\node_modules\.pnpm\@babel+parser@7.29.3\node_modules\@babel\parser\lib\index.js:11063:23)
      at TypeScriptParserMixin.parseMaybeUnary (C:\Users\user\Downloads\Problem-Statementzip (1)\node_modules\.pnpm\@babel+parser@7.29.3\node_modules\@babel\parser\lib\index.js:9854:18)
      at TypeScriptParserMixin.parseMaybeUnaryOrPrivate (C:\Users\user\Downloads\Problem-Statementzip (1)\node_modules\.pnpm\@babel+parser@7.29.3\node_modules\@babel\parser\lib\index.js:10916:61)
      at TypeScriptParserMixin.parseExprOps (C:\Users\user\Downloads\Problem-Statementzip (1)\node_modules\.pnpm\@babel+parser@7.29.3\node_modules\@babel\parser\lib\index.js:10921:23)
      at TypeScriptParserMixin.parseMaybeConditional (C:\Users\user\Downloads\Problem-Statementzip (1)\node_modules\.pnpm\@babel+parser@7.29.3\node_modules\@babel\parser\lib\index.js:10898:23)
      at TypeScriptParserMixin.parseMaybeAssign (C:\Users\user\Downloads\Problem-Statementzip (1)\node_modules\.pnpm\@babel+parser@7.29.3\node_modules\@babel\parser\lib\index.js:10848:21)
      at TypeScriptParserMixin.parseMaybeAssign (C:\Users\user\Downloads\Problem-Statementzip (1)\node_modules\.pnpm\@babel+parser@7.29.3\node_modules\@babel\parser\lib\index.js:9803:20)
      at TypeScriptParserMixin.parseExpressionBase (C:\Users\user\Downloads\Problem-Statementzip (1)\node_modules\.pnpm\@babel+parser@7.29.3\node_modules\@babel\parser\lib\index.js:10801:23)
      at C:\Users\user\Downloads\Problem-Statementzip (1)\node_modules\.pnpm\@babel+parser@7.29.3\node_modules\@babel\parser\lib\index.js:10797:39
      at TypeScriptParserMixin.allowInAnd (C:\Users\user\Downloads\Problem-Statementzip (1)\node_modules\.pnpm\@babel+parser@7.29.3\node_modules\@babel\parser\lib\index.js:12438:16)
      at TypeScriptParserMixin.parseExpression (C:\Users\user\Downloads\Problem-Statementzip (1)\node_modules\.pnpm\@babel+parser@7.29.3\node_modules\@babel\parser\lib\index.js:10797:17)
      at TypeScriptParserMixin.parseReturnStatement (C:\Users\user\Downloads\Problem-Statementzip (1)\node_modules\.pnpm\@babel+parser@7.29.3\node_modules\@babel\parser\lib\index.js:13159:28)
      at TypeScriptParserMixin.parseStatementContent (C:\Users\user\Downloads\Problem-Statementzip (1)\node_modules\.pnpm\@babel+parser@7.29.3\node_modules\@babel\parser\lib\index.js:12815:21)
      at TypeScriptParserMixin.parseStatementContent (C:\Users\user\Downloads\Problem-Statementzip (1)\node_modules\.pnpm\@babel+parser@7.29.3\node_modules\@babel\parser\lib\index.js:9525:18)
      at TypeScriptParserMixin.parseStatementLike (C:\Users\user\Downloads\Problem-Statementzip (1)\node_modules\.pnpm\@babel+parser@7.29.3\node_modules\@babel\parser\lib\index.js:12784:17)
      at TypeScriptParserMixin.parseStatementListItem (C:\Users\user\Downloads\Problem-Statementzip (1)\node_modules\.pnpm\@babel+parser@7.29.3\node_modules\@babel\parser\lib\index.js:12764:17)
      at TypeScriptParserMixin.parseBlockOrModuleBlockBody (C:\Users\user\Downloads\Problem-Statementzip (1)\node_modules\.pnpm\@babel+parser@7.29.3\node_modules\@babel\parser\lib\index.js:13333:61)
      at TypeScriptParserMixin.parseBlockBody (C:\Users\user\Downloads\Problem-Statementzip (1)\node_modules\.pnpm\@babel+parser@7.29.3\node_modules\@babel\parser\lib\index.js:13326:10)
      at TypeScriptParserMixin.parseBlock (C:\Users\user\Downloads\Problem-Statementzip (1)\node_modules\.pnpm\@babel+parser@7.29.3\node_modules\@babel\parser\lib\index.js:13314:10)
      at TypeScriptParserMixin.parseFunctionBody (C:\Users\user\Downloads\Problem-Statementzip (1)\node_modules\.pnpm\@babel+parser@7.29.3\node_modules\@babel\parser\lib\index.js:12117:24)
      at TypeScriptParserMixin.parseFunctionBodyAndFinish (C:\Users\user\Downloads\Problem-Statementzip (1)\node_modules\.pnpm\@babel+parser@7.29.3\node_modules\@babel\parser\lib\index.js:12103:10)
      at TypeScriptParserMixin.parseFunctionBodyAndFinish (C:\Users\user\Downloads\Problem-Statementzip (1)\node_modules\.pnpm\@babel+parser@7.29.3\node_modules\@babel\parser\lib\index.js:9189:18)
      at C:\Users\user\Downloads\Problem-Statementzip (1)\node_modules\.pnpm\@babel+parser@7.29.3\node_modules\@babel\parser\lib\index.js:13462:12
[33m[vite:css][postcss] @import must precede all other statements (besides @charset or empty @layer)
29 |    src: url(../../../node_modules/.pnpm/@fontsource+geist-sans@5.2.5/node_modules/@fontsource/geist-sans/files/geist-s...
30 |  }
31 |  @import url("https://api.fontshare.com/v2/css?f[]=general-sans@400,500,600,700&display=swap");
   |  ^^^^^^^^^^^^^^^^^^^^^^^^^^^^^^^^^^^^^^^^^^^^^^^^^^^^^^^^^^^^^^^^^^^^^^^^^^^^^^^^^^^^^^^^^^^^^^
32 |  @layer theme, base, components, utilities;
33 |  @layer theme {[39m
[2m3:45:31 AM[22m [31m[1m[vite][22m[39m [31mInternal server error: C:\Users\user\Downloads\Problem-Statementzip (1)\artifacts\sketch-to-component\src\components\code-block.tsx: Expected corresponding JSX closing tag for <div>. (98:6)

[0m [90m  96 |[31m           {copied [33m?[31m [32m"Copied"[31m [33m:[31m [32m"Copy code"[31m}
 [90m  97 |[31m         [33m<[31m[33m/[31m[33mButton[31m[33m>[31m
[31m[1m>[22m[31m[90m  98 |[31m       [33m<[31m[33m/[31m[33mmotion[31m[33m.[31mdiv[33m>[31m
 [90m     |[31m       [31m[1m^[22m[31m
 [90m  99 |[31m
 [90m 100 |[31m       [33m<[31m[33mdiv[31m className[33m=[31m[32m"group relative flex-1 overflow-auto p-4 font-mono text-xs leading-relaxed scrollbar-thin"[31m[33m>[31m
 [90m 101 |[31m         [33m<[31m[33mHighlight[31m theme[33m=[31m{prismTheme} code[33m=[31m{code} language[33m=[31m{prismLang}[33m>[31m[0m[39m
  Plugin: [35mvite:react-babel[39m
  File: [36mC:/Users/user/Downloads/Problem-Statementzip (1)/artifacts/sketch-to-component/src/components/code-block.tsx[39m:98:6
[33m  96 |            {copied ? "Copied" : "Copy code"}
  97 |          </Button>
  98 |        </motion.div>
     |        ^
  99 |  
  100|        <div className="group relative flex-1 overflow-auto p-4 font-mono text-xs leading-relaxed scrollbar-thin">[39m
      at constructor (C:\Users\user\Downloads\Problem-Statementzip (1)\node_modules\.pnpm\@babel+parser@7.29.3\node_modules\@babel\parser\lib\index.js:365:19)
      at TypeScriptParserMixin.raise (C:\Users\user\Downloads\Problem-Statementzip (1)\node_modules\.pnpm\@babel+parser@7.29.3\node_modules\@babel\parser\lib\index.js:6616:19)
      at TypeScriptParserMixin.jsxParseElementAt (C:\Users\user\Downloads\Problem-Statementzip (1)\node_modules\.pnpm\@babel+parser@7.29.3\node_modules\@babel\parser\lib\index.js:4739:16)
      at TypeScriptParserMixin.jsxParseElementAt (C:\Users\user\Downloads\Problem-Statementzip (1)\node_modules\.pnpm\@babel+parser@7.29.3\node_modules\@babel\parser\lib\index.js:4710:32)
      at TypeScriptParserMixin.jsxParseElement (C:\Users\user\Downloads\Problem-Statementzip (1)\node_modules\.pnpm\@babel+parser@7.29.3\node_modules\@babel\parser\lib\index.js:4761:17)
      at TypeScriptParserMixin.parseExprAtom (C:\Users\user\Downloads\Problem-Statementzip (1)\node_modules\.pnpm\@babel+parser@7.29.3\node_modules\@babel\parser\lib\index.js:4771:19)
      at TypeScriptParserMixin.parseExprSubscripts (C:\Users\user\Downloads\Problem-Statementzip (1)\node_modules\.pnpm\@babel+parser@7.29.3\node_modules\@babel\parser\lib\index.js:11098:23)
      at TypeScriptParserMixin.parseUpdate (C:\Users\user\Downloads\Problem-Statementzip (1)\node_modules\.pnpm\@babel+parser@7.29.3\node_modules\@babel\parser\lib\index.js:11083:21)
      at TypeScriptParserMixin.parseMaybeUnary (C:\Users\user\Downloads\Problem-Statementzip (1)\node_modules\.pnpm\@babel+parser@7.29.3\node_modules\@babel\parser\lib\index.js:11063:23)
      at TypeScriptParserMixin.parseMaybeUnary (C:\Users\user\Downloads\Problem-Statementzip (1)\node_modules\.pnpm\@babel+parser@7.29.3\node_modules\@babel\parser\lib\index.js:9854:18)
      at TypeScriptParserMixin.parseMaybeUnaryOrPrivate (C:\Users\user\Downloads\Problem-Statementzip (1)\node_modules\.pnpm\@babel+parser@7.29.3\node_modules\@babel\parser\lib\index.js:10916:61)
      at TypeScriptParserMixin.parseExprOps (C:\Users\user\Downloads\Problem-Statementzip (1)\node_modules\.pnpm\@babel+parser@7.29.3\node_modules\@babel\parser\lib\index.js:10921:23)
      at TypeScriptParserMixin.parseMaybeConditional (C:\Users\user\Downloads\Problem-Statementzip (1)\node_modules\.pnpm\@babel+parser@7.29.3\node_modules\@babel\parser\lib\index.js:10898:23)
      at TypeScriptParserMixin.parseMaybeAssign (C:\Users\user\Downloads\Problem-Statementzip (1)\node_modules\.pnpm\@babel+parser@7.29.3\node_modules\@babel\parser\lib\index.js:10848:21)
      at C:\Users\user\Downloads\Problem-Statementzip (1)\node_modules\.pnpm\@babel+parser@7.29.3\node_modules\@babel\parser\lib\index.js:9792:39
      at TypeScriptParserMixin.tryParse (C:\Users\user\Downloads\Problem-Statementzip (1)\node_modules\.pnpm\@babel+parser@7.29.3\node_modules\@babel\parser\lib\index.js:6924:20)
      at TypeScriptParserMixin.parseMaybeAssign (C:\Users\user\Downloads\Problem-Statementzip (1)\node_modules\.pnpm\@babel+parser@7.29.3\node_modules\@babel\parser\lib\index.js:9792:18)
      at C:\Users\user\Downloads\Problem-Statementzip (1)\node_modules\.pnpm\@babel+parser@7.29.3\node_modules\@babel\parser\lib\index.js:10817:39
      at TypeScriptParserMixin.allowInAnd (C:\Users\user\Downloads\Problem-Statementzip (1)\node_modules\.pnpm\@babel+parser@7.29.3\node_modules\@babel\parser\lib\index.js:12443:12)
      at TypeScriptParserMixin.parseMaybeAssignAllowIn (C:\Users\user\Downloads\Problem-Statementzip (1)\node_modules\.pnpm\@babel+parser@7.29.3\node_modules\@babel\parser\lib\index.js:10817:17)
      at TypeScriptParserMixin.parseMaybeAssignAllowInOrVoidPattern (C:\Users\user\Downloads\Problem-Statementzip (1)\node_modules\.pnpm\@babel+parser@7.29.3\node_modules\@babel\parser\lib\index.js:12510:17)
      at TypeScriptParserMixin.parseParenAndDistinguishExpression (C:\Users\user\Downloads\Problem-Statementzip (1)\node_modules\.pnpm\@babel+parser@7.29.3\node_modules\@babel\parser\lib\index.js:11692:28)
      at TypeScriptParserMixin.parseExprAtom (C:\Users\user\Downloads\Problem-Statementzip (1)\node_modules\.pnpm\@babel+parser@7.29.3\node_modules\@babel\parser\lib\index.js:11348:23)
      at TypeScriptParserMixin.parseExprAtom (C:\Users\user\Downloads\Problem-Statementzip (1)\node_modules\.pnpm\@babel+parser@7.29.3\node_modules\@babel\parser\lib\index.js:4776:20)
      at TypeScriptParserMixin.parseExprSubscripts (C:\Users\user\Downloads\Problem-Statementzip (1)\node_modules\.pnpm\@babel+parser@7.29.3\node_modules\@babel\parser\lib\index.js:11098:23)
      at TypeScriptParserMixin.parseUpdate (C:\Users\user\Downloads\Problem-Statementzip (1)\node_modules\.pnpm\@babel+parser@7.29.3\node_modules\@babel\parser\lib\index.js:11083:21)
      at TypeScriptParserMixin.parseMaybeUnary (C:\Users\user\Downloads\Problem-Statementzip (1)\node_modules\.pnpm\@babel+parser@7.29.3\node_modules\@babel\parser\lib\index.js:11063:23)
      at TypeScriptParserMixin.parseMaybeUnary (C:\Users\user\Downloads\Problem-Statementzip (1)\node_modules\.pnpm\@babel+parser@7.29.3\node_modules\@babel\parser\lib\index.js:9854:18)
      at TypeScriptParserMixin.parseMaybeUnaryOrPrivate (C:\Users\user\Downloads\Problem-Statementzip (1)\node_modules\.pnpm\@babel+parser@7.29.3\node_modules\@babel\parser\lib\index.js:10916:61)
      at TypeScriptParserMixin.parseExprOps (C:\Users\user\Downloads\Problem-Statementzip (1)\node_modules\.pnpm\@babel+parser@7.29.3\node_modules\@babel\parser\lib\index.js:10921:23)
      at TypeScriptParserMixin.parseMaybeConditional (C:\Users\user\Downloads\Problem-Statementzip (1)\node_modules\.pnpm\@babel+parser@7.29.3\node_modules\@babel\parser\lib\index.js:10898:23)
      at TypeScriptParserMixin.parseMaybeAssign (C:\Users\user\Downloads\Problem-Statementzip (1)\node_modules\.pnpm\@babel+parser@7.29.3\node_modules\@babel\parser\lib\index.js:10848:21)
      at TypeScriptParserMixin.parseMaybeAssign (C:\Users\user\Downloads\Problem-Statementzip (1)\node_modules\.pnpm\@babel+parser@7.29.3\node_modules\@babel\parser\lib\index.js:9803:20)
      at TypeScriptParserMixin.parseExpressionBase (C:\Users\user\Downloads\Problem-Statementzip (1)\node_modules\.pnpm\@babel+parser@7.29.3\node_modules\@babel\parser\lib\index.js:10801:23)
      at C:\Users\user\Downloads\Problem-Statementzip (1)\node_modules\.pnpm\@babel+parser@7.29.3\node_modules\@babel\parser\lib\index.js:10797:39
      at TypeScriptParserMixin.allowInAnd (C:\Users\user\Downloads\Problem-Statementzip (1)\node_modules\.pnpm\@babel+parser@7.29.3\node_modules\@babel\parser\lib\index.js:12438:16)
      at TypeScriptParserMixin.parseExpression (C:\Users\user\Downloads\Problem-Statementzip (1)\node_modules\.pnpm\@babel+parser@7.29.3\node_modules\@babel\parser\lib\index.js:10797:17)
      at TypeScriptParserMixin.parseReturnStatement (C:\Users\user\Downloads\Problem-Statementzip (1)\node_modules\.pnpm\@babel+parser@7.29.3\node_modules\@babel\parser\lib\index.js:13159:28)
      at TypeScriptParserMixin.parseStatementContent (C:\Users\user\Downloads\Problem-Statementzip (1)\node_modules\.pnpm\@babel+parser@7.29.3\node_modules\@babel\parser\lib\index.js:12815:21)
      at TypeScriptParserMixin.parseStatementContent (C:\Users\user\Downloads\Problem-Statementzip (1)\node_modules\.pnpm\@babel+parser@7.29.3\node_modules\@babel\parser\lib\index.js:9525:18)
      at TypeScriptParserMixin.parseStatementLike (C:\Users\user\Downloads\Problem-Statementzip (1)\node_modules\.pnpm\@babel+parser@7.29.3\node_modules\@babel\parser\lib\index.js:12784:17)
      at TypeScriptParserMixin.parseStatementListItem (C:\Users\user\Downloads\Problem-Statementzip (1)\node_modules\.pnpm\@babel+parser@7.29.3\node_modules\@babel\parser\lib\index.js:12764:17)
      at TypeScriptParserMixin.parseBlockOrModuleBlockBody (C:\Users\user\Downloads\Problem-Statementzip (1)\node_modules\.pnpm\@babel+parser@7.29.3\node_modules\@babel\parser\lib\index.js:13333:61)
      at TypeScriptParserMixin.parseBlockBody (C:\Users\user\Downloads\Problem-Statementzip (1)\node_modules\.pnpm\@babel+parser@7.29.3\node_modules\@babel\parser\lib\index.js:13326:10)
      at TypeScriptParserMixin.parseBlock (C:\Users\user\Downloads\Problem-Statementzip (1)\node_modules\.pnpm\@babel+parser@7.29.3\node_modules\@babel\parser\lib\index.js:13314:10)
      at TypeScriptParserMixin.parseFunctionBody (C:\Users\user\Downloads\Problem-Statementzip (1)\node_modules\.pnpm\@babel+parser@7.29.3\node_modules\@babel\parser\lib\index.js:12117:24)
      at TypeScriptParserMixin.parseFunctionBodyAndFinish (C:\Users\user\Downloads\Problem-Statementzip (1)\node_modules\.pnpm\@babel+parser@7.29.3\node_modules\@babel\parser\lib\index.js:12103:10)
      at TypeScriptParserMixin.parseFunctionBodyAndFinish (C:\Users\user\Downloads\Problem-Statementzip (1)\node_modules\.pnpm\@babel+parser@7.29.3\node_modules\@babel\parser\lib\index.js:9189:18)
      at C:\Users\user\Downloads\Problem-Statementzip (1)\node_modules\.pnpm\@babel+parser@7.29.3\node_modules\@babel\parser\lib\index.js:13462:12
      at TypeScriptParserMixin.withSmartMixTopicForbiddingContext (C:\Users\user\Downloads\Problem-Statementzip (1)\node_modules\.pnpm\@babel+parser@7.29.3\node_modules\@babel\parser\lib\index.js:12420:14)
[2m3:45:31 AM[22m [31m[1m[vite][22m[39m [31mInternal server error: C:\Users\user\Downloads\Problem-Statementzip (1)\artifacts\sketch-to-component\src\components\code-block.tsx: Expected corresponding JSX closing tag for <div>. (98:6)

[0m [90m  96 |[31m           {copied [33m?[31m [32m"Copied"[31m [33m:[31m [32m"Copy code"[31m}
 [90m  97 |[31m         [33m<[31m[33m/[31m[33mButton[31m[33m>[31m
[31m[1m>[22m[31m[90m  98 |[31m       [33m<[31m[33m/[31m[33mmotion[31m[33m.[31mdiv[33m>[31m
 [90m     |[31m       [31m[1m^[22m[31m
 [90m  99 |[31m
 [90m 100 |[31m       [33m<[31m[33mdiv[31m className[33m=[31m[32m"group relative flex-1 overflow-auto p-4 font-mono text-xs leading-relaxed scrollbar-thin"[31m[33m>[31m
 [90m 101 |[31m         [33m<[31m[33mHighlight[31m theme[33m=[31m{prismTheme} code[33m=[31m{code} language[33m=[31m{prismLang}[33m>[31m[0m[39m
  Plugin: [35mvite:react-babel[39m
  File: [36mC:/Users/user/Downloads/Problem-Statementzip (1)/artifacts/sketch-to-component/src/components/code-block.tsx[39m:98:6
[33m  96 |            {copied ? "Copied" : "Copy code"}
  97 |          </Button>
  98 |        </motion.div>
     |        ^
  99 |  
  100|        <div className="group relative flex-1 overflow-auto p-4 font-mono text-xs leading-relaxed scrollbar-thin">[39m
      at constructor (C:\Users\user\Downloads\Problem-Statementzip (1)\node_modules\.pnpm\@babel+parser@7.29.3\node_modules\@babel\parser\lib\index.js:365:19)
      at TypeScriptParserMixin.raise (C:\Users\user\Downloads\Problem-Statementzip (1)\node_modules\.pnpm\@babel+parser@7.29.3\node_modules\@babel\parser\lib\index.js:6616:19)
      at TypeScriptParserMixin.jsxParseElementAt (C:\Users\user\Downloads\Problem-Statementzip (1)\node_modules\.pnpm\@babel+parser@7.29.3\node_modules\@babel\parser\lib\index.js:4739:16)
      at TypeScriptParserMixin.jsxParseElementAt (C:\Users\user\Downloads\Problem-Statementzip (1)\node_modules\.pnpm\@babel+parser@7.29.3\node_modules\@babel\parser\lib\index.js:4710:32)
      at TypeScriptParserMixin.jsxParseElement (C:\Users\user\Downloads\Problem-Statementzip (1)\node_modules\.pnpm\@babel+parser@7.29.3\node_modules\@babel\parser\lib\index.js:4761:17)
      at TypeScriptParserMixin.parseExprAtom (C:\Users\user\Downloads\Problem-Statementzip (1)\node_modules\.pnpm\@babel+parser@7.29.3\node_modules\@babel\parser\lib\index.js:4771:19)
      at TypeScriptParserMixin.parseExprSubscripts (C:\Users\user\Downloads\Problem-Statementzip (1)\node_modules\.pnpm\@babel+parser@7.29.3\node_modules\@babel\parser\lib\index.js:11098:23)
      at TypeScriptParserMixin.parseUpdate (C:\Users\user\Downloads\Problem-Statementzip (1)\node_modules\.pnpm\@babel+parser@7.29.3\node_modules\@babel\parser\lib\index.js:11083:21)
      at TypeScriptParserMixin.parseMaybeUnary (C:\Users\user\Downloads\Problem-Statementzip (1)\node_modules\.pnpm\@babel+parser@7.29.3\node_modules\@babel\parser\lib\index.js:11063:23)
      at TypeScriptParserMixin.parseMaybeUnary (C:\Users\user\Downloads\Problem-Statementzip (1)\node_modules\.pnpm\@babel+parser@7.29.3\node_modules\@babel\parser\lib\index.js:9854:18)
      at TypeScriptParserMixin.parseMaybeUnaryOrPrivate (C:\Users\user\Downloads\Problem-Statementzip (1)\node_modules\.pnpm\@babel+parser@7.29.3\node_modules\@babel\parser\lib\index.js:10916:61)
      at TypeScriptParserMixin.parseExprOps (C:\Users\user\Downloads\Problem-Statementzip (1)\node_modules\.pnpm\@babel+parser@7.29.3\node_modules\@babel\parser\lib\index.js:10921:23)
      at TypeScriptParserMixin.parseMaybeConditional (C:\Users\user\Downloads\Problem-Statementzip (1)\node_modules\.pnpm\@babel+parser@7.29.3\node_modules\@babel\parser\lib\index.js:10898:23)
      at TypeScriptParserMixin.parseMaybeAssign (C:\Users\user\Downloads\Problem-Statementzip (1)\node_modules\.pnpm\@babel+parser@7.29.3\node_modules\@babel\parser\lib\index.js:10848:21)
      at C:\Users\user\Downloads\Problem-Statementzip (1)\node_modules\.pnpm\@babel+parser@7.29.3\node_modules\@babel\parser\lib\index.js:9792:39
      at TypeScriptParserMixin.tryParse (C:\Users\user\Downloads\Problem-Statementzip (1)\node_modules\.pnpm\@babel+parser@7.29.3\node_modules\@babel\parser\lib\index.js:6924:20)
      at TypeScriptParserMixin.parseMaybeAssign (C:\Users\user\Downloads\Problem-Statementzip (1)\node_modules\.pnpm\@babel+parser@7.29.3\node_modules\@babel\parser\lib\index.js:9792:18)
      at C:\Users\user\Downloads\Problem-Statementzip (1)\node_modules\.pnpm\@babel+parser@7.29.3\node_modules\@babel\parser\lib\index.js:10817:39
      at TypeScriptParserMixin.allowInAnd (C:\Users\user\Downloads\Problem-Statementzip (1)\node_modules\.pnpm\@babel+parser@7.29.3\node_modules\@babel\parser\lib\index.js:12443:12)
      at TypeScriptParserMixin.parseMaybeAssignAllowIn (C:\Users\user\Downloads\Problem-Statementzip (1)\node_modules\.pnpm\@babel+parser@7.29.3\node_modules\@babel\parser\lib\index.js:10817:17)
      at TypeScriptParserMixin.parseMaybeAssignAllowInOrVoidPattern (C:\Users\user\Downloads\Problem-Statementzip (1)\node_modules\.pnpm\@babel+parser@7.29.3\node_modules\@babel\parser\lib\index.js:12510:17)
      at TypeScriptParserMixin.parseParenAndDistinguishExpression (C:\Users\user\Downloads\Problem-Statementzip (1)\node_modules\.pnpm\@babel+parser@7.29.3\node_modules\@babel\parser\lib\index.js:11692:28)
      at TypeScriptParserMixin.parseExprAtom (C:\Users\user\Downloads\Problem-Statementzip (1)\node_modules\.pnpm\@babel+parser@7.29.3\node_modules\@babel\parser\lib\index.js:11348:23)
      at TypeScriptParserMixin.parseExprAtom (C:\Users\user\Downloads\Problem-Statementzip (1)\node_modules\.pnpm\@babel+parser@7.29.3\node_modules\@babel\parser\lib\index.js:4776:20)
      at TypeScriptParserMixin.parseExprSubscripts (C:\Users\user\Downloads\Problem-Statementzip (1)\node_modules\.pnpm\@babel+parser@7.29.3\node_modules\@babel\parser\lib\index.js:11098:23)
      at TypeScriptParserMixin.parseUpdate (C:\Users\user\Downloads\Problem-Statementzip (1)\node_modules\.pnpm\@babel+parser@7.29.3\node_modules\@babel\parser\lib\index.js:11083:21)
      at TypeScriptParserMixin.parseMaybeUnary (C:\Users\user\Downloads\Problem-Statementzip (1)\node_modules\.pnpm\@babel+parser@7.29.3\node_modules\@babel\parser\lib\index.js:11063:23)
      at TypeScriptParserMixin.parseMaybeUnary (C:\Users\user\Downloads\Problem-Statementzip (1)\node_modules\.pnpm\@babel+parser@7.29.3\node_modules\@babel\parser\lib\index.js:9854:18)
      at TypeScriptParserMixin.parseMaybeUnaryOrPrivate (C:\Users\user\Downloads\Problem-Statementzip (1)\node_modules\.pnpm\@babel+parser@7.29.3\node_modules\@babel\parser\lib\index.js:10916:61)
      at TypeScriptParserMixin.parseExprOps (C:\Users\user\Downloads\Problem-Statementzip (1)\node_modules\.pnpm\@babel+parser@7.29.3\node_modules\@babel\parser\lib\index.js:10921:23)
      at TypeScriptParserMixin.parseMaybeConditional (C:\Users\user\Downloads\Problem-Statementzip (1)\node_modules\.pnpm\@babel+parser@7.29.3\node_modules\@babel\parser\lib\index.js:10898:23)
      at TypeScriptParserMixin.parseMaybeAssign (C:\Users\user\Downloads\Problem-Statementzip (1)\node_modules\.pnpm\@babel+parser@7.29.3\node_modules\@babel\parser\lib\index.js:10848:21)
      at TypeScriptParserMixin.parseMaybeAssign (C:\Users\user\Downloads\Problem-Statementzip (1)\node_modules\.pnpm\@babel+parser@7.29.3\node_modules\@babel\parser\lib\index.js:9803:20)
      at TypeScriptParserMixin.parseExpressionBase (C:\Users\user\Downloads\Problem-Statementzip (1)\node_modules\.pnpm\@babel+parser@7.29.3\node_modules\@babel\parser\lib\index.js:10801:23)
      at C:\Users\user\Downloads\Problem-Statementzip (1)\node_modules\.pnpm\@babel+parser@7.29.3\node_modules\@babel\parser\lib\index.js:10797:39
      at TypeScriptParserMixin.allowInAnd (C:\Users\user\Downloads\Problem-Statementzip (1)\node_modules\.pnpm\@babel+parser@7.29.3\node_modules\@babel\parser\lib\index.js:12438:16)
      at TypeScriptParserMixin.parseExpression (C:\Users\user\Downloads\Problem-Statementzip (1)\node_modules\.pnpm\@babel+parser@7.29.3\node_modules\@babel\parser\lib\index.js:10797:17)
      at TypeScriptParserMixin.parseReturnStatement (C:\Users\user\Downloads\Problem-Statementzip (1)\node_modules\.pnpm\@babel+parser@7.29.3\node_modules\@babel\parser\lib\index.js:13159:28)
      at TypeScriptParserMixin.parseStatementContent (C:\Users\user\Downloads\Problem-Statementzip (1)\node_modules\.pnpm\@babel+parser@7.29.3\node_modules\@babel\parser\lib\index.js:12815:21)
      at TypeScriptParserMixin.parseStatementContent (C:\Users\user\Downloads\Problem-Statementzip (1)\node_modules\.pnpm\@babel+parser@7.29.3\node_modules\@babel\parser\lib\index.js:9525:18)
      at TypeScriptParserMixin.parseStatementLike (C:\Users\user\Downloads\Problem-Statementzip (1)\node_modules\.pnpm\@babel+parser@7.29.3\node_modules\@babel\parser\lib\index.js:12784:17)
      at TypeScriptParserMixin.parseStatementListItem (C:\Users\user\Downloads\Problem-Statementzip (1)\node_modules\.pnpm\@babel+parser@7.29.3\node_modules\@babel\parser\lib\index.js:12764:17)
      at TypeScriptParserMixin.parseBlockOrModuleBlockBody (C:\Users\user\Downloads\Problem-Statementzip (1)\node_modules\.pnpm\@babel+parser@7.29.3\node_modules\@babel\parser\lib\index.js:13333:61)
      at TypeScriptParserMixin.parseBlockBody (C:\Users\user\Downloads\Problem-Statementzip (1)\node_modules\.pnpm\@babel+parser@7.29.3\node_modules\@babel\parser\lib\index.js:13326:10)
      at TypeScriptParserMixin.parseBlock (C:\Users\user\Downloads\Problem-Statementzip (1)\node_modules\.pnpm\@babel+parser@7.29.3\node_modules\@babel\parser\lib\index.js:13314:10)
      at TypeScriptParserMixin.parseFunctionBody (C:\Users\user\Downloads\Problem-Statementzip (1)\node_modules\.pnpm\@babel+parser@7.29.3\node_modules\@babel\parser\lib\index.js:12117:24)
      at TypeScriptParserMixin.parseFunctionBodyAndFinish (C:\Users\user\Downloads\Problem-Statementzip (1)\node_modules\.pnpm\@babel+parser@7.29.3\node_modules\@babel\parser\lib\index.js:12103:10)
      at TypeScriptParserMixin.parseFunctionBodyAndFinish (C:\Users\user\Downloads\Problem-Statementzip (1)\node_modules\.pnpm\@babel+parser@7.29.3\node_modules\@babel\parser\lib\index.js:9189:18)
      at C:\Users\user\Downloads\Problem-Statementzip (1)\node_modules\.pnpm\@babel+parser@7.29.3\node_modules\@babel\parser\lib\index.js:13462:12
      at TypeScriptParserMixin.withSmartMixTopicForbiddingContext (C:\Users\user\Downloads\Problem-Statementzip (1)\node_modules\.pnpm\@babel+parser@7.29.3\node_modules\@babel\parser\lib\index.js:12420:14)
[33m[vite:css][postcss] @import must precede all other statements (besides @charset or empty @layer)
29 |    src: url(../../../node_modules/.pnpm/@fontsource+geist-sans@5.2.5/node_modules/@fontsource/geist-sans/files/geist-s...
30 |  }
31 |  @import url("https://api.fontshare.com/v2/css?f[]=general-sans@400,500,600,700&display=swap");
   |  ^^^^^^^^^^^^^^^^^^^^^^^^^^^^^^^^^^^^^^^^^^^^^^^^^^^^^^^^^^^^^^^^^^^^^^^^^^^^^^^^^^^^^^^^^^^^^^
32 |  @layer theme, base, components, utilities;
33 |  @layer theme {[39m
[2m3:45:38 AM[22m [31m[1m[vite][22m[39m [31mInternal server error: C:\Users\user\Downloads\Problem-Statementzip (1)\artifacts\sketch-to-component\src\components\code-block.tsx: Expected corresponding JSX closing tag for <div>. (84:8)

[0m [90m 82 |[31m           [33m<[31m[33mCode2[31m className[33m=[31m[32m"h-3.5 w-3.5 text-primary"[31m [33m/[31m[33m>[31m
 [90m 83 |[31m           [33m<[31m[33mspan[31m[33m>[31mgenerated[33m-[31mcomponent[33m.[31m{prismLang [33m===[31m [32m"html"[31m [33m?[31m [32m"html"[31m [33m:[31m [32m"tsx"[31m}[33m<[31m[33m/[31m[33mspan[31m[33m>[31m
[31m[1m>[22m[31m[90m 84 |[31m         [33m<[31m[33m/[31m[33mmotion[31m[33m.[31mdiv[33m>[31m
 [90m    |[31m         [31m[1m^[22m[31m
 [90m 85 |[31m         [33m<[31m[33mButton[31m
 [90m 86 |[31m           variant[33m=[31m[32m"ghost"[31m
 [90m 87 |[31m           size[33m=[31m[32m"sm"[31m[0m[39m
  Plugin: [35mvite:react-babel[39m
  File: [36mC:/Users/user/Downloads/Problem-Statementzip (1)/artifacts/sketch-to-component/src/components/code-block.tsx[39m:84:8
[33m  82 |            <Code2 className="h-3.5 w-3.5 text-primary" />
  83 |            <span>generated-component.{prismLang === "html" ? "html" : "tsx"}</span>
  84 |          </motion.div>
     |          ^
  85 |          <Button
  86 |            variant="ghost"[39m
      at constructor (C:\Users\user\Downloads\Problem-Statementzip (1)\node_modules\.pnpm\@babel+parser@7.29.3\node_modules\@babel\parser\lib\index.js:365:19)
      at TypeScriptParserMixin.raise (C:\Users\user\Downloads\Problem-Statementzip (1)\node_modules\.pnpm\@babel+parser@7.29.3\node_modules\@babel\parser\lib\index.js:6616:19)
      at TypeScriptParserMixin.jsxParseElementAt (C:\Users\user\Downloads\Problem-Statementzip (1)\node_modules\.pnpm\@babel+parser@7.29.3\node_modules\@babel\parser\lib\index.js:4739:16)
      at TypeScriptParserMixin.jsxParseElementAt (C:\Users\user\Downloads\Problem-Statementzip (1)\node_modules\.pnpm\@babel+parser@7.29.3\node_modules\@babel\parser\lib\index.js:4710:32)
      at TypeScriptParserMixin.jsxParseElementAt (C:\Users\user\Downloads\Problem-Statementzip (1)\node_modules\.pnpm\@babel+parser@7.29.3\node_modules\@babel\parser\lib\index.js:4710:32)
      at TypeScriptParserMixin.jsxParseElement (C:\Users\user\Downloads\Problem-Statementzip (1)\node_modules\.pnpm\@babel+parser@7.29.3\node_modules\@babel\parser\lib\index.js:4761:17)
      at TypeScriptParserMixin.parseExprAtom (C:\Users\user\Downloads\Problem-Statementzip (1)\node_modules\.pnpm\@babel+parser@7.29.3\node_modules\@babel\parser\lib\index.js:4771:19)
      at TypeScriptParserMixin.parseExprSubscripts (C:\Users\user\Downloads\Problem-Statementzip (1)\node_modules\.pnpm\@babel+parser@7.29.3\node_modules\@babel\parser\lib\index.js:11098:23)
      at TypeScriptParserMixin.parseUpdate (C:\Users\user\Downloads\Problem-Statementzip (1)\node_modules\.pnpm\@babel+parser@7.29.3\node_modules\@babel\parser\lib\index.js:11083:21)
      at TypeScriptParserMixin.parseMaybeUnary (C:\Users\user\Downloads\Problem-Statementzip (1)\node_modules\.pnpm\@babel+parser@7.29.3\node_modules\@babel\parser\lib\index.js:11063:23)
      at TypeScriptParserMixin.parseMaybeUnary (C:\Users\user\Downloads\Problem-Statementzip (1)\node_modules\.pnpm\@babel+parser@7.29.3\node_modules\@babel\parser\lib\index.js:9854:18)
      at TypeScriptParserMixin.parseMaybeUnaryOrPrivate (C:\Users\user\Downloads\Problem-Statementzip (1)\node_modules\.pnpm\@babel+parser@7.29.3\node_modules\@babel\parser\lib\index.js:10916:61)
      at TypeScriptParserMixin.parseExprOps (C:\Users\user\Downloads\Problem-Statementzip (1)\node_modules\.pnpm\@babel+parser@7.29.3\node_modules\@babel\parser\lib\index.js:10921:23)
      at TypeScriptParserMixin.parseMaybeConditional (C:\Users\user\Downloads\Problem-Statementzip (1)\node_modules\.pnpm\@babel+parser@7.29.3\node_modules\@babel\parser\lib\index.js:10898:23)
      at TypeScriptParserMixin.parseMaybeAssign (C:\Users\user\Downloads\Problem-Statementzip (1)\node_modules\.pnpm\@babel+parser@7.29.3\node_modules\@babel\parser\lib\index.js:10848:21)
      at C:\Users\user\Downloads\Problem-Statementzip (1)\node_modules\.pnpm\@babel+parser@7.29.3\node_modules\@babel\parser\lib\index.js:9792:39
      at TypeScriptParserMixin.tryParse (C:\Users\user\Downloads\Problem-Statementzip (1)\node_modules\.pnpm\@babel+parser@7.29.3\node_modules\@babel\parser\lib\index.js:6924:20)
      at TypeScriptParserMixin.parseMaybeAssign (C:\Users\user\Downloads\Problem-Statementzip (1)\node_modules\.pnpm\@babel+parser@7.29.3\node_modules\@babel\parser\lib\index.js:9792:18)
      at C:\Users\user\Downloads\Problem-Statementzip (1)\node_modules\.pnpm\@babel+parser@7.29.3\node_modules\@babel\parser\lib\index.js:10817:39
      at TypeScriptParserMixin.allowInAnd (C:\Users\user\Downloads\Problem-Statementzip (1)\node_modules\.pnpm\@babel+parser@7.29.3\node_modules\@babel\parser\lib\index.js:12443:12)
      at TypeScriptParserMixin.parseMaybeAssignAllowIn (C:\Users\user\Downloads\Problem-Statementzip (1)\node_modules\.pnpm\@babel+parser@7.29.3\node_modules\@babel\parser\lib\index.js:10817:17)
      at TypeScriptParserMixin.parseMaybeAssignAllowInOrVoidPattern (C:\Users\user\Downloads\Problem-Statementzip (1)\node_modules\.pnpm\@babel+parser@7.29.3\node_modules\@babel\parser\lib\index.js:12510:17)
      at TypeScriptParserMixin.parseParenAndDistinguishExpression (C:\Users\user\Downloads\Problem-Statementzip (1)\node_modules\.pnpm\@babel+parser@7.29.3\node_modules\@babel\parser\lib\index.js:11692:28)
      at TypeScriptParserMixin.parseExprAtom (C:\Users\user\Downloads\Problem-Statementzip (1)\node_modules\.pnpm\@babel+parser@7.29.3\node_modules\@babel\parser\lib\index.js:11348:23)
      at TypeScriptParserMixin.parseExprAtom (C:\Users\user\Downloads\Problem-Statementzip (1)\node_modules\.pnpm\@babel+parser@7.29.3\node_modules\@babel\parser\lib\index.js:4776:20)
      at TypeScriptParserMixin.parseExprSubscripts (C:\Users\user\Downloads\Problem-Statementzip (1)\node_modules\.pnpm\@babel+parser@7.29.3\node_modules\@babel\parser\lib\index.js:11098:23)
      at TypeScriptParserMixin.parseUpdate (C:\Users\user\Downloads\Problem-Statementzip (1)\node_modules\.pnpm\@babel+parser@7.29.3\node_modules\@babel\parser\lib\index.js:11083:21)
      at TypeScriptParserMixin.parseMaybeUnary (C:\Users\user\Downloads\Problem-Statementzip (1)\node_modules\.pnpm\@babel+parser@7.29.3\node_modules\@babel\parser\lib\index.js:11063:23)
      at TypeScriptParserMixin.parseMaybeUnary (C:\Users\user\Downloads\Problem-Statementzip (1)\node_modules\.pnpm\@babel+parser@7.29.3\node_modules\@babel\parser\lib\index.js:9854:18)
      at TypeScriptParserMixin.parseMaybeUnaryOrPrivate (C:\Users\user\Downloads\Problem-Statementzip (1)\node_modules\.pnpm\@babel+parser@7.29.3\node_modules\@babel\parser\lib\index.js:10916:61)
      at TypeScriptParserMixin.parseExprOps (C:\Users\user\Downloads\Problem-Statementzip (1)\node_modules\.pnpm\@babel+parser@7.29.3\node_modules\@babel\parser\lib\index.js:10921:23)
      at TypeScriptParserMixin.parseMaybeConditional (C:\Users\user\Downloads\Problem-Statementzip (1)\node_modules\.pnpm\@babel+parser@7.29.3\node_modules\@babel\parser\lib\index.js:10898:23)
      at TypeScriptParserMixin.parseMaybeAssign (C:\Users\user\Downloads\Problem-Statementzip (1)\node_modules\.pnpm\@babel+parser@7.29.3\node_modules\@babel\parser\lib\index.js:10848:21)
      at TypeScriptParserMixin.parseMaybeAssign (C:\Users\user\Downloads\Problem-Statementzip (1)\node_modules\.pnpm\@babel+parser@7.29.3\node_modules\@babel\parser\lib\index.js:9803:20)
      at TypeScriptParserMixin.parseExpressionBase (C:\Users\user\Downloads\Problem-Statementzip (1)\node_modules\.pnpm\@babel+parser@7.29.3\node_modules\@babel\parser\lib\index.js:10801:23)
      at C:\Users\user\Downloads\Problem-Statementzip (1)\node_modules\.pnpm\@babel+parser@7.29.3\node_modules\@babel\parser\lib\index.js:10797:39
      at TypeScriptParserMixin.allowInAnd (C:\Users\user\Downloads\Problem-Statementzip (1)\node_modules\.pnpm\@babel+parser@7.29.3\node_modules\@babel\parser\lib\index.js:12438:16)
      at TypeScriptParserMixin.parseExpression (C:\Users\user\Downloads\Problem-Statementzip (1)\node_modules\.pnpm\@babel+parser@7.29.3\node_modules\@babel\parser\lib\index.js:10797:17)
      at TypeScriptParserMixin.parseReturnStatement (C:\Users\user\Downloads\Problem-Statementzip (1)\node_modules\.pnpm\@babel+parser@7.29.3\node_modules\@babel\parser\lib\index.js:13159:28)
      at TypeScriptParserMixin.parseStatementContent (C:\Users\user\Downloads\Problem-Statementzip (1)\node_modules\.pnpm\@babel+parser@7.29.3\node_modules\@babel\parser\lib\index.js:12815:21)
      at TypeScriptParserMixin.parseStatementContent (C:\Users\user\Downloads\Problem-Statementzip (1)\node_modules\.pnpm\@babel+parser@7.29.3\node_modules\@babel\parser\lib\index.js:9525:18)
      at TypeScriptParserMixin.parseStatementLike (C:\Users\user\Downloads\Problem-Statementzip (1)\node_modules\.pnpm\@babel+parser@7.29.3\node_modules\@babel\parser\lib\index.js:12784:17)
      at TypeScriptParserMixin.parseStatementListItem (C:\Users\user\Downloads\Problem-Statementzip (1)\node_modules\.pnpm\@babel+parser@7.29.3\node_modules\@babel\parser\lib\index.js:12764:17)
      at TypeScriptParserMixin.parseBlockOrModuleBlockBody (C:\Users\user\Downloads\Problem-Statementzip (1)\node_modules\.pnpm\@babel+parser@7.29.3\node_modules\@babel\parser\lib\index.js:13333:61)
      at TypeScriptParserMixin.parseBlockBody (C:\Users\user\Downloads\Problem-Statementzip (1)\node_modules\.pnpm\@babel+parser@7.29.3\node_modules\@babel\parser\lib\index.js:13326:10)
      at TypeScriptParserMixin.parseBlock (C:\Users\user\Downloads\Problem-Statementzip (1)\node_modules\.pnpm\@babel+parser@7.29.3\node_modules\@babel\parser\lib\index.js:13314:10)
      at TypeScriptParserMixin.parseFunctionBody (C:\Users\user\Downloads\Problem-Statementzip (1)\node_modules\.pnpm\@babel+parser@7.29.3\node_modules\@babel\parser\lib\index.js:12117:24)
      at TypeScriptParserMixin.parseFunctionBodyAndFinish (C:\Users\user\Downloads\Problem-Statementzip (1)\node_modules\.pnpm\@babel+parser@7.29.3\node_modules\@babel\parser\lib\index.js:12103:10)
      at TypeScriptParserMixin.parseFunctionBodyAndFinish (C:\Users\user\Downloads\Problem-Statementzip (1)\node_modules\.pnpm\@babel+parser@7.29.3\node_modules\@babel\parser\lib\index.js:9189:18)
      at C:\Users\user\Downloads\Problem-Statementzip (1)\node_modules\.pnpm\@babel+parser@7.29.3\node_modules\@babel\parser\lib\index.js:13462:12
[2m3:45:38 AM[22m [31m[1m[vite][22m[39m [31mInternal server error: C:\Users\user\Downloads\Problem-Statementzip (1)\artifacts\sketch-to-component\src\components\code-block.tsx: Expected corresponding JSX closing tag for <div>. (84:8)

[0m [90m 82 |[31m           [33m<[31m[33mCode2[31m className[33m=[31m[32m"h-3.5 w-3.5 text-primary"[31m [33m/[31m[33m>[31m
 [90m 83 |[31m           [33m<[31m[33mspan[31m[33m>[31mgenerated[33m-[31mcomponent[33m.[31m{prismLang [33m===[31m [32m"html"[31m [33m?[31m [32m"html"[31m [33m:[31m [32m"tsx"[31m}[33m<[31m[33m/[31m[33mspan[31m[33m>[31m
[31m[1m>[22m[31m[90m 84 |[31m         [33m<[31m[33m/[31m[33mmotion[31m[33m.[31mdiv[33m>[31m
 [90m    |[31m         [31m[1m^[22m[31m
 [90m 85 |[31m         [33m<[31m[33mButton[31m
 [90m 86 |[31m           variant[33m=[31m[32m"ghost"[31m
 [90m 87 |[31m           size[33m=[31m[32m"sm"[31m[0m[39m
  Plugin: [35mvite:react-babel[39m
  File: [36mC:/Users/user/Downloads/Problem-Statementzip (1)/artifacts/sketch-to-component/src/components/code-block.tsx[39m:84:8
[33m  82 |            <Code2 className="h-3.5 w-3.5 text-primary" />
  83 |            <span>generated-component.{prismLang === "html" ? "html" : "tsx"}</span>
  84 |          </motion.div>
     |          ^
  85 |          <Button
  86 |            variant="ghost"[39m
      at constructor (C:\Users\user\Downloads\Problem-Statementzip (1)\node_modules\.pnpm\@babel+parser@7.29.3\node_modules\@babel\parser\lib\index.js:365:19)
      at TypeScriptParserMixin.raise (C:\Users\user\Downloads\Problem-Statementzip (1)\node_modules\.pnpm\@babel+parser@7.29.3\node_modules\@babel\parser\lib\index.js:6616:19)
      at TypeScriptParserMixin.jsxParseElementAt (C:\Users\user\Downloads\Problem-Statementzip (1)\node_modules\.pnpm\@babel+parser@7.29.3\node_modules\@babel\parser\lib\index.js:4739:16)
      at TypeScriptParserMixin.jsxParseElementAt (C:\Users\user\Downloads\Problem-Statementzip (1)\node_modules\.pnpm\@babel+parser@7.29.3\node_modules\@babel\parser\lib\index.js:4710:32)
      at TypeScriptParserMixin.jsxParseElementAt (C:\Users\user\Downloads\Problem-Statementzip (1)\node_modules\.pnpm\@babel+parser@7.29.3\node_modules\@babel\parser\lib\index.js:4710:32)
      at TypeScriptParserMixin.jsxParseElement (C:\Users\user\Downloads\Problem-Statementzip (1)\node_modules\.pnpm\@babel+parser@7.29.3\node_modules\@babel\parser\lib\index.js:4761:17)
      at TypeScriptParserMixin.parseExprAtom (C:\Users\user\Downloads\Problem-Statementzip (1)\node_modules\.pnpm\@babel+parser@7.29.3\node_modules\@babel\parser\lib\index.js:4771:19)
      at TypeScriptParserMixin.parseExprSubscripts (C:\Users\user\Downloads\Problem-Statementzip (1)\node_modules\.pnpm\@babel+parser@7.29.3\node_modules\@babel\parser\lib\index.js:11098:23)
      at TypeScriptParserMixin.parseUpdate (C:\Users\user\Downloads\Problem-Statementzip (1)\node_modules\.pnpm\@babel+parser@7.29.3\node_modules\@babel\parser\lib\index.js:11083:21)
      at TypeScriptParserMixin.parseMaybeUnary (C:\Users\user\Downloads\Problem-Statementzip (1)\node_modules\.pnpm\@babel+parser@7.29.3\node_modules\@babel\parser\lib\index.js:11063:23)
      at TypeScriptParserMixin.parseMaybeUnary (C:\Users\user\Downloads\Problem-Statementzip (1)\node_modules\.pnpm\@babel+parser@7.29.3\node_modules\@babel\parser\lib\index.js:9854:18)
      at TypeScriptParserMixin.parseMaybeUnaryOrPrivate (C:\Users\user\Downloads\Problem-Statementzip (1)\node_modules\.pnpm\@babel+parser@7.29.3\node_modules\@babel\parser\lib\index.js:10916:61)
      at TypeScriptParserMixin.parseExprOps (C:\Users\user\Downloads\Problem-Statementzip (1)\node_modules\.pnpm\@babel+parser@7.29.3\node_modules\@babel\parser\lib\index.js:10921:23)
      at TypeScriptParserMixin.parseMaybeConditional (C:\Users\user\Downloads\Problem-Statementzip (1)\node_modules\.pnpm\@babel+parser@7.29.3\node_modules\@babel\parser\lib\index.js:10898:23)
      at TypeScriptParserMixin.parseMaybeAssign (C:\Users\user\Downloads\Problem-Statementzip (1)\node_modules\.pnpm\@babel+parser@7.29.3\node_modules\@babel\parser\lib\index.js:10848:21)
      at C:\Users\user\Downloads\Problem-Statementzip (1)\node_modules\.pnpm\@babel+parser@7.29.3\node_modules\@babel\parser\lib\index.js:9792:39
      at TypeScriptParserMixin.tryParse (C:\Users\user\Downloads\Problem-Statementzip (1)\node_modules\.pnpm\@babel+parser@7.29.3\node_modules\@babel\parser\lib\index.js:6924:20)
      at TypeScriptParserMixin.parseMaybeAssign (C:\Users\user\Downloads\Problem-Statementzip (1)\node_modules\.pnpm\@babel+parser@7.29.3\node_modules\@babel\parser\lib\index.js:9792:18)
      at C:\Users\user\Downloads\Problem-Statementzip (1)\node_modules\.pnpm\@babel+parser@7.29.3\node_modules\@babel\parser\lib\index.js:10817:39
      at TypeScriptParserMixin.allowInAnd (C:\Users\user\Downloads\Problem-Statementzip (1)\node_modules\.pnpm\@babel+parser@7.29.3\node_modules\@babel\parser\lib\index.js:12443:12)
      at TypeScriptParserMixin.parseMaybeAssignAllowIn (C:\Users\user\Downloads\Problem-Statementzip (1)\node_modules\.pnpm\@babel+parser@7.29.3\node_modules\@babel\parser\lib\index.js:10817:17)
      at TypeScriptParserMixin.parseMaybeAssignAllowInOrVoidPattern (C:\Users\user\Downloads\Problem-Statementzip (1)\node_modules\.pnpm\@babel+parser@7.29.3\node_modules\@babel\parser\lib\index.js:12510:17)
      at TypeScriptParserMixin.parseParenAndDistinguishExpression (C:\Users\user\Downloads\Problem-Statementzip (1)\node_modules\.pnpm\@babel+parser@7.29.3\node_modules\@babel\parser\lib\index.js:11692:28)
      at TypeScriptParserMixin.parseExprAtom (C:\Users\user\Downloads\Problem-Statementzip (1)\node_modules\.pnpm\@babel+parser@7.29.3\node_modules\@babel\parser\lib\index.js:11348:23)
      at TypeScriptParserMixin.parseExprAtom (C:\Users\user\Downloads\Problem-Statementzip (1)\node_modules\.pnpm\@babel+parser@7.29.3\node_modules\@babel\parser\lib\index.js:4776:20)
      at TypeScriptParserMixin.parseExprSubscripts (C:\Users\user\Downloads\Problem-Statementzip (1)\node_modules\.pnpm\@babel+parser@7.29.3\node_modules\@babel\parser\lib\index.js:11098:23)
      at TypeScriptParserMixin.parseUpdate (C:\Users\user\Downloads\Problem-Statementzip (1)\node_modules\.pnpm\@babel+parser@7.29.3\node_modules\@babel\parser\lib\index.js:11083:21)
      at TypeScriptParserMixin.parseMaybeUnary (C:\Users\user\Downloads\Problem-Statementzip (1)\node_modules\.pnpm\@babel+parser@7.29.3\node_modules\@babel\parser\lib\index.js:11063:23)
      at TypeScriptParserMixin.parseMaybeUnary (C:\Users\user\Downloads\Problem-Statementzip (1)\node_modules\.pnpm\@babel+parser@7.29.3\node_modules\@babel\parser\lib\index.js:9854:18)
      at TypeScriptParserMixin.parseMaybeUnaryOrPrivate (C:\Users\user\Downloads\Problem-Statementzip (1)\node_modules\.pnpm\@babel+parser@7.29.3\node_modules\@babel\parser\lib\index.js:10916:61)
      at TypeScriptParserMixin.parseExprOps (C:\Users\user\Downloads\Problem-Statementzip (1)\node_modules\.pnpm\@babel+parser@7.29.3\node_modules\@babel\parser\lib\index.js:10921:23)
      at TypeScriptParserMixin.parseMaybeConditional (C:\Users\user\Downloads\Problem-Statementzip (1)\node_modules\.pnpm\@babel+parser@7.29.3\node_modules\@babel\parser\lib\index.js:10898:23)
      at TypeScriptParserMixin.parseMaybeAssign (C:\Users\user\Downloads\Problem-Statementzip (1)\node_modules\.pnpm\@babel+parser@7.29.3\node_modules\@babel\parser\lib\index.js:10848:21)
      at TypeScriptParserMixin.parseMaybeAssign (C:\Users\user\Downloads\Problem-Statementzip (1)\node_modules\.pnpm\@babel+parser@7.29.3\node_modules\@babel\parser\lib\index.js:9803:20)
      at TypeScriptParserMixin.parseExpressionBase (C:\Users\user\Downloads\Problem-Statementzip (1)\node_modules\.pnpm\@babel+parser@7.29.3\node_modules\@babel\parser\lib\index.js:10801:23)
      at C:\Users\user\Downloads\Problem-Statementzip (1)\node_modules\.pnpm\@babel+parser@7.29.3\node_modules\@babel\parser\lib\index.js:10797:39
      at TypeScriptParserMixin.allowInAnd (C:\Users\user\Downloads\Problem-Statementzip (1)\node_modules\.pnpm\@babel+parser@7.29.3\node_modules\@babel\parser\lib\index.js:12438:16)
      at TypeScriptParserMixin.parseExpression (C:\Users\user\Downloads\Problem-Statementzip (1)\node_modules\.pnpm\@babel+parser@7.29.3\node_modules\@babel\parser\lib\index.js:10797:17)
      at TypeScriptParserMixin.parseReturnStatement (C:\Users\user\Downloads\Problem-Statementzip (1)\node_modules\.pnpm\@babel+parser@7.29.3\node_modules\@babel\parser\lib\index.js:13159:28)
      at TypeScriptParserMixin.parseStatementContent (C:\Users\user\Downloads\Problem-Statementzip (1)\node_modules\.pnpm\@babel+parser@7.29.3\node_modules\@babel\parser\lib\index.js:12815:21)
      at TypeScriptParserMixin.parseStatementContent (C:\Users\user\Downloads\Problem-Statementzip (1)\node_modules\.pnpm\@babel+parser@7.29.3\node_modules\@babel\parser\lib\index.js:9525:18)
      at TypeScriptParserMixin.parseStatementLike (C:\Users\user\Downloads\Problem-Statementzip (1)\node_modules\.pnpm\@babel+parser@7.29.3\node_modules\@babel\parser\lib\index.js:12784:17)
      at TypeScriptParserMixin.parseStatementListItem (C:\Users\user\Downloads\Problem-Statementzip (1)\node_modules\.pnpm\@babel+parser@7.29.3\node_modules\@babel\parser\lib\index.js:12764:17)
      at TypeScriptParserMixin.parseBlockOrModuleBlockBody (C:\Users\user\Downloads\Problem-Statementzip (1)\node_modules\.pnpm\@babel+parser@7.29.3\node_modules\@babel\parser\lib\index.js:13333:61)
      at TypeScriptParserMixin.parseBlockBody (C:\Users\user\Downloads\Problem-Statementzip (1)\node_modules\.pnpm\@babel+parser@7.29.3\node_modules\@babel\parser\lib\index.js:13326:10)
      at TypeScriptParserMixin.parseBlock (C:\Users\user\Downloads\Problem-Statementzip (1)\node_modules\.pnpm\@babel+parser@7.29.3\node_modules\@babel\parser\lib\index.js:13314:10)
      at TypeScriptParserMixin.parseFunctionBody (C:\Users\user\Downloads\Problem-Statementzip (1)\node_modules\.pnpm\@babel+parser@7.29.3\node_modules\@babel\parser\lib\index.js:12117:24)
      at TypeScriptParserMixin.parseFunctionBodyAndFinish (C:\Users\user\Downloads\Problem-Statementzip (1)\node_modules\.pnpm\@babel+parser@7.29.3\node_modules\@babel\parser\lib\index.js:12103:10)
      at TypeScriptParserMixin.parseFunctionBodyAndFinish (C:\Users\user\Downloads\Problem-Statementzip (1)\node_modules\.pnpm\@babel+parser@7.29.3\node_modules\@babel\parser\lib\index.js:9189:18)
      at C:\Users\user\Downloads\Problem-Statementzip (1)\node_modules\.pnpm\@babel+parser@7.29.3\node_modules\@babel\parser\lib\index.js:13462:12
[33m[vite:css][postcss] @import must precede all other statements (besides @charset or empty @layer)
29 |    src: url(../../../node_modules/.pnpm/@fontsource+geist-sans@5.2.5/node_modules/@fontsource/geist-sans/files/geist-s...
30 |  }
31 |  @import url("https://api.fontshare.com/v2/css?f[]=general-sans@400,500,600,700&display=swap");
   |  ^^^^^^^^^^^^^^^^^^^^^^^^^^^^^^^^^^^^^^^^^^^^^^^^^^^^^^^^^^^^^^^^^^^^^^^^^^^^^^^^^^^^^^^^^^^^^^
32 |  @layer theme, base, components, utilities;
33 |  @layer theme {[39m
[33m[vite:css][postcss] @import must precede all other statements (besides @charset or empty @layer)
29 |    src: url(../../../node_modules/.pnpm/@fontsource+geist-sans@5.2.5/node_modules/@fontsource/geist-sans/files/geist-s...
30 |  }
31 |  @import url("https://api.fontshare.com/v2/css?f[]=general-sans@400,500,600,700&display=swap");
   |  ^^^^^^^^^^^^^^^^^^^^^^^^^^^^^^^^^^^^^^^^^^^^^^^^^^^^^^^^^^^^^^^^^^^^^^^^^^^^^^^^^^^^^^^^^^^^^^
32 |  @layer theme, base, components, utilities;
33 |  @layer theme {[39m
[33m[vite:css][postcss] @import must precede all other statements (besides @charset or empty @layer)
29 |    src: url(../../../node_modules/.pnpm/@fontsource+geist-sans@5.2.5/node_modules/@fontsource/geist-sans/files/geist-s...
30 |  }
31 |  @import url("https://api.fontshare.com/v2/css?f[]=general-sans@400,500,600,700&display=swap");
   |  ^^^^^^^^^^^^^^^^^^^^^^^^^^^^^^^^^^^^^^^^^^^^^^^^^^^^^^^^^^^^^^^^^^^^^^^^^^^^^^^^^^^^^^^^^^^^^^
32 |  @layer theme, base, components, utilities;
33 |  @layer theme {[39m
[33m[vite:css][postcss] @import must precede all other statements (besides @charset or empty @layer)
29 |    src: url(../../../node_modules/.pnpm/@fontsource+geist-sans@5.2.5/node_modules/@fontsource/geist-sans/files/geist-s...
30 |  }
31 |  @import url("https://api.fontshare.com/v2/css?f[]=general-sans@400,500,600,700&display=swap");
   |  ^^^^^^^^^^^^^^^^^^^^^^^^^^^^^^^^^^^^^^^^^^^^^^^^^^^^^^^^^^^^^^^^^^^^^^^^^^^^^^^^^^^^^^^^^^^^^^
32 |  @layer theme, base, components, utilities;
33 |  @layer theme {[39m
[33m[vite:css][postcss] @import must precede all other statements (besides @charset or empty @layer)
29 |    src: url(../../../node_modules/.pnpm/@fontsource+geist-sans@5.2.5/node_modules/@fontsource/geist-sans/files/geist-s...
30 |  }
31 |  @import url("https://api.fontshare.com/v2/css?f[]=general-sans@400,500,600,700&display=swap");
   |  ^^^^^^^^^^^^^^^^^^^^^^^^^^^^^^^^^^^^^^^^^^^^^^^^^^^^^^^^^^^^^^^^^^^^^^^^^^^^^^^^^^^^^^^^^^^^^^
32 |  @layer theme, base, components, utilities;
33 |  @layer theme {[39m
[33m[vite:css][postcss] @import must precede all other statements (besides @charset or empty @layer)
29 |    src: url(../../../node_modules/.pnpm/@fontsource+geist-sans@5.2.5/node_modules/@fontsource/geist-sans/files/geist-s...
30 |  }
31 |  @import url("https://api.fontshare.com/v2/css?f[]=general-sans@400,500,600,700&display=swap");
   |  ^^^^^^^^^^^^^^^^^^^^^^^^^^^^^^^^^^^^^^^^^^^^^^^^^^^^^^^^^^^^^^^^^^^^^^^^^^^^^^^^^^^^^^^^^^^^^^
32 |  @layer theme, base, components, utilities;
33 |  @layer theme {[39m
[33m[vite:css][postcss] @import must precede all other statements (besides @charset or empty @layer)
29 |    src: url(../../../node_modules/.pnpm/@fontsource+geist-sans@5.2.5/node_modules/@fontsource/geist-sans/files/geist-s...
30 |  }
31 |  @import url("https://api.fontshare.com/v2/css?f[]=general-sans@400,500,600,700&display=swap");
   |  ^^^^^^^^^^^^^^^^^^^^^^^^^^^^^^^^^^^^^^^^^^^^^^^^^^^^^^^^^^^^^^^^^^^^^^^^^^^^^^^^^^^^^^^^^^^^^^
32 |  @layer theme, base, components, utilities;
33 |  @layer theme {[39m
[33m[vite:css][postcss] @import must precede all other statements (besides @charset or empty @layer)
29 |    src: url(../../../node_modules/.pnpm/@fontsource+geist-sans@5.2.5/node_modules/@fontsource/geist-sans/files/geist-s...
30 |  }
31 |  @import url("https://api.fontshare.com/v2/css?f[]=general-sans@400,500,600,700&display=swap");
   |  ^^^^^^^^^^^^^^^^^^^^^^^^^^^^^^^^^^^^^^^^^^^^^^^^^^^^^^^^^^^^^^^^^^^^^^^^^^^^^^^^^^^^^^^^^^^^^^
32 |  @layer theme, base, components, utilities;
33 |  @layer theme {[39m
[33m[vite:css][postcss] @import must precede all other statements (besides @charset or empty @layer)
29 |    src: url(../../../node_modules/.pnpm/@fontsource+geist-sans@5.2.5/node_modules/@fontsource/geist-sans/files/geist-s...
30 |  }
31 |  @import url("https://api.fontshare.com/v2/css?f[]=general-sans@400,500,600,700&display=swap");
   |  ^^^^^^^^^^^^^^^^^^^^^^^^^^^^^^^^^^^^^^^^^^^^^^^^^^^^^^^^^^^^^^^^^^^^^^^^^^^^^^^^^^^^^^^^^^^^^^
32 |  @layer theme, base, components, utilities;
33 |  @layer theme {[39m
[33m[vite:css][postcss] @import must precede all other statements (besides @charset or empty @layer)
29 |    src: url(../../../node_modules/.pnpm/@fontsource+geist-sans@5.2.5/node_modules/@fontsource/geist-sans/files/geist-s...
30 |  }
31 |  @import url("https://api.fontshare.com/v2/css?f[]=general-sans@400,500,600,700&display=swap");
   |  ^^^^^^^^^^^^^^^^^^^^^^^^^^^^^^^^^^^^^^^^^^^^^^^^^^^^^^^^^^^^^^^^^^^^^^^^^^^^^^^^^^^^^^^^^^^^^^
32 |  @layer theme, base, components, utilities;
33 |  @layer theme {[39m
[33m[vite:css][postcss] @import must precede all other statements (besides @charset or empty @layer)
29 |    src: url(../../../node_modules/.pnpm/@fontsource+geist-sans@5.2.5/node_modules/@fontsource/geist-sans/files/geist-s...
30 |  }
31 |  @import url("https://api.fontshare.com/v2/css?f[]=general-sans@400,500,600,700&display=swap");
   |  ^^^^^^^^^^^^^^^^^^^^^^^^^^^^^^^^^^^^^^^^^^^^^^^^^^^^^^^^^^^^^^^^^^^^^^^^^^^^^^^^^^^^^^^^^^^^^^
32 |  @layer theme, base, components, utilities;
33 |  @layer theme {[39m
[33m[vite:css][postcss] @import must precede all other statements (besides @charset or empty @layer)
29 |    src: url(../../../node_modules/.pnpm/@fontsource+geist-sans@5.2.5/node_modules/@fontsource/geist-sans/files/geist-s...
30 |  }
31 |  @import url("https://api.fontshare.com/v2/css?f[]=general-sans@400,500,600,700&display=swap");
   |  ^^^^^^^^^^^^^^^^^^^^^^^^^^^^^^^^^^^^^^^^^^^^^^^^^^^^^^^^^^^^^^^^^^^^^^^^^^^^^^^^^^^^^^^^^^^^^^
32 |  @layer theme, base, components, utilities;
33 |  @layer theme {[39m
[33m[vite:css][postcss] @import must precede all other statements (besides @charset or empty @layer)
29 |    src: url(../../../node_modules/.pnpm/@fontsource+geist-sans@5.2.5/node_modules/@fontsource/geist-sans/files/geist-s...
30 |  }
31 |  @import url("https://api.fontshare.com/v2/css?f[]=general-sans@400,500,600,700&display=swap");
   |  ^^^^^^^^^^^^^^^^^^^^^^^^^^^^^^^^^^^^^^^^^^^^^^^^^^^^^^^^^^^^^^^^^^^^^^^^^^^^^^^^^^^^^^^^^^^^^^
32 |  @layer theme, base, components, utilities;
33 |  @layer theme {[39m
[33m[vite:css][postcss] @import must precede all other statements (besides @charset or empty @layer)
29 |    src: url(../../../node_modules/.pnpm/@fontsource+geist-sans@5.2.5/node_modules/@fontsource/geist-sans/files/geist-s...
30 |  }
31 |  @import url("https://api.fontshare.com/v2/css?f[]=general-sans@400,500,600,700&display=swap");
   |  ^^^^^^^^^^^^^^^^^^^^^^^^^^^^^^^^^^^^^^^^^^^^^^^^^^^^^^^^^^^^^^^^^^^^^^^^^^^^^^^^^^^^^^^^^^^^^^
32 |  @layer theme, base, components, utilities;
33 |  @layer theme {[39m
[33m[vite:css][postcss] @import must precede all other statements (besides @charset or empty @layer)
29 |    src: url(../../../node_modules/.pnpm/@fontsource+geist-sans@5.2.5/node_modules/@fontsource/geist-sans/files/geist-s...
30 |  }
31 |  @import url("https://api.fontshare.com/v2/css?f[]=general-sans@400,500,600,700&display=swap");
   |  ^^^^^^^^^^^^^^^^^^^^^^^^^^^^^^^^^^^^^^^^^^^^^^^^^^^^^^^^^^^^^^^^^^^^^^^^^^^^^^^^^^^^^^^^^^^^^^
32 |  @layer theme, base, components, utilities;
33 |  @layer theme {[39m
[33m[vite:css][postcss] @import must precede all other statements (besides @charset or empty @layer)
29 |    src: url(../../../node_modules/.pnpm/@fontsource+geist-sans@5.2.5/node_modules/@fontsource/geist-sans/files/geist-s...
30 |  }
31 |  @import url("https://api.fontshare.com/v2/css?f[]=general-sans@400,500,600,700&display=swap");
   |  ^^^^^^^^^^^^^^^^^^^^^^^^^^^^^^^^^^^^^^^^^^^^^^^^^^^^^^^^^^^^^^^^^^^^^^^^^^^^^^^^^^^^^^^^^^^^^^
32 |  @layer theme, base, components, utilities;
33 |  @layer theme {[39m
[33m[vite:css][postcss] @import must precede all other statements (besides @charset or empty @layer)
29 |    src: url(../../../node_modules/.pnpm/@fontsource+geist-sans@5.2.5/node_modules/@fontsource/geist-sans/files/geist-s...
30 |  }
31 |  @import url("https://api.fontshare.com/v2/css?f[]=general-sans@400,500,600,700&display=swap");
   |  ^^^^^^^^^^^^^^^^^^^^^^^^^^^^^^^^^^^^^^^^^^^^^^^^^^^^^^^^^^^^^^^^^^^^^^^^^^^^^^^^^^^^^^^^^^^^^^
32 |  @layer theme, base, components, utilities;
33 |  @layer theme {[39m
[33m[vite:css][postcss] @import must precede all other statements (besides @charset or empty @layer)
29 |    src: url(../../../node_modules/.pnpm/@fontsource+geist-sans@5.2.5/node_modules/@fontsource/geist-sans/files/geist-s...
30 |  }
31 |  @import url("https://api.fontshare.com/v2/css?f[]=general-sans@400,500,600,700&display=swap");
   |  ^^^^^^^^^^^^^^^^^^^^^^^^^^^^^^^^^^^^^^^^^^^^^^^^^^^^^^^^^^^^^^^^^^^^^^^^^^^^^^^^^^^^^^^^^^^^^^
32 |  @layer theme, base, components, utilities;
33 |  @layer theme {[39m
[33m[vite:css][postcss] @import must precede all other statements (besides @charset or empty @layer)
29 |    src: url(../../../node_modules/.pnpm/@fontsource+geist-sans@5.2.5/node_modules/@fontsource/geist-sans/files/geist-s...
30 |  }
31 |  @import url("https://api.fontshare.com/v2/css?f[]=general-sans@400,500,600,700&display=swap");
   |  ^^^^^^^^^^^^^^^^^^^^^^^^^^^^^^^^^^^^^^^^^^^^^^^^^^^^^^^^^^^^^^^^^^^^^^^^^^^^^^^^^^^^^^^^^^^^^^
32 |  @layer theme, base, components, utilities;
33 |  @layer theme {[39m
[33m[vite:css][postcss] @import must precede all other statements (besides @charset or empty @layer)
29 |    src: url(../../../node_modules/.pnpm/@fontsource+geist-sans@5.2.5/node_modules/@fontsource/geist-sans/files/geist-s...
30 |  }
31 |  @import url("https://api.fontshare.com/v2/css?f[]=general-sans@400,500,600,700&display=swap");
   |  ^^^^^^^^^^^^^^^^^^^^^^^^^^^^^^^^^^^^^^^^^^^^^^^^^^^^^^^^^^^^^^^^^^^^^^^^^^^^^^^^^^^^^^^^^^^^^^
32 |  @layer theme, base, components, utilities;
33 |  @layer theme {[39m
[33m[vite:css][postcss] @import must precede all other statements (besides @charset or empty @layer)
29 |    src: url(../../../node_modules/.pnpm/@fontsource+geist-sans@5.2.5/node_modules/@fontsource/geist-sans/files/geist-s...
30 |  }
31 |  @import url("https://api.fontshare.com/v2/css?f[]=general-sans@400,500,600,700&display=swap");
   |  ^^^^^^^^^^^^^^^^^^^^^^^^^^^^^^^^^^^^^^^^^^^^^^^^^^^^^^^^^^^^^^^^^^^^^^^^^^^^^^^^^^^^^^^^^^^^^^
32 |  @layer theme, base, components, utilities;
33 |  @layer theme {[39m
[33m[vite:css][postcss] @import must precede all other statements (besides @charset or empty @layer)
29 |    src: url(../../../node_modules/.pnpm/@fontsource+geist-sans@5.2.5/node_modules/@fontsource/geist-sans/files/geist-s...
30 |  }
31 |  @import url("https://api.fontshare.com/v2/css?f[]=general-sans@400,500,600,700&display=swap");
   |  ^^^^^^^^^^^^^^^^^^^^^^^^^^^^^^^^^^^^^^^^^^^^^^^^^^^^^^^^^^^^^^^^^^^^^^^^^^^^^^^^^^^^^^^^^^^^^^
32 |  @layer theme, base, components, utilities;
33 |  @layer theme {[39m
[33m[vite:css][postcss] @import must precede all other statements (besides @charset or empty @layer)
29 |    src: url(../../../node_modules/.pnpm/@fontsource+geist-sans@5.2.5/node_modules/@fontsource/geist-sans/files/geist-s...
30 |  }
31 |  @import url("https://api.fontshare.com/v2/css?f[]=general-sans@400,500,600,700&display=swap");
   |  ^^^^^^^^^^^^^^^^^^^^^^^^^^^^^^^^^^^^^^^^^^^^^^^^^^^^^^^^^^^^^^^^^^^^^^^^^^^^^^^^^^^^^^^^^^^^^^
32 |  @layer theme, base, components, utilities;
33 |  @layer theme {[39m
